사고번호,사고일시,요일,시군구,사고내용,사망자수,중상자수,경상자수,부상신고자수,사고유형,법규위반,노면상태,기상상태,도로형태,가해운전자 차종,가해운전자 성별,가해운전자 연령,가해운전자 상해정도,피해운전자 차종,피해운전자 성별,피해운전자 연령,피해운전자 상해정도
2021020800100166,2021년 2월 8일 10시,월요일,광주광역시 남구 서동,경상사고,0,0,1,0,차대사람 - 길가장자리구역통행중,안전운전불이행,건조,맑음,단일로 - 기타,승용,여,49세,상해없음,보행자,여,74세,경상
2021020800100292,2021년 2월 8일 13시,월요일,광주광역시 광산구 우산동,경상사고,0,0,3,0,차대차 - 기타,안전거리미확보,건조,맑음,단일로 - 기타,승용,여,37세,상해없음,승용,남,56세,경상
2021020800100328,2021년 2월 8일 14시,월요일,광주광역시 동구 용산동,중상사고,0,1,1,0,차대차 - 추돌,안전운전불이행,건조,맑음,단일로 - 기타,화물,남,64세,상해없음,화물,남,61세,중상
2021020800100329,2021년 2월 8일 14시,월요일,광주광역시 광산구 동호동,사망사고,1,0,0,0,차량단독 - 기타,안전운전불이행,건조,맑음,단일로 - 기타,이륜,남,80세,사망,,,,
2021020800100366,2021년 2월 8일 15시,월요일,광주광역시 서구 광천동,중상사고,0,1,0,0,차대차 - 측면충돌,교차로운행방법위반,건조,맑음,단일로 - 기타,승용,남,80세,상해없음,화물,남,53세,중상
2021020800100367,2021년 2월 8일 15시,월요일,광주광역시 북구 용봉동,경상사고,0,0,1,0,차대차 - 기타,안전운전불이행,건조,맑음,단일로 - 기타,승용,여,49세,상해없음,승용,남,34세,경상
2021020800100406,2021년 2월 8일 16시,월요일,광주광역시 서구 쌍촌동,경상사고,0,0,1,0,차대차 - 후진중충돌,안전운전불이행,건조,맑음,교차로 - 교차로부근,승용,여,52세,상해없음,승용,여,33세,경상
2021020800100453,2021년 2월 8일 17시,월요일,광주광역시 북구 운암동,경상사고,0,0,1,0,차대차 - 기타,차로위반,건조,맑음,단일로 - 고가도로위,승용,여,53세,상해없음,승용,남,68세,경상
2021020800100499,2021년 2월 8일 18시,월요일,광주광역시 동구 산수동,경상사고,0,0,1,0,차대차 - 추돌,안전운전불이행,건조,맑음,교차로 - 교차로부근,승용,여,67세,상해없음,승용,남,56세,경상
2021020800100500,2021년 2월 8일 18시,월요일,광주광역시 서구 화정동,중상사고,0,1,0,0,차대차 - 측면충돌,신호위반,건조,맑음,교차로 - 교차로안,승용,남,20세,상해없음,이륜,남,33세,중상
2021020800100501,2021년 2월 8일 18시,월요일,광주광역시 북구 문흥동,경상사고,0,0,1,0,차대차 - 측면충돌,안전운전불이행,건조,맑음,단일로 - 기타,화물,남,56세,상해없음,승용,여,44세,경상
2021020800100502,2021년 2월 8일 18시,월요일,광주광역시 북구 운암동,중상사고,0,1,0,0,차대차 - 측면충돌,기타,건조,맑음,단일로 - 기타,승용,남,64세,상해없음,승용,여,32세,중상
2021020800100541,2021년 2월 8일 19시,월요일,광주광역시 서구 광천동,경상사고,0,0,5,0,차대차 - 측면충돌,안전거리미확보,건조,맑음,교차로 - 교차로안,승용,여,65세,경상,승용,남,21세,경상
2021020800100542,2021년 2월 8일 19시,월요일,광주광역시 남구 봉선동,경상사고,0,0,1,0,차대사람 - 횡단중,안전운전불이행,건조,맑음,단일로 - 기타,화물,남,35세,상해없음,보행자,여,24세,경상
2021020800100581,2021년 2월 8일 20시,월요일,광주광역시 광산구 신가동,경상사고,0,0,1,0,차대차 - 기타,신호위반,건조,맑음,단일로 - 기타,승용,남,42세,경상,승용,남,45세,상해없음
2021020800100644,2021년 2월 8일 22시,월요일,광주광역시 동구 광산동,경상사고,0,0,1,0,차대차 - 측면충돌,안전거리미확보,건조,맑음,단일로 - 기타,승용,남,73세,상해없음,이륜,남,25세,경상
2021020800100657,2021년 2월 8일 23시,월요일,광주광역시 북구 양산동,경상사고,0,0,1,0,차대차 - 추돌,안전거리미확보,건조,맑음,교차로 - 교차로안,승용,남,64세,상해없음,이륜,남,35세,경상
2021020900100023,2021년 2월 9일 05시,화요일,광주광역시 서구 풍암동,중상사고,0,1,1,0,차대차 - 측면충돌,신호위반,기타,맑음,교차로 - 교차로부근,승용,남,50세,상해없음,승용,남,46세,경상
2021020900100024,2021년 2월 9일 05시,화요일,광주광역시 서구 광천동,경상사고,0,0,3,0,차대차 - 측면충돌,중앙선침범,건조,맑음,단일로 - 기타,화물,남,76세,경상,승용,남,65세,경상
2021020900100092,2021년 2월 9일 08시,화요일,광주광역시 북구 북동,경상사고,0,0,1,0,차대차 - 기타,안전운전불이행,건조,맑음,단일로 - 기타,화물,남,53세,상해없음,이륜,남,59세,경상
2021020900100122,2021년 2월 9일 09시,화요일,광주광역시 광산구 용동,경상사고,0,0,2,1,차대차 - 측면충돌,교차로운행방법위반,건조,맑음,교차로 - 교차로안,승용,여,57세,부상신고,화물,남,50세,경상
2021020900100172,2021년 2월 9일 10시,화요일,광주광역시 광산구 월곡동,중상사고,0,1,0,0,차대차 - 측면충돌,안전운전불이행,건조,맑음,교차로 - 교차로안,화물,남,64세,상해없음,원동기,남,47세,중상
2021020900100206,2021년 2월 9일 11시,화요일,광주광역시 광산구 월곡동,경상사고,0,0,2,0,차대차 - 정면충돌,교차로운행방법위반,건조,맑음,교차로 - 교차로안,승용,여,37세,경상,승용,남,59세,경상
2021020900100286,2021년 2월 9일 13시,화요일,광주광역시 서구 치평동,중상사고,0,1,0,0,차대차 - 측면충돌,안전거리미확보,건조,맑음,단일로 - 기타,승용,남,62세,상해없음,이륜,남,56세,중상
2021020900100335,2021년 2월 9일 14시,화요일,광주광역시 북구 중흥동,경상사고,0,0,1,0,차대차 - 측면충돌,안전운전불이행,건조,맑음,단일로 - 기타,자전거,남,82세,경상,승용,남,42세,상해없음
2021020900100336,2021년 2월 9일 14시,화요일,광주광역시 광산구 월곡동,중상사고,0,1,0,1,차대차 - 측면충돌,안전운전불이행,건조,맑음,단일로 - 기타,승용,여,34세,부상신고,이륜,남,52세,중상
2021020900100370,2021년 2월 9일 15시,화요일,광주광역시 북구 장등동,경상사고,0,0,1,0,차대차 - 추돌,안전거리미확보,건조,맑음,기타 - 기타,화물,남,42세,상해없음,승용,남,55세,경상
2021020900100384,2021년 2월 9일 15시,화요일,광주광역시 광산구 신창동,경상사고,0,0,1,0,차대차 - 측면충돌,안전운전불이행,건조,맑음,교차로 - 교차로안,승용,여,24세,기타불명,승용,여,31세,경상
2021020900100474,2021년 2월 9일 17시,화요일,광주광역시 북구 임동,중상사고,0,1,1,0,차대차 - 측면충돌,신호위반,건조,맑음,교차로 - 교차로안,승용,남,22세,상해없음,승용,남,43세,중상
2021020900100525,2021년 2월 9일 18시,화요일,광주광역시 동구 소태동,경상사고,0,0,1,0,차대차 - 측면충돌,교차로운행방법위반,건조,맑음,교차로 - 교차로안,승용,여,54세,상해없음,자전거,남,11세,경상
2021020900100526,2021년 2월 9일 18시,화요일,광주광역시 동구 대인동,경상사고,0,0,1,0,차대차 - 측면충돌,안전거리미확보,건조,맑음,단일로 - 기타,화물,남,74세,상해없음,승합,남,49세,상해없음
2021020900100527,2021년 2월 9일 18시,화요일,광주광역시 북구 신안동,경상사고,0,0,1,0,차대차 - 후진중충돌,안전운전불이행,건조,맑음,단일로 - 기타,승용,남,80세,기타불명,승용,남,30세,경상
2021020900100580,2021년 2월 9일 19시,화요일,광주광역시 동구 선교동,경상사고,0,0,1,0,차대차 - 측면충돌,신호위반,건조,맑음,단일로 - 교량,승용,남,83세,상해없음,승용,남,47세,경상
2021020900100635,2021년 2월 9일 20시,화요일,광주광역시 광산구 수완동,경상사고,0,0,2,0,차대차 - 측면충돌,신호위반,건조,맑음,교차로 - 교차로안,승용,여,51세,경상,이륜,남,24세,경상
2021020900100722,2021년 2월 9일 22시,화요일,광주광역시 광산구 신가동,경상사고,0,0,1,0,차대차 - 기타,안전운전불이행,건조,맑음,교차로 - 교차로부근,화물,남,47세,상해없음,이륜,남,26세,경상
2021021000100016,2021년 2월 10일 00시,수요일,광주광역시 광산구 산정동,경상사고,0,0,4,0,차대차 - 측면충돌,안전운전불이행,건조,맑음,단일로 - 기타,승용,남,35세,상해없음,승용,남,25세,경상
2021021000100131,2021년 2월 10일 09시,수요일,광주광역시 북구 오치동,경상사고,0,0,1,0,차대차 - 측면충돌,안전운전불이행,건조,맑음,단일로 - 기타,화물,남,30세,상해없음,승용,남,24세,경상
2021021000100165,2021년 2월 10일 10시,수요일,광주광역시 북구 매곡동,경상사고,0,0,1,0,차대사람 - 기타,안전운전불이행,건조,맑음,기타 - 기타,승용,남,56세,상해없음,보행자,남,55세,경상
2021021000100166,2021년 2월 10일 10시,수요일,광주광역시 광산구 산월동,경상사고,0,0,1,0,차대차 - 측면충돌,안전거리미확보,건조,맑음,단일로 - 기타,화물,남,38세,상해없음,승용,여,33세,경상
2021021000100210,2021년 2월 10일 11시,수요일,광주광역시 광산구 진곡동,중상사고,0,1,1,0,차대차 - 측면충돌,신호위반,건조,맑음,교차로 - 교차로안,승용,남,64세,경상,화물,남,40세,중상
2021021000100269,2021년 2월 10일 13시,수요일,광주광역시 북구 장등동,중상사고,0,1,0,0,차대차 - 측면충돌,안전운전불이행,건조,맑음,기타 - 기타,화물,남,40세,상해없음,승용,여,27세,중상
2021021000100279,2021년 2월 10일 13시,수요일,광주광역시 남구 노대동,경상사고,0,0,1,0,차대사람 - 기타,신호위반,건조,맑음,교차로 - 교차로횡단보도내,승용,여,38세,상해없음,보행자,여,19세,경상
2021021000100369,2021년 2월 10일 15시,수요일,광주광역시 북구 신용동,중상사고,0,1,1,0,차대차 - 추돌,안전거리미확보,건조,맑음,단일로 - 기타,승용,남,27세,중상,화물,남,52세,상해없음
2021021000100415,2021년 2월 10일 16시,수요일,광주광역시 남구 주월동,경상사고,0,0,1,0,차대사람 - 차도통행중,안전운전불이행,건조,맑음,단일로 - 기타,승용,여,52세,기타불명,보행자,여,63세,경상
2021021000100464,2021년 2월 10일 17시,수요일,광주광역시 북구 신안동,경상사고,0,0,1,0,차대차 - 측면충돌,안전운전불이행,건조,맑음,단일로 - 기타,승용,남,59세,상해없음,승용,여,41세,경상
2021021000100465,2021년 2월 10일 17시,수요일,광주광역시 광산구 신가동,경상사고,0,0,2,0,차대차 - 측면충돌,안전운전불이행,건조,맑음,교차로 - 교차로안,이륜,남,34세,경상,승용,남,29세,경상
2021021000100466,2021년 2월 10일 17시,수요일,광주광역시 광산구 우산동,경상사고,0,0,1,0,차대차 - 추돌,안전운전불이행,건조,맑음,단일로 - 기타,승용,남,31세,상해없음,승용,남,28세,경상
2021021000100524,2021년 2월 10일 18시,수요일,광주광역시 서구 매월동,경상사고,0,0,1,0,차대차 - 측면충돌,안전운전불이행,건조,맑음,기타 - 기타,승용,남,44세,기타불명,승용,남,39세,경상
2021021000100525,2021년 2월 10일 18시,수요일,광주광역시 남구 송하동,경상사고,0,0,2,0,차대차 - 추돌,안전거리미확보,건조,맑음,단일로 - 기타,승용,남,71세,상해없음,승용,남,31세,경상
2021021000100598,2021년 2월 10일 19시,수요일,광주광역시 북구 연제동,경상사고,0,0,1,0,차대차 - 기타,안전운전불이행,건조,맑음,단일로 - 기타,승용,남,28세,상해없음,승용,여,57세,경상
2021021000100599,2021년 2월 10일 19시,수요일,광주광역시 광산구 하남동,중상사고,0,1,0,0,차대차 - 측면충돌,안전운전불이행,건조,맑음,단일로 - 기타,원동기,남,26세,중상,특수,남,55세,기타불명
2021021000100600,2021년 2월 10일 19시,수요일,광주광역시 광산구 월계동,경상사고,0,0,1,0,차대차 - 추돌,안전운전불이행,건조,맑음,단일로 - 고가도로위,이륜,남,25세,기타불명,승용,남,52세,경상
2021021000100601,2021년 2월 10일 19시,수요일,광주광역시 광산구 월계동,중상사고,0,1,0,0,차대사람 - 횡단중,안전운전불이행,건조,맑음,단일로 - 기타,이륜,남,23세,상해없음,보행자,남,72세,중상
2021021000100653,2021년 2월 10일 20시,수요일,광주광역시 광산구 수완동,경상사고,0,0,1,0,차대차 - 측면충돌,안전운전불이행,건조,맑음,단일로 - 기타,승용,여,25세,상해없음,이륜,남,31세,경상
2021021000100704,2021년 2월 10일 21시,수요일,광주광역시 북구 일곡동,경상사고,0,0,3,1,차대차 - 추돌,안전운전불이행,건조,맑음,단일로 - 기타,승용,남,46세,상해없음,승용,남,32세,경상
2021021000100755,2021년 2월 10일 23시,수요일,광주광역시 동구 소태동,경상사고,0,0,1,0,차대차 - 측면충돌,교차로운행방법위반,건조,맑음,교차로 - 교차로안,승용,남,26세,경상,승용,남,33세,상해없음
2021021000100756,2021년 2월 10일 23시,수요일,광주광역시 북구 두암동,경상사고,0,0,1,0,차대차 - 기타,안전운전불이행,건조,맑음,교차로 - 교차로안,승용,남,33세,상해없음,승용,남,37세,경상
2021021000100757,2021년 2월 10일 23시,수요일,광주광역시 북구 신용동,경상사고,0,0,1,0,차대사람 - 횡단중,신호위반,건조,맑음,교차로 - 교차로횡단보도내,승용,남,49세,상해없음,보행자,남,42세,경상
2021021000100758,2021년 2월 10일 23시,수요일,광주광역시 북구 용봉동,경상사고,0,0,1,0,차대사람 - 기타,안전운전불이행,건조,맑음,교차로 - 교차로부근,승용,남,64세,상해없음,보행자,여,64세,경상
2021021000100759,2021년 2월 10일 23시,수요일,광주광역시 광산구 산정동,중상사고,0,1,1,0,차대차 - 측면충돌,신호위반,건조,맑음,교차로 - 교차로안,승용,여,32세,상해없음,승용,여,50세,중상
2021021000100760,2021년 2월 10일 23시,수요일,광주광역시 광산구 산월동,경상사고,0,0,1,0,차대사람 - 기타,안전운전불이행,건조,맑음,교차로 - 교차로부근,승용,남,40세,상해없음,보행자,남,57세,경상
2021021100100009,2021년 2월 11일 00시,목요일,광주광역시 서구 화정동,경상사고,0,0,1,0,차대차 - 측면충돌,안전운전불이행,건조,맑음,교차로 - 교차로부근,승용,기타불명,미분류,기타불명,이륜,남,33세,경상
2021021100100072,2021년 2월 11일 09시,목요일,광주광역시 동구 광산동,경상사고,0,0,1,0,차대사람 - 기타,안전운전불이행,건조,맑음,기타 - 기타,승용,남,30세,상해없음,보행자,남,19세,경상
2021021100100082,2021년 2월 11일 10시,목요일,광주광역시 북구 각화동,중상사고,0,1,0,0,차대차 - 측면충돌,안전운전불이행,건조,맑음,교차로 - 교차로안,이륜,남,64세,중상,승용,여,44세,상해없음
2021021100100083,2021년 2월 11일 10시,목요일,광주광역시 광산구 우산동,경상사고,0,0,1,0,차대차 - 측면충돌,교차로운행방법위반,건조,맑음,교차로 - 교차로부근,승용,남,27세,기타불명,승용,여,51세,경상
2021021100100099,2021년 2월 11일 11시,목요일,광주광역시 북구 동림동,경상사고,0,0,1,0,차대차 - 측면충돌,차로위반,건조,맑음,단일로 - 기타,승용,남,79세,상해없음,승합,남,64세,경상
2021021100100100,2021년 2월 11일 11시,목요일,광주광역시 북구 임동,경상사고,0,0,1,0,차대차 - 추돌,안전운전불이행,건조,맑음,교차로 - 교차로안,승용,남,70세,상해없음,화물,남,46세,경상
2021021100100101,2021년 2월 11일 11시,목요일,광주광역시 광산구 우산동,경상사고,0,0,2,0,차대차 - 측면충돌,안전운전불이행,건조,맑음,단일로 - 기타,승용,남,41세,상해없음,승용,여,37세,경상
2021021100100191,2021년 2월 11일 15시,목요일,광주광역시 서구 유촌동,경상사고,0,0,3,0,차대차 - 측면충돌,안전운전불이행,건조,맑음,교차로 - 교차로안,승용,남,28세,경상,승용,남,51세,경상
2021021100100213,2021년 2월 11일 16시,목요일,광주광역시 남구 방림동,경상사고,0,0,2,0,차대차 - 측면충돌,신호위반,건조,맑음,교차로 - 교차로안,승용,여,42세,상해없음,승합,남,46세,경상
2021021100100308,2021년 2월 11일 20시,목요일,광주광역시 동구 금동,부상신고사고,0,0,0,2,차대차 - 측면충돌,안전거리미확보,건조,맑음,단일로 - 기타,승용,여,65세,상해없음,승용,남,39세,부상신고
2021021100100341,2021년 2월 11일 21시,목요일,광주광역시 서구 치평동,사망사고,1,0,0,0,차대차 - 측면충돌,신호위반,건조,맑음,교차로 - 교차로안,승용,여,56세,상해없음,이륜,남,26세,사망
2021021200100107,2021년 2월 12일 13시,금요일,광주광역시 동구 학동,부상신고사고,0,0,0,1,차대사람 - 기타,안전운전불이행,건조,맑음,기타 - 기타,승합,남,56세,상해없음,보행자,남,55세,부상신고
2021021200100183,2021년 2월 12일 17시,금요일,광주광역시 서구 쌍촌동,경상사고,0,0,2,0,차대차 - 측면충돌,직진우회전진행방해,건조,맑음,교차로 - 교차로안,승용,남,63세,경상,승용,여,46세,경상
2021021200100236,2021년 2월 12일 20시,금요일,광주광역시 동구 광산동,경상사고,0,0,1,0,차대사람 - 기타,안전운전불이행,건조,맑음,단일로 - 기타,승용,남,24세,상해없음,보행자,여,19세,경상
2021021200100260,2021년 2월 12일 21시,금요일,광주광역시 광산구 신가동,경상사고,0,0,2,0,차대차 - 측면충돌,안전운전불이행,건조,맑음,단일로 - 기타,승용,여,38세,경상,승용,남,24세,경상
2021021200100289,2021년 2월 12일 22시,금요일,광주광역시 남구 송하동,경상사고,0,0,1,0,차대차 - 기타,안전거리미확보,건조,맑음,단일로 - 기타,승용,남,36세,상해없음,이륜,남,20세,상해없음
2021021200100300,2021년 2월 12일 23시,금요일,광주광역시 북구 양산동,경상사고,0,0,1,0,차대차 - 측면충돌,차로위반,건조,맑음,교차로 - 교차로부근,승용,남,71세,상해없음,이륜,남,41세,경상
2021021300100124,2021년 2월 13일 13시,토요일,광주광역시 광산구 하남동,경상사고,0,0,2,0,차대차 - 측면충돌,안전운전불이행,건조,맑음,교차로 - 교차로부근,승용,여,57세,경상,승용,남,39세,경상
2021021300100177,2021년 2월 13일 15시,토요일,광주광역시 서구 광천동,경상사고,0,0,1,0,차대차 - 측면충돌,안전운전불이행,건조,맑음,교차로 - 교차로부근,승합,남,50세,상해없음,승용,남,27세,경상
2021021300100178,2021년 2월 13일 15시,토요일,광주광역시 남구 백운동,경상사고,0,0,1,0,차대차 - 측면충돌,교차로운행방법위반,건조,맑음,교차로 - 교차로안,승용,남,44세,상해없음,승용,남,26세,경상
2021021300100202,2021년 2월 13일 16시,토요일,광주광역시 동구 계림동,경상사고,0,0,4,0,차대차 - 측면충돌,신호위반,건조,맑음,교차로 - 교차로안,승용,여,53세,경상,승용,남,69세,경상
2021021300100203,2021년 2월 13일 16시,토요일,광주광역시 서구 금호동,경상사고,0,0,5,0,차대차 - 측면충돌,안전운전불이행,건조,맑음,교차로 - 교차로안,승용,여,56세,경상,승용,남,39세,경상
2021021300100231,2021년 2월 13일 17시,토요일,광주광역시 서구 금호동,경상사고,0,0,1,0,차대차 - 측면충돌,신호위반,건조,맑음,교차로 - 교차로횡단보도내,화물,남,60세,상해없음,자전거,여,54세,경상
2021021300100232,2021년 2월 13일 17시,토요일,광주광역시 서구 광천동,경상사고,0,0,2,0,차대차 - 추돌,안전거리미확보,건조,맑음,교차로 - 교차로횡단보도내,승용,여,29세,상해없음,승용,남,27세,경상
2021021300100233,2021년 2월 13일 17시,토요일,광주광역시 남구 송하동,경상사고,0,0,1,0,차대차 - 측면충돌,안전운전불이행,건조,맑음,단일로 - 기타,화물,남,73세,상해없음,승용,남,25세,경상
2021021300100291,2021년 2월 13일 19시,토요일,광주광역시 서구 풍암동,경상사고,0,0,1,0,차대차 - 측면충돌,신호위반,건조,맑음,교차로 - 교차로안,승용,남,67세,상해없음,승용,남,48세,경상
2021021300100292,2021년 2월 13일 19시,토요일,광주광역시 서구 광천동,경상사고,0,0,1,0,차대차 - 추돌,안전운전불이행,건조,맑음,단일로 - 기타,승용,남,26세,상해없음,승용,남,27세,경상
2021021300100323,2021년 2월 13일 20시,토요일,광주광역시 서구 쌍촌동,경상사고,0,0,1,0,차대차 - 기타,안전운전불이행,건조,맑음,단일로 - 기타,승용,남,39세,상해없음,승용,여,25세,경상
2021021300100350,2021년 2월 13일 21시,토요일,광주광역시 동구 대인동,경상사고,0,0,3,0,차대차 - 측면충돌,중앙선침범,건조,맑음,교차로 - 교차로부근,승용,남,21세,상해없음,승용,남,32세,경상
2021021300100384,2021년 2월 13일 22시,토요일,광주광역시 북구 신안동,경상사고,0,0,6,0,차대차 - 측면충돌,안전운전불이행,건조,맑음,교차로 - 교차로부근,화물,남,52세,상해없음,승용,남,68세,경상
2021021300100385,2021년 2월 13일 22시,토요일,광주광역시 북구 오치동,경상사고,0,0,1,0,차대차 - 기타,안전운전불이행,건조,맑음,교차로 - 교차로안,이륜,남,28세,상해없음,승용,여,40세,경상
2021021400100058,2021년 2월 14일 11시,일요일,광주광역시 북구 매곡동,경상사고,0,0,1,0,차대차 - 기타,안전운전불이행,건조,맑음,단일로 - 기타,승용,남,19세,상해없음,승용,남,31세,경상
2021021400100132,2021년 2월 14일 15시,일요일,광주광역시 북구 각화동,중상사고,0,1,0,0,차대차 - 측면충돌,안전운전불이행,건조,맑음,단일로 - 기타,승용,여,50세,상해없음,이륜,여,27세,중상
2021021400100272,2021년 2월 14일 20시,일요일,광주광역시 광산구 월곡동,경상사고,0,0,1,0,차대사람 - 횡단중,안전운전불이행,건조,맑음,교차로 - 교차로부근,기타불명,기타불명,미분류,기타불명,보행자,여,44세,경상
2021021400100306,2021년 2월 14일 21시,일요일,광주광역시 서구 쌍촌동,경상사고,0,0,1,0,차대차 - 기타,중앙선침범,건조,맑음,단일로 - 기타,이륜,남,41세,상해없음,이륜,남,45세,경상
2021021400100325,2021년 2월 14일 22시,일요일,광주광역시 북구 신안동,부상신고사고,0,0,0,1,차대사람 - 기타,기타,건조,맑음,단일로 - 기타,승용,남,26세,상해없음,보행자,남,43세,부상신고
2021021400100326,2021년 2월 14일 22시,일요일,광주광역시 북구 동림동,경상사고,0,0,1,0,차량단독 - 전도전복 - 전복,안전운전불이행,젖음/습기,비,단일로 - 기타,승용,남,36세,상해없음,,,,
2021021400100327,2021년 2월 14일 22시,일요일,광주광역시 광산구 장수동,사망사고,1,1,0,0,차량단독 - 기타,안전운전불이행,건조,맑음,교차로 - 교차로안,승용,남,47세,중상,,,,
2021021400100343,2021년 2월 14일 23시,일요일,광주광역시 서구 쌍촌동,경상사고,0,0,2,0,차대차 - 기타,안전운전불이행,건조,맑음,단일로 - 기타,승용,남,31세,상해없음,승용,남,68세,경상
2021021400100344,2021년 2월 14일 23시,일요일,광주광역시 남구 백운동,중상사고,0,1,0,0,차대사람 - 차도통행중,안전운전불이행,건조,맑음,단일로 - 기타,이륜,남,39세,상해없음,보행자,남,42세,중상
2021021400100345,2021년 2월 14일 23시,일요일,광주광역시 광산구 수완동,경상사고,0,0,4,0,차대차 - 측면충돌,교차로운행방법위반,건조,맑음,교차로 - 교차로안,승용,남,18세,경상,승용,남,61세,경상
2021021500100031,2021년 2월 15일 06시,월요일,광주광역시 동구 계림동,경상사고,0,0,1,0,차대차 - 추돌,안전운전불이행,건조,맑음,단일로 - 기타,승용,남,51세,상해없음,승용,남,55세,경상
2021021500100042,2021년 2월 15일 07시,월요일,광주광역시 광산구 신창동,중상사고,0,1,2,0,차대차 - 측면충돌,교차로운행방법위반,건조,맑음,교차로 - 교차로안,화물,남,82세,상해없음,승용,남,58세,경상
2021021500100043,2021년 2월 15일 07시,월요일,광주광역시 광산구 안청동,경상사고,0,0,1,0,차대차 - 정면충돌,신호위반,건조,맑음,교차로 - 교차로안,승용,여,56세,상해없음,승용,여,57세,경상
2021021500100065,2021년 2월 15일 08시,월요일,광주광역시 서구 벽진동,경상사고,0,0,1,0,차대차 - 측면충돌,신호위반,건조,맑음,교차로 - 교차로안,건설기계,남,62세,상해없음,승용,남,66세,경상
2021021500100083,2021년 2월 15일 09시,월요일,광주광역시 북구 동림동,중상사고,0,1,0,0,차량단독 - 기타,안전운전불이행,건조,맑음,단일로 - 기타,승합,남,55세,상해없음,,,,
2021021500100108,2021년 2월 15일 10시,월요일,광주광역시 서구 치평동,중상사고,0,1,0,0,차대사람 - 횡단중,교차로운행방법위반,건조,맑음,교차로 - 교차로안,승용,남,70세,상해없음,보행자,여,76세,중상
2021021500100131,2021년 2월 15일 11시,월요일,광주광역시 북구 두암동,경상사고,0,0,1,0,차대사람 - 기타,안전운전불이행,건조,흐림,단일로 - 기타,승용,남,38세,상해없음,보행자,여,74세,경상
2021021500100132,2021년 2월 15일 11시,월요일,광주광역시 광산구 산정동,중상사고,0,1,0,0,차대차 - 측면충돌,교차로운행방법위반,건조,맑음,교차로 - 교차로안,화물,남,62세,상해없음,승용,여,58세,중상
2021021500100133,2021년 2월 15일 11시,월요일,광주광역시 광산구 신가동,경상사고,0,0,1,0,차대차 - 측면충돌,차로위반,건조,맑음,단일로 - 기타,승용,남,51세,상해없음,승용,여,34세,경상
2021021500100134,2021년 2월 15일 11시,월요일,광주광역시 광산구 산정동,중상사고,0,1,1,0,차대차 - 측면충돌,안전운전불이행,건조,맑음,교차로 - 교차로안,화물,남,69세,중상,이륜,남,56세,경상
2021021500100156,2021년 2월 15일 12시,월요일,광주광역시 북구 유동,경상사고,0,0,1,0,차대차 - 측면충돌,신호위반,건조,맑음,단일로 - 기타,승용,여,26세,상해없음,자전거,남,30세,경상
2021021500100188,2021년 2월 15일 13시,월요일,광주광역시 서구 쌍촌동,경상사고,0,0,1,0,차대차 - 측면충돌,안전운전불이행,건조,맑음,교차로 - 교차로안,승용,남,53세,상해없음,이륜,남,44세,경상
2021021500100217,2021년 2월 15일 14시,월요일,광주광역시 북구 용봉동,경상사고,0,0,2,0,차대차 - 측면충돌,안전거리미확보,건조,맑음,단일로 - 기타,화물,남,54세,경상,승용,남,79세,경상
2021021500100255,2021년 2월 15일 15시,월요일,광주광역시 남구 월산동,경상사고,0,0,1,0,차대차 - 측면충돌,교차로운행방법위반,건조,맑음,교차로 - 교차로안,승용,남,37세,상해없음,승용,남,81세,경상
2021021500100256,2021년 2월 15일 15시,월요일,광주광역시 북구 유동,경상사고,0,0,3,0,차대차 - 측면충돌,안전운전불이행,건조,맑음,교차로 - 교차로안,승용,여,25세,경상,승용,남,41세,경상
2021021500100325,2021년 2월 15일 17시,월요일,광주광역시 북구 두암동,부상신고사고,0,0,0,1,차대차 - 기타,기타,건조,맑음,단일로 - 기타,승용,남,52세,상해없음,이륜,남,39세,부상신고
2021021500100326,2021년 2월 15일 17시,월요일,광주광역시 광산구 우산동,경상사고,0,0,1,0,차대사람 - 차도통행중,불법유턴,건조,맑음,주차장 - 주차장,화물,남,47세,상해없음,보행자,여,37세,경상
2021021500100327,2021년 2월 15일 17시,월요일,광주광역시 광산구 우산동,경상사고,0,0,3,0,차대차 - 측면충돌,안전거리미확보,건조,맑음,단일로 - 교량,승용,여,21세,경상,특수,남,47세,경상
2021021500100360,2021년 2월 15일 18시,월요일,광주광역시 북구 양산동,경상사고,0,0,1,0,차대차 - 기타,신호위반,건조,맑음,단일로 - 기타,이륜,남,16세,경상,승용,여,41세,상해없음
2021021500100361,2021년 2월 15일 18시,월요일,광주광역시 북구 신안동,경상사고,0,0,1,0,차대차 - 기타,안전운전불이행,건조,맑음,단일로 - 기타,승용,남,27세,상해없음,화물,남,44세,경상
2021021500100405,2021년 2월 15일 19시,월요일,광주광역시 서구 농성동,경상사고,0,0,5,0,차대차 - 측면충돌,안전운전불이행,건조,맑음,기타 - 기타,승용,남,51세,상해없음,승용,여,47세,경상
2021021500100406,2021년 2월 15일 19시,월요일,광주광역시 북구 삼각동,경상사고,0,0,1,0,차대차 - 기타,안전거리미확보,건조,맑음,단일로 - 기타,승용,여,40세,상해없음,승용,여,59세,경상
2021021500100422,2021년 2월 15일 20시,월요일,광주광역시 서구 화정동,경상사고,0,0,3,0,차대차 - 측면충돌,안전거리미확보,건조,맑음,단일로 - 기타,승용,남,35세,경상,승용,남,19세,경상