사고번호,사고일시,요일,시군구,사고내용,사망자수,중상자수,경상자수,부상신고자수,사고유형,법규위반,노면상태,기상상태,도로형태,가해운전자 차종,가해운전자 성별,가해운전자 연령,가해운전자 상해정도,피해운전자 차종,피해운전자 성별,피해운전자 연령,피해운전자 상해정도
2021021500100481,2021년 2월 15일 23시,월요일,광주광역시 광산구 동림동,경상사고,0,0,1,0,차량단독 - 도로외이탈 - 기타,안전운전불이행,건조,맑음,단일로 - 기타,화물,남,45세,경상,,,,
2021021600100012,2021년 2월 16일 01시,화요일,광주광역시 광산구 하남동,부상신고사고,0,0,0,1,차대사람 - 기타,안전운전불이행,건조,맑음,기타 - 기타,승용,남,65세,기타불명,보행자,남,31세,부상신고
2021021600100039,2021년 2월 16일 06시,화요일,광주광역시 북구 중흥동,경상사고,0,0,1,0,차대차 - 측면충돌,안전운전불이행,건조,맑음,단일로 - 기타,승합,남,57세,상해없음,자전거,남,52세,경상
2021021600100104,2021년 2월 16일 09시,화요일,광주광역시 서구 금호동,경상사고,0,0,1,0,차대차 - 측면충돌,직진우회전진행방해,건조,맑음,교차로 - 교차로안,승용,남,67세,상해없음,승용,여,61세,경상
2021021600100152,2021년 2월 16일 11시,화요일,광주광역시 광산구 안청동,경상사고,0,0,2,0,차대차 - 측면충돌,불법유턴,건조,맑음,교차로 - 교차로안,승용,남,50세,상해없음,화물,남,26세,경상
2021021600100171,2021년 2월 16일 12시,화요일,광주광역시 서구 화정동,경상사고,0,0,2,0,차대차 - 기타,신호위반,건조,맑음,단일로 - 기타,자전거,남,49세,경상,승용,남,22세,경상
2021021600100341,2021년 2월 16일 16시,화요일,광주광역시 동구 산수동,중상사고,0,1,0,0,차대사람 - 기타,안전운전불이행,건조,맑음,단일로 - 기타,승용,남,53세,상해없음,보행자,여,53세,중상
2021021600100342,2021년 2월 16일 16시,화요일,광주광역시 서구 농성동,경상사고,0,0,1,0,차대사람 - 기타,안전운전불이행,건조,맑음,단일로 - 기타,승용,여,36세,상해없음,보행자,여,47세,경상
2021021600100343,2021년 2월 16일 16시,화요일,광주광역시 서구 쌍촌동,경상사고,0,0,1,0,차대차 - 추돌,안전운전불이행,건조,맑음,교차로 - 교차로부근,승용,남,59세,상해없음,승용,남,52세,상해없음
2021021600100344,2021년 2월 16일 16시,화요일,광주광역시 북구 용봉동,경상사고,0,0,1,0,차대차 - 기타,안전운전불이행,건조,맑음,교차로 - 교차로부근,승용,남,30세,상해없음,승용,남,51세,경상
2021021600100379,2021년 2월 16일 17시,화요일,광주광역시 북구 동림동,경상사고,0,0,1,0,차대차 - 추돌,안전운전불이행,젖음/습기,흐림,단일로 - 기타,화물,남,46세,상해없음,승용,여,50세,경상
2021021600100416,2021년 2월 16일 18시,화요일,광주광역시 서구 벽진동,부상신고사고,0,0,0,1,차대차 - 측면충돌,신호위반,건조,맑음,교차로 - 교차로안,승용,여,24세,부상신고,승용,여,42세,상해없음
2021021600100417,2021년 2월 16일 18시,화요일,광주광역시 남구 백운동,경상사고,0,0,1,0,차대사람 - 차도통행중,보행자보호의무위반,건조,맑음,교차로 - 교차로안,승용,남,70세,상해없음,보행자,여,30세,경상
2021021600100450,2021년 2월 16일 19시,화요일,광주광역시 광산구 월계동,경상사고,0,0,4,0,차량단독 - 공작물충돌,안전운전불이행,젖음/습기,맑음,교차로 - 교차로부근,승용,남,73세,기타불명,,,,
2021021600100517,2021년 2월 16일 22시,화요일,광주광역시 서구 금호동,경상사고,0,0,1,0,차대차 - 기타,안전운전불이행,건조,맑음,교차로 - 교차로안,승용,남,52세,상해없음,승용,남,48세,경상
2021021600100519,2021년 2월 16일 22시,화요일,광주광역시 광산구 운남동,경상사고,0,0,1,0,차량단독 - 기타,안전운전불이행,서리/결빙,눈,단일로 - 기타,승용,남,37세,경상,,,,
2021021600100533,2021년 2월 16일 23시,화요일,광주광역시 북구 임동,중상사고,0,1,0,0,차대차 - 추돌,안전거리미확보,건조,맑음,단일로 - 기타,승용,남,48세,상해없음,승용,남,40세,중상
2021021600100534,2021년 2월 16일 23시,화요일,광주광역시 광산구 신창동,경상사고,0,0,2,0,차대차 - 추돌,안전운전불이행,젖음/습기,눈,단일로 - 기타,승용,남,45세,기타불명,승용,남,53세,경상
2021021700100012,2021년 2월 17일 00시,수요일,광주광역시 북구 용봉동,중상사고,0,1,0,1,차대차 - 측면충돌,신호위반,적설,눈,교차로 - 교차로안,승용,남,27세,부상신고,승용,남,42세,중상
2021021700100027,2021년 2월 17일 04시,수요일,광주광역시 서구 화정동,경상사고,0,0,1,0,차대차 - 추돌,안전운전불이행,서리/결빙,눈,단일로 - 기타,승용,남,57세,상해없음,승용,남,76세,경상
2021021700100055,2021년 2월 17일 07시,수요일,광주광역시 남구 봉선동,경상사고,0,0,1,0,차대사람 - 횡단중,보행자보호의무위반,적설,눈,교차로 - 교차로횡단보도내,승용,남,53세,상해없음,보행자,여,65세,경상
2021021700100056,2021년 2월 17일 07시,수요일,광주광역시 광산구 우산동,부상신고사고,0,0,0,1,차대차 - 기타,신호위반,서리/결빙,눈,교차로 - 교차로안,승용,여,55세,부상신고,승합,남,49세,상해없음
2021021700100057,2021년 2월 17일 07시,수요일,광주광역시 광산구 우산동,경상사고,0,0,1,0,차대사람 - 횡단중,신호위반,서리/결빙,눈,단일로 - 기타,승용,남,25세,상해없음,보행자,여,52세,경상
2021021700100058,2021년 2월 17일 07시,수요일,광주광역시 광산구 우산동,경상사고,0,0,1,0,차대차 - 추돌,안전거리미확보,적설,눈,단일로 - 기타,승용,여,25세,상해없음,승용,여,51세,경상
2021021700100095,2021년 2월 17일 08시,수요일,광주광역시 광산구 소촌동,경상사고,0,0,2,1,차대차 - 정면충돌,안전운전불이행,서리/결빙,눈,단일로 - 기타,승용,여,32세,부상신고,승용,여,30세,경상
2021021700100096,2021년 2월 17일 08시,수요일,광주광역시 광산구 신가동,경상사고,0,0,2,0,차대차 - 기타,안전거리미확보,적설,눈,교차로 - 교차로부근,화물,남,65세,상해없음,승용,남,35세,경상
2021021700100126,2021년 2월 17일 09시,수요일,광주광역시 북구 연제동,경상사고,0,0,3,1,차대차 - 정면충돌,안전운전불이행,적설,눈,단일로 - 기타,승용,여,28세,부상신고,승용,여,37세,경상
2021021700100158,2021년 2월 17일 10시,수요일,광주광역시 북구 연제동,경상사고,0,0,1,0,차대차 - 기타,안전거리미확보,건조,맑음,교차로 - 교차로안,승용,남,61세,상해없음,승용,여,45세,경상
2021021700100211,2021년 2월 17일 12시,수요일,광주광역시 남구 봉선동,경상사고,0,0,3,0,차대차 - 정면충돌,안전운전불이행,적설,눈,단일로 - 기타,승용,남,63세,상해없음,승용,여,37세,경상
2021021700100212,2021년 2월 17일 12시,수요일,광주광역시 광산구 산정동,경상사고,0,0,1,0,차대차 - 추돌,안전운전불이행,서리/결빙,눈,단일로 - 기타,화물,남,41세,상해없음,승용,남,48세,경상
2021021700100268,2021년 2월 17일 14시,수요일,광주광역시 서구 금호동,중상사고,0,1,1,0,차대차 - 측면충돌,직진우회전진행방해,젖음/습기,눈,교차로 - 교차로안,승용,여,56세,중상,승용,여,54세,경상
2021021700100269,2021년 2월 17일 14시,수요일,광주광역시 북구 신용동,경상사고,0,0,5,0,차대차 - 기타,안전운전불이행,건조,맑음,단일로 - 터널,승합,남,32세,상해없음,화물,남,47세,경상
2021021700100270,2021년 2월 17일 14시,수요일,광주광역시 광산구 장수동,경상사고,0,0,1,0,차량단독 - 공작물충돌,안전운전불이행,해빙,맑음,단일로 - 터널,화물,남,27세,경상,,,,
2021021700100271,2021년 2월 17일 14시,수요일,광주광역시 광산구 장수동,경상사고,0,0,2,0,차대차 - 측면충돌,안전운전불이행,서리/결빙,눈,단일로 - 기타,화물,남,34세,경상,화물,남,56세,경상
2021021700100307,2021년 2월 17일 15시,수요일,광주광역시 북구 신안동,경상사고,0,0,1,0,차대차 - 추돌,안전거리미확보,서리/결빙,눈,교차로 - 교차로안,승용,남,26세,상해없음,승용,남,63세,경상
2021021700100309,2021년 2월 17일 15시,수요일,광주광역시 광산구 하산동,중상사고,0,3,2,0,차대차 - 추돌,기타,서리/결빙,눈,단일로 - 기타,승용,남,42세,경상,승용,남,53세,중상
2021021700100310,2021년 2월 17일 15시,수요일,광주광역시 광산구 운수동,경상사고,0,0,8,0,차대차 - 기타,안전운전불이행,적설,눈,단일로 - 지하차도(도로)내,화물,남,68세,경상,승용,여,44세,경상
2021021700100340,2021년 2월 17일 16시,수요일,광주광역시 광산구 장수동,경상사고,0,0,1,0,차대차 - 측면충돌,안전운전불이행,서리/결빙,눈,단일로 - 기타,화물,남,63세,상해없음,화물,남,51세,상해없음
2021021700100374,2021년 2월 17일 17시,수요일,광주광역시 남구 진월동,경상사고,0,0,1,0,차대차 - 정면충돌,안전운전불이행,기타,눈,주차장 - 주차장,승용,남,59세,상해없음,승용,남,50세,경상
2021021700100375,2021년 2월 17일 17시,수요일,광주광역시 북구 용봉동,경상사고,0,0,1,0,차대사람 - 횡단중,신호위반,건조,맑음,교차로 - 교차로안,승용,남,25세,상해없음,보행자,여,60세,경상
2021021700100376,2021년 2월 17일 17시,수요일,광주광역시 북구 양산동,경상사고,0,0,1,0,차대사람 - 기타,안전운전불이행,건조,맑음,교차로 - 교차로안,승용,여,64세,상해없음,보행자,여,30세,경상
2021021700100377,2021년 2월 17일 17시,수요일,광주광역시 광산구 삼거동,중상사고,0,1,0,0,차대차 - 측면충돌,신호위반,서리/결빙,눈,교차로 - 교차로안,승합,남,62세,상해없음,승용,여,56세,중상
2021021700100378,2021년 2월 17일 17시,수요일,광주광역시 광산구 월계동,중상사고,0,1,0,0,차대사람 - 기타,안전운전불이행,젖음/습기,눈,교차로 - 교차로부근,승용,여,57세,상해없음,보행자,여,25세,중상
2021021700100379,2021년 2월 17일 17시,수요일,광주광역시 광산구 장덕동,경상사고,0,0,1,0,차대사람 - 횡단중,보행자보호의무위반,건조,맑음,교차로 - 교차로안,승합,남,64세,상해없음,보행자,여,27세,경상
2021021700100429,2021년 2월 17일 18시,수요일,광주광역시 서구 쌍촌동,경상사고,0,0,1,0,차대사람 - 기타,안전운전불이행,젖음/습기,맑음,단일로 - 기타,승용,남,19세,상해없음,보행자,여,18세,경상
2021021700100430,2021년 2월 17일 18시,수요일,광주광역시 광산구 삼거동,경상사고,0,0,2,0,차대차 - 측면충돌,안전운전불이행,서리/결빙,눈,단일로 - 기타,승용,여,41세,경상,승용,남,46세,상해없음
2021021700100477,2021년 2월 17일 19시,수요일,광주광역시 북구 용봉동,중상사고,0,1,0,0,차대차 - 기타,안전운전불이행,적설,눈,교차로 - 교차로부근,승용,남,35세,상해없음,자전거,여,38세,중상
2021021700100506,2021년 2월 17일 20시,수요일,광주광역시 북구 운암동,경상사고,0,0,1,0,차대차 - 기타,안전거리미확보,서리/결빙,눈,단일로 - 기타,승용,남,30세,상해없음,승합,남,73세,경상
2021021700100530,2021년 2월 17일 21시,수요일,광주광역시 동구 광산동,경상사고,0,0,3,0,차대차 - 추돌,안전운전불이행,적설,눈,단일로 - 기타,승용,남,59세,경상,승용,여,27세,경상
2021021700100531,2021년 2월 17일 21시,수요일,광주광역시 북구 매곡동,경상사고,0,0,1,0,차대차 - 기타,안전운전불이행,적설,눈,교차로 - 교차로안,승용,남,58세,상해없음,승용,남,23세,경상
2021021700100556,2021년 2월 17일 22시,수요일,광주광역시 북구 매곡동,경상사고,0,0,1,0,차대차 - 추돌,안전운전불이행,서리/결빙,눈,단일로 - 기타,승용,남,50세,상해없음,승용,남,51세,경상
2021021700100557,2021년 2월 17일 22시,수요일,광주광역시 북구 운암동,경상사고,0,0,3,0,차대차 - 추돌,안전운전불이행,서리/결빙,눈,교차로 - 교차로부근,승용,남,62세,상해없음,승용,남,43세,경상
2021021800100011,2021년 2월 18일 00시,목요일,광주광역시 광산구 안청동,경상사고,0,0,1,0,차대차 - 측면충돌,안전운전불이행,서리/결빙,눈,교차로 - 교차로부근,승합,남,52세,상해없음,승용,남,59세,상해없음
2021021800100012,2021년 2월 18일 00시,목요일,광주광역시 광산구 쌍암동,경상사고,0,0,2,0,차량단독 - 공작물충돌,안전운전불이행,적설,눈,교차로 - 교차로부근,승용,남,58세,상해없음,,,,
2021021800100045,2021년 2월 18일 06시,목요일,광주광역시 서구 서창동,부상신고사고,0,0,0,1,차대사람 - 횡단중,안전운전불이행,서리/결빙,눈,단일로 - 기타,승용,남,64세,상해없음,보행자,남,61세,부상신고
2021021800100079,2021년 2월 18일 08시,목요일,광주광역시 서구 쌍촌동,중상사고,0,1,0,0,차대차 - 측면충돌,중앙선침범,적설,눈,단일로 - 기타,승용,남,26세,상해없음,승용,남,70세,중상
2021021800100105,2021년 2월 18일 09시,목요일,광주광역시 북구 연제동,경상사고,0,0,1,0,차대차 - 기타,안전운전불이행,적설,흐림,단일로 - 기타,승용,여,37세,상해없음,승용,여,42세,경상
2021021800100106,2021년 2월 18일 09시,목요일,광주광역시 광산구 소촌동,경상사고,0,0,1,0,차대차 - 측면충돌,교차로운행방법위반,서리/결빙,눈,교차로 - 교차로안,승용,여,29세,상해없음,승용,남,44세,경상
2021021800100225,2021년 2월 18일 13시,목요일,광주광역시 북구 용봉동,경상사고,0,0,1,0,차대차 - 기타,교차로운행방법위반,젖음/습기,눈,교차로 - 교차로안,승용,남,69세,상해없음,화물,남,55세,상해없음
2021021800100258,2021년 2월 18일 14시,목요일,광주광역시 서구 유촌동,경상사고,0,0,1,0,차대차 - 추돌,안전거리미확보,기타,눈,교차로 - 교차로부근,승용,남,65세,상해없음,승용,여,41세,경상
2021021800100259,2021년 2월 18일 14시,목요일,광주광역시 북구 운암동,경상사고,0,0,1,0,차대사람 - 기타,기타,서리/결빙,눈,단일로 - 기타,화물,남,63세,상해없음,보행자,여,66세,경상
2021021800100295,2021년 2월 18일 15시,목요일,광주광역시 남구 주월동,경상사고,0,0,3,0,차대차 - 측면충돌,신호위반,건조,맑음,교차로 - 교차로안,승합,남,52세,상해없음,이륜,남,38세,경상
2021021800100296,2021년 2월 18일 15시,목요일,광주광역시 북구 양산동,중상사고,0,1,0,0,차대사람 - 기타,보행자보호의무위반,젖음/습기,눈,교차로 - 교차로횡단보도내,승용,여,49세,상해없음,보행자,여,90세,중상
2021021800100332,2021년 2월 18일 16시,목요일,광주광역시 서구 동천동,경상사고,0,0,1,0,차대차 - 측면충돌,신호위반,건조,맑음,교차로 - 교차로안,승합,여,62세,상해없음,승용,여,45세,경상
2021021800100374,2021년 2월 18일 17시,목요일,광주광역시 동구 학동,경상사고,0,0,1,0,차대차 - 추돌,안전운전불이행,건조,맑음,교차로 - 교차로부근,승용,여,49세,상해없음,이륜,남,28세,경상
2021021800100375,2021년 2월 18일 17시,목요일,광주광역시 서구 화정동,경상사고,0,0,2,0,차대차 - 측면충돌,신호위반,건조,맑음,교차로 - 교차로안,승용,남,31세,경상,승합,남,60세,상해없음
2021021800100376,2021년 2월 18일 17시,목요일,광주광역시 북구 용봉동,경상사고,0,0,6,0,차대차 - 측면충돌,안전거리미확보,건조,맑음,단일로 - 기타,승용,여,53세,경상,승용,남,26세,경상
2021021800100421,2021년 2월 18일 18시,목요일,광주광역시 광산구 운수동,경상사고,0,0,4,0,차대차 - 기타,안전거리미확보,건조,맑음,단일로 - 기타,승용,여,50세,상해없음,승용,남,67세,경상
2021021800100446,2021년 2월 18일 19시,목요일,광주광역시 서구 매월동,경상사고,0,0,1,0,차대차 - 추돌,안전운전불이행,건조,맑음,교차로 - 교차로부근,화물,남,42세,상해없음,승용,여,41세,경상
2021021800100447,2021년 2월 18일 19시,목요일,광주광역시 남구 봉선동,경상사고,0,0,1,0,차대차 - 측면충돌,교차로운행방법위반,건조,맑음,교차로 - 교차로안,승용,여,25세,상해없음,승용,여,29세,경상
2021021800100448,2021년 2월 18일 19시,목요일,광주광역시 북구 용봉동,경상사고,0,0,1,0,차대차 - 기타,안전운전불이행,건조,맑음,기타 - 기타,승용,남,39세,상해없음,승용,여,26세,경상
2021021800100449,2021년 2월 18일 19시,목요일,광주광역시 북구 동림동,경상사고,0,0,1,0,차대차 - 측면충돌,안전거리미확보,건조,맑음,교차로 - 교차로부근,승용,남,53세,상해없음,승합,남,43세,상해없음
2021021800100532,2021년 2월 18일 22시,목요일,광주광역시 서구 쌍촌동,경상사고,0,0,1,0,차대사람 - 차도통행중,안전운전불이행,건조,맑음,교차로 - 교차로안,승용,남,37세,상해없음,보행자,남,60세,경상
2021021800100554,2021년 2월 18일 23시,목요일,광주광역시 광산구 쌍암동,경상사고,0,0,1,0,차대차 - 기타,안전거리미확보,건조,맑음,단일로 - 기타,승용,남,49세,상해없음,승용,남,46세,경상
2021021900100026,2021년 2월 19일 05시,금요일,광주광역시 서구 쌍촌동,경상사고,0,0,1,0,차대사람 - 횡단중,안전운전불이행,건조,맑음,교차로 - 교차로횡단보도내,기타불명,기타불명,미분류,기타불명,보행자,남,51세,경상
2021021900100037,2021년 2월 19일 06시,금요일,광주광역시 북구 두암동,중상사고,0,1,0,0,차대사람 - 횡단중,안전운전불이행,건조,흐림,단일로 - 기타,승용,남,67세,상해없음,보행자,남,73세,중상
2021021900100038,2021년 2월 19일 06시,금요일,광주광역시 광산구 운수동,중상사고,0,1,0,0,차대사람 - 횡단중,신호위반,건조,맑음,교차로 - 교차로안,승용,남,35세,상해없음,보행자,여,59세,중상
2021021900100062,2021년 2월 19일 07시,금요일,광주광역시 광산구 우산동,경상사고,0,0,3,0,차대차 - 측면충돌,안전운전불이행,건조,맑음,기타 - 기타,화물,남,39세,상해없음,승용,남,63세,경상
2021021900100094,2021년 2월 19일 08시,금요일,광주광역시 북구 누문동,경상사고,0,0,1,0,차량단독 - 기타,안전운전불이행,건조,맑음,단일로 - 기타,승합,남,54세,상해없음,,,,
2021021900100095,2021년 2월 19일 08시,금요일,광주광역시 북구 오치동,경상사고,0,0,1,0,차대차 - 추돌,안전운전불이행,건조,기타,단일로 - 기타,승용,여,35세,상해없음,승용,여,32세,경상
2021021900100096,2021년 2월 19일 08시,금요일,광주광역시 광산구 오선동,경상사고,0,0,1,0,차대차 - 측면충돌,안전운전불이행,건조,맑음,단일로 - 기타,승용,남,27세,상해없음,승용,남,33세,경상
2021021900100130,2021년 2월 19일 09시,금요일,광주광역시 북구 양산동,중상사고,0,1,0,0,차대차 - 측면충돌,안전운전불이행,건조,맑음,단일로 - 기타,이륜,남,39세,중상,승용,여,57세,상해없음
2021021900100156,2021년 2월 19일 10시,금요일,광주광역시 북구 신안동,경상사고,0,0,1,0,차대차 - 측면충돌,직진우회전진행방해,건조,맑음,교차로 - 교차로안,승용,남,58세,상해없음,자전거,남,74세,경상
2021021900100248,2021년 2월 19일 12시,금요일,광주광역시 광산구 쌍암동,경상사고,0,0,1,0,차대차 - 측면충돌,안전거리미확보,건조,맑음,단일로 - 지하차도(도로)내,승용,남,34세,상해없음,이륜,남,23세,경상
2021021900100282,2021년 2월 19일 13시,금요일,광주광역시 남구 방림동,경상사고,0,0,2,0,차대차 - 측면충돌,교차로운행방법위반,건조,맑음,교차로 - 교차로안,승합,남,58세,상해없음,승합,남,67세,상해없음
2021021900100283,2021년 2월 19일 13시,금요일,광주광역시 광산구 소촌동,중상사고,0,1,0,0,차대차 - 측면충돌,교차로운행방법위반,건조,맑음,교차로 - 교차로안,승용,남,37세,상해없음,자전거,남,58세,중상
2021021900100318,2021년 2월 19일 14시,금요일,광주광역시 북구 장등동,경상사고,0,0,2,0,차대차 - 측면충돌,차로위반,건조,맑음,기타 - 기타,승용,여,20세,상해없음,승용,남,53세,경상
2021021900100325,2021년 2월 19일 14시,금요일,광주광역시 남구 화장동,경상사고,0,0,1,0,차대차 - 기타,교차로운행방법위반,건조,맑음,교차로 - 교차로안,승용,남,57세,상해없음,승용,남,53세,경상
2021021900100373,2021년 2월 19일 15시,금요일,광주광역시 북구 풍향동,중상사고,0,1,2,0,차대차 - 측면충돌,신호위반,건조,맑음,교차로 - 교차로안,승합,남,47세,상해없음,승합,남,48세,경상
2021021900100426,2021년 2월 19일 16시,금요일,광주광역시 광산구 월계동,경상사고,0,0,1,0,차대차 - 기타,교차로운행방법위반,건조,맑음,교차로 - 교차로안,승용,남,22세,기타불명,개인형이동수단(PM),여,22세,경상
2021021900100471,2021년 2월 19일 17시,금요일,광주광역시 광산구 옥동,경상사고,0,0,1,0,차대차 - 추돌,안전운전불이행,건조,맑음,교차로 - 교차로부근,화물,남,66세,상해없음,화물,남,50세,경상
2021021900100576,2021년 2월 19일 19시,금요일,광주광역시 동구 지산동,경상사고,0,0,1,0,차대사람 - 기타,안전운전불이행,건조,맑음,기타 - 기타,승용,남,23세,상해없음,보행자,남,26세,경상
2021021900100577,2021년 2월 19일 19시,금요일,광주광역시 서구 벽진동,경상사고,0,0,2,0,차대차 - 측면충돌,안전운전불이행,건조,맑음,단일로 - 기타,승용,남,47세,상해없음,승용,남,36세,경상
2021021900100578,2021년 2월 19일 19시,금요일,광주광역시 북구 양산동,중상사고,0,1,0,0,차대차 - 기타,안전운전불이행,건조,맑음,단일로 - 기타,화물,남,62세,상해없음,이륜,남,60세,중상
2021021900100700,2021년 2월 19일 22시,금요일,광주광역시 북구 장등동,경상사고,0,0,1,0,차대차 - 기타,안전거리미확보,건조,맑음,단일로 - 기타,승용,남,46세,상해없음,승용,남,55세,경상
2021021900100709,2021년 2월 19일 22시,금요일,광주광역시 북구 생용동,사망사고,1,0,0,0,차대사람 - 기타,안전운전불이행,건조,맑음,단일로 - 기타,승합,남,58세,상해없음,보행자,남,58세,사망
2021021900100733,2021년 2월 19일 23시,금요일,광주광역시 북구 양산동,부상신고사고,0,0,0,1,차대차 - 측면충돌,신호위반,건조,맑음,교차로 - 교차로안,승용,남,31세,상해없음,승용,여,27세,부상신고
2021022000100027,2021년 2월 20일 01시,토요일,광주광역시 북구 두암동,경상사고,0,0,2,0,차대차 - 측면충돌,안전운전불이행,건조,기타,단일로 - 기타,승용,남,19세,상해없음,승용,남,50세,경상
2021022000100032,2021년 2월 20일 02시,토요일,광주광역시 광산구 흑석동,경상사고,0,0,1,0,차대차 - 측면충돌,신호위반,건조,맑음,교차로 - 교차로안,승용,남,25세,상해없음,화물,남,50세,경상
2021022000100076,2021년 2월 20일 08시,토요일,광주광역시 광산구 수완동,경상사고,0,0,1,0,차대차 - 측면충돌,안전거리미확보,건조,맑음,단일로 - 기타,화물,남,57세,기타불명,승용,남,34세,경상
2021022000100158,2021년 2월 20일 11시,토요일,광주광역시 남구 월산동,경상사고,0,0,1,0,차대사람 - 보도통행중,안전운전불이행,건조,맑음,기타 - 기타,화물,남,51세,상해없음,보행자,남,55세,경상
2021022000100159,2021년 2월 20일 11시,토요일,광주광역시 북구 용봉동,경상사고,0,0,1,0,차대차 - 측면충돌,기타,건조,맑음,단일로 - 기타,승용,여,71세,상해없음,이륜,남,25세,경상
2021022000100160,2021년 2월 20일 11시,토요일,광주광역시 광산구 수완동,경상사고,0,0,2,0,차대차 - 측면충돌,안전거리미확보,건조,맑음,교차로 - 교차로부근,화물,남,55세,상해없음,승용,여,58세,경상
2021022000100200,2021년 2월 20일 12시,토요일,광주광역시 광산구 월곡동,경상사고,0,0,5,0,차대차 - 측면충돌,직진우회전진행방해,건조,맑음,교차로 - 교차로안,승용,여,46세,경상,승용,남,72세,경상
2021022000100236,2021년 2월 20일 13시,토요일,광주광역시 북구 운암동,경상사고,0,0,2,0,차대차 - 기타,안전운전불이행,건조,맑음,교차로 - 교차로안,승용,여,26세,상해없음,승용,남,38세,경상
2021022000100265,2021년 2월 20일 14시,토요일,광주광역시 남구 봉선동,경상사고,0,0,1,0,차대차 - 추돌,안전거리미확보,건조,맑음,단일로 - 기타,승용,남,60세,상해없음,승용,남,38세,경상
2021022000100373,2021년 2월 20일 17시,토요일,광주광역시 북구 신용동,중상사고,0,1,0,0,차대차 - 측면충돌,안전거리미확보,건조,맑음,단일로 - 기타,승용,여,49세,상해없음,이륜,남,22세,중상
2021022000100374,2021년 2월 20일 17시,토요일,광주광역시 광산구 수완동,부상신고사고,0,0,0,2,차대차 - 측면충돌,안전거리미확보,건조,맑음,교차로 - 교차로안,이륜,남,19세,부상신고,이륜,남,39세,부상신고
2021022000100446,2021년 2월 20일 19시,토요일,광주광역시 동구 호남동,경상사고,0,0,1,0,차대차 - 기타,안전운전불이행,건조,맑음,단일로 - 기타,승용,남,74세,상해없음,이륜,남,38세,경상
2021022000100447,2021년 2월 20일 19시,토요일,광주광역시 서구 광천동,경상사고,0,0,2,0,차대차 - 측면충돌,안전거리미확보,건조,맑음,단일로 - 기타,승용,남,58세,상해없음,승용,남,57세,경상
2021022000100495,2021년 2월 20일 21시,토요일,광주광역시 북구 신용동,경상사고,0,0,1,0,차량단독 - 기타,안전운전불이행,건조,맑음,단일로 - 기타,승용,남,31세,경상,,,,
2021022000100528,2021년 2월 20일 22시,토요일,광주광역시 북구 양산동,경상사고,0,0,1,0,차대사람 - 차도통행중,안전운전불이행,건조,흐림,단일로 - 기타,승용,남,63세,상해없음,보행자,남,44세,경상
2021022100100008,2021년 2월 21일 00시,일요일,광주광역시 광산구 신창동,경상사고,0,0,3,0,차량단독 - 기타,안전운전불이행,건조,맑음,단일로 - 기타,승용,남,19세,상해없음,,,,
2021022100100020,2021년 2월 21일 02시,일요일,광주광역시 북구 신용동,경상사고,0,0,1,0,차대차 - 기타,안전거리미확보,건조,맑음,단일로 - 교량,승용,남,27세,상해없음,승용,남,41세,경상
2021022100100036,2021년 2월 21일 05시,일요일,광주광역시 서구 유촌동,경상사고,0,0,2,0,차대차 - 측면충돌,안전운전불이행,건조,맑음,교차로 - 교차로안,승용,여,45세,상해없음,승용,남,51세,경상
2021022100100053,2021년 2월 21일 08시,일요일,광주광역시 동구 소태동,중상사고,0,1,0,0,차량단독 - 공작물충돌,안전운전불이행,건조,맑음,단일로 - 기타,승용,남,57세,중상,,,,
2021022100100069,2021년 2월 21일 09시,일요일,광주광역시 서구 풍암동,경상사고,0,0,2,0,차대차 - 측면충돌,안전운전불이행,건조,맑음,단일로 - 기타,승용,여,63세,상해없음,승용,남,51세,경상
2021022100100081,2021년 2월 21일 10시,일요일,광주광역시 북구 오치동,경상사고,0,0,5,0,차대차 - 측면충돌,차로위반,건조,맑음,단일로 - 기타,승용,남,63세,상해없음,승합,남,50세,경상
2021022100100082,2021년 2월 21일 10시,일요일,광주광역시 광산구 장덕동,경상사고,0,0,1,0,차대차 - 기타,안전운전불이행,건조,맑음,단일로 - 기타,특수,남,59세,기타불명,승용,남,51세,경상
2021022100100146,2021년 2월 21일 13시,일요일,광주광역시 북구 신안동,경상사고,0,0,1,0,차대차 - 측면충돌,신호위반,건조,맑음,교차로 - 교차로안,승용,여,58세,상해없음,승용,남,33세,경상
2021022100100147,2021년 2월 21일 13시,일요일,광주광역시 광산구 신창동,중상사고,0,1,0,0,차대차 - 기타,중앙선침범,건조,맑음,단일로 - 기타,승용,남,28세,기타불명,이륜,남,26세,중상
2021022100100177,2021년 2월 21일 14시,일요일,광주광역시 서구 동천동,경상사고,0,0,1,0,차대사람 - 횡단중,신호위반,건조,맑음,교차로 - 교차로부근,승용,남,61세,상해없음,보행자,여,15세,경상
2021022100100178,2021년 2월 21일 14시,일요일,광주광역시 북구 용봉동,경상사고,0,0,1,0,차대사람 - 보도통행중,안전운전불이행,건조,맑음,단일로 - 기타,개인형이동수단(PM),남,28세,상해없음,보행자,여,30세,경상
2021022100100179,2021년 2월 21일 14시,일요일,광주광역시 북구 동림동,경상사고,0,0,1,1,차대차 - 측면충돌,안전운전불이행,건조,맑음,단일로 - 기타,화물,남,45세,부상신고,승용,여,37세,경상