사고번호,사고일시,요일,시군구,사고내용,사망자수,중상자수,경상자수,부상신고자수,사고유형,법규위반,노면상태,기상상태,도로형태,가해운전자 차종,가해운전자 성별,가해운전자 연령,가해운전자 상해정도,피해운전자 차종,피해운전자 성별,피해운전자 연령,피해운전자 상해정도
2021022100100258,2021년 2월 21일 16시,일요일,광주광역시 남구 진월동,경상사고,0,0,1,0,차대사람 - 차도통행중,안전운전불이행,건조,맑음,단일로 - 기타,승용,남,73세,상해없음,보행자,여,44세,경상
2021022100100289,2021년 2월 21일 17시,일요일,광주광역시 서구 쌍촌동,경상사고,0,0,1,0,차대사람 - 차도통행중,안전운전불이행,건조,맑음,교차로 - 교차로안,승용,남,30세,상해없음,보행자,여,81세,경상
2021022100100316,2021년 2월 21일 18시,일요일,광주광역시 광산구 산월동,경상사고,0,0,3,0,차대차 - 추돌,안전운전불이행,건조,맑음,교차로 - 교차로부근,승용,남,43세,상해없음,승용,여,35세,경상
2021022100100340,2021년 2월 21일 19시,일요일,광주광역시 광산구 송산동,중상사고,0,1,0,0,차대사람 - 길가장자리구역통행중,안전운전불이행,건조,맑음,단일로 - 교량,화물,남,73세,상해없음,보행자,남,24세,중상
2021022200100033,2021년 2월 22일 06시,월요일,광주광역시 서구 쌍촌동,경상사고,0,0,1,0,차대차 - 추돌,안전운전불이행,건조,맑음,교차로 - 교차로부근,화물,남,40세,상해없음,승용,남,62세,경상
2021022200100057,2021년 2월 22일 07시,월요일,광주광역시 서구 유촌동,중상사고,0,1,0,0,차대차 - 측면충돌,차로위반,건조,맑음,단일로 - 기타,승용,남,63세,상해없음,승용,여,38세,중상
2021022200100058,2021년 2월 22일 07시,월요일,광주광역시 남구 진월동,경상사고,0,0,3,0,차대차 - 추돌,안전거리미확보,건조,맑음,단일로 - 기타,승용,여,54세,경상,화물,남,38세,경상
2021022200100100,2021년 2월 22일 08시,월요일,광주광역시 남구 노대동,경상사고,0,0,1,0,차대사람 - 횡단중,신호위반,건조,맑음,교차로 - 교차로횡단보도내,승용,여,64세,상해없음,보행자,여,51세,경상
2021022200100101,2021년 2월 22일 08시,월요일,광주광역시 광산구 신가동,경상사고,0,0,1,0,차대차 - 추돌,안전운전불이행,건조,맑음,단일로 - 기타,승용,여,41세,상해없음,승용,여,38세,경상
2021022200100175,2021년 2월 22일 10시,월요일,광주광역시 북구 양산동,경상사고,0,0,1,0,차대차 - 측면충돌,안전운전불이행,건조,맑음,단일로 - 기타,화물,남,49세,상해없음,승용,남,59세,경상
2021022200100234,2021년 2월 22일 12시,월요일,광주광역시 북구 매곡동,중상사고,0,1,0,0,차대차 - 기타,안전거리미확보,건조,맑음,단일로 - 기타,화물,남,49세,상해없음,이륜,남,26세,중상
2021022200100268,2021년 2월 22일 13시,월요일,광주광역시 광산구 오선동,경상사고,0,0,1,0,차대차 - 측면충돌,신호위반,건조,맑음,교차로 - 교차로안,화물,남,60세,상해없음,승용,남,64세,경상
2021022200100386,2021년 2월 22일 16시,월요일,광주광역시 서구 양동,경상사고,0,0,1,0,차대차 - 측면충돌,안전운전불이행,건조,맑음,단일로 - 기타,승용,남,46세,상해없음,승용,여,29세,경상
2021022200100387,2021년 2월 22일 16시,월요일,광주광역시 북구 중흥동,경상사고,0,0,1,0,차대사람 - 보도통행중,기타,건조,맑음,단일로 - 기타,승용,남,28세,상해없음,보행자,남,67세,경상
2021022200100418,2021년 2월 22일 17시,월요일,광주광역시 남구 월산동,경상사고,0,0,1,0,차대차 - 정면충돌,안전운전불이행,건조,맑음,교차로 - 교차로안,승용,여,57세,기타불명,승용,남,24세,경상
2021022200100455,2021년 2월 22일 18시,월요일,광주광역시 동구 산수동,경상사고,0,0,1,0,차대차 - 측면충돌,직진우회전진행방해,건조,맑음,교차로 - 교차로안,승용,남,71세,상해없음,이륜,남,49세,경상
2021022200100456,2021년 2월 22일 18시,월요일,광주광역시 서구 쌍촌동,경상사고,0,0,2,0,차대차 - 기타,교차로운행방법위반,건조,맑음,교차로 - 교차로안,승용,여,45세,상해없음,승용,남,26세,경상
2021022200100492,2021년 2월 22일 19시,월요일,광주광역시 서구 풍암동,경상사고,0,0,2,0,차대차 - 측면충돌,안전운전불이행,건조,맑음,교차로 - 교차로부근,승용,남,27세,상해없음,화물,남,51세,경상
2021022200100493,2021년 2월 22일 19시,월요일,광주광역시 남구 주월동,중상사고,0,1,0,0,차대차 - 기타,신호위반,건조,맑음,교차로 - 교차로안,승용,남,65세,상해없음,이륜,남,31세,중상
2021022200100494,2021년 2월 22일 19시,월요일,광주광역시 북구 누문동,경상사고,0,0,1,0,차대차 - 기타,교차로운행방법위반,건조,맑음,교차로 - 교차로안,이륜,남,41세,경상,승용,남,62세,상해없음
2021022200100522,2021년 2월 22일 20시,월요일,광주광역시 서구 화정동,경상사고,0,0,2,0,차대차 - 측면충돌,직진우회전진행방해,건조,맑음,교차로 - 교차로안,승용,남,69세,상해없음,승용,남,61세,경상
2021022200100568,2021년 2월 22일 22시,월요일,광주광역시 서구 치평동,경상사고,0,0,1,0,차대차 - 추돌,안전운전불이행,건조,맑음,교차로 - 교차로안,승용,남,37세,상해없음,승용,여,36세,경상
2021022300100062,2021년 2월 23일 07시,화요일,광주광역시 북구 양산동,경상사고,0,0,2,0,차대차 - 정면충돌,교차로운행방법위반,건조,맑음,교차로 - 교차로안,승용,남,48세,경상,승용,남,28세,경상
2021022300100095,2021년 2월 23일 08시,화요일,광주광역시 서구 유촌동,경상사고,0,0,1,0,차대차 - 측면충돌,안전운전불이행,건조,맑음,교차로 - 교차로안,승용,여,59세,기타불명,승용,여,43세,경상
2021022300100096,2021년 2월 23일 08시,화요일,광주광역시 북구 중흥동,경상사고,0,0,1,0,차대차 - 후진중충돌,안전운전불이행,건조,흐림,단일로 - 기타,화물,남,43세,상해없음,승용,여,27세,경상
2021022300100097,2021년 2월 23일 08시,화요일,광주광역시 광산구 우산동,중상사고,0,1,1,0,차대차 - 추돌,안전운전불이행,건조,맑음,교차로 - 교차로안,승용,여,34세,중상,승용,남,58세,경상
2021022300100145,2021년 2월 23일 10시,화요일,광주광역시 북구 용봉동,경상사고,0,0,1,0,차대차 - 기타,안전운전불이행,건조,맑음,교차로 - 교차로부근,승용,남,61세,상해없음,이륜,남,50세,경상
2021022300100146,2021년 2월 23일 10시,화요일,광주광역시 광산구 신창동,경상사고,0,0,2,0,차대차 - 추돌,안전거리미확보,건조,맑음,단일로 - 기타,승용,여,35세,경상,승용,남,62세,경상
2021022300100203,2021년 2월 23일 12시,화요일,광주광역시 광산구 하남동,경상사고,0,0,2,0,차대차 - 추돌,안전운전불이행,건조,맑음,교차로 - 교차로부근,승용,여,35세,상해없음,승용,여,56세,경상
2021022300100242,2021년 2월 23일 13시,화요일,광주광역시 북구 연제동,경상사고,0,0,1,0,차대차 - 기타,안전운전불이행,건조,맑음,단일로 - 기타,승용,여,50세,상해없음,승용,남,28세,경상
2021022300100243,2021년 2월 23일 13시,화요일,광주광역시 북구 풍향동,중상사고,0,1,3,0,차대차 - 측면충돌,교차로운행방법위반,건조,맑음,교차로 - 교차로안,승용,남,22세,상해없음,승용,여,53세,중상
2021022300100277,2021년 2월 23일 14시,화요일,광주광역시 북구 신용동,경상사고,0,0,1,0,차대차 - 기타,안전거리미확보,건조,맑음,단일로 - 기타,승용,여,52세,상해없음,이륜,남,29세,경상
2021022300100278,2021년 2월 23일 14시,화요일,광주광역시 광산구 신촌동,경상사고,0,0,2,0,차대차 - 측면충돌,안전운전불이행,건조,맑음,단일로 - 기타,원동기,남,53세,상해없음,승용,남,37세,경상
2021022300100279,2021년 2월 23일 14시,화요일,광주광역시 광산구 안청동,경상사고,0,0,1,1,차대차 - 측면충돌,교차로운행방법위반,건조,맑음,교차로 - 교차로안,특수,남,37세,부상신고,승용,남,41세,경상
2021022300100324,2021년 2월 23일 15시,화요일,광주광역시 광산구 도천동,경상사고,0,0,4,0,차대차 - 측면충돌,안전운전불이행,건조,맑음,주차장 - 주차장,승용,남,65세,경상,승용,남,40세,경상
2021022300100417,2021년 2월 23일 18시,화요일,광주광역시 북구 장등동,경상사고,0,0,1,0,차대차 - 기타,기타,건조,맑음,단일로 - 기타,승용,남,72세,상해없음,승용,남,59세,경상
2021022300100434,2021년 2월 23일 18시,화요일,광주광역시 광산구 우산동,경상사고,0,0,4,0,차대차 - 측면충돌,안전운전불이행,건조,맑음,교차로 - 교차로안,승용,여,41세,경상,승용,여,27세,경상
2021022300100476,2021년 2월 23일 19시,화요일,광주광역시 광산구 장록동,중상사고,0,3,3,0,차량단독 - 공작물충돌,안전운전불이행,건조,맑음,교차로 - 교차로부근,승용,남,73세,중상,,,,
2021022300100505,2021년 2월 23일 20시,화요일,광주광역시 서구 풍암동,중상사고,0,1,0,0,차대사람 - 차도통행중,안전운전불이행,건조,맑음,기타 - 기타,승용,남,52세,상해없음,보행자,남,20세,중상
2021022300100553,2021년 2월 23일 22시,화요일,광주광역시 북구 신용동,중상사고,0,1,2,0,차대차 - 기타,신호위반,건조,맑음,교차로 - 교차로안,승용,남,29세,상해없음,이륜,남,28세,중상
2021022300100554,2021년 2월 23일 22시,화요일,광주광역시 광산구 산정동,부상신고사고,0,0,0,1,차대차 - 측면충돌,안전운전불이행,건조,맑음,단일로 - 기타,이륜,남,16세,상해없음,승용,남,55세,기타불명
2021022400100021,2021년 2월 24일 04시,수요일,광주광역시 동구 수기동,중상사고,0,1,0,0,차대차 - 측면충돌,신호위반,건조,맑음,교차로 - 교차로안,승용,남,21세,상해없음,승용,남,70세,중상
2021022400100022,2021년 2월 24일 04시,수요일,광주광역시 북구 운암동,경상사고,0,0,4,0,차대차 - 측면충돌,안전거리미확보,건조,맑음,교차로 - 교차로안,승용,여,51세,상해없음,승용,남,24세,경상
2021022400100051,2021년 2월 24일 07시,수요일,광주광역시 남구 행암동,경상사고,0,0,1,0,차대차 - 측면충돌,안전거리미확보,건조,맑음,단일로 - 기타,승용,남,55세,상해없음,승합,남,49세,경상
2021022400100052,2021년 2월 24일 07시,수요일,광주광역시 광산구 우산동,중상사고,0,1,0,0,차대사람 - 기타,안전운전불이행,건조,맑음,단일로 - 기타,승용,남,30세,상해없음,보행자,여,65세,중상
2021022400100075,2021년 2월 24일 08시,수요일,광주광역시 서구 벽진동,경상사고,0,0,1,0,차대차 - 추돌,안전운전불이행,건조,맑음,교차로 - 교차로부근,승용,남,39세,상해없음,승용,남,51세,경상
2021022400100124,2021년 2월 24일 10시,수요일,광주광역시 서구 금호동,경상사고,0,0,1,0,차대차 - 측면충돌,안전운전불이행,건조,맑음,교차로 - 교차로부근,승용,여,68세,상해없음,승용,남,54세,경상
2021022400100146,2021년 2월 24일 11시,수요일,광주광역시 남구 송하동,경상사고,0,0,1,0,차대차 - 측면충돌,신호위반,건조,맑음,단일로 - 기타,이륜,남,36세,상해없음,승용,여,55세,경상
2021022400100176,2021년 2월 24일 12시,수요일,광주광역시 서구 화정동,경상사고,0,0,1,0,차대차 - 측면충돌,안전운전불이행,건조,맑음,단일로 - 기타,승용,여,45세,상해없음,승용,남,36세,경상
2021022400100207,2021년 2월 24일 13시,수요일,광주광역시 서구 금호동,경상사고,0,0,1,0,차대차 - 측면충돌,차로위반,건조,맑음,단일로 - 기타,화물,남,63세,상해없음,승용,남,37세,경상
2021022400100208,2021년 2월 24일 13시,수요일,광주광역시 남구 송하동,경상사고,0,0,1,0,차대차 - 측면충돌,안전운전불이행,건조,맑음,주차장 - 주차장,화물,남,59세,상해없음,승용,남,30세,경상
2021022400100209,2021년 2월 24일 13시,수요일,광주광역시 광산구 옥동,경상사고,0,0,2,0,차대차 - 측면충돌,직진우회전진행방해,건조,맑음,교차로 - 교차로안,건설기계,남,61세,경상,승용,남,44세,경상
2021022400100244,2021년 2월 24일 14시,수요일,광주광역시 남구 노대동,경상사고,0,0,2,0,차대차 - 추돌,안전운전불이행,건조,맑음,교차로 - 교차로부근,승용,남,36세,상해없음,승용,여,40세,경상
2021022400100245,2021년 2월 24일 14시,수요일,광주광역시 광산구 쌍암동,경상사고,0,0,2,0,차대차 - 측면충돌,안전거리미확보,건조,맑음,교차로 - 교차로부근,승용,남,75세,경상,승용,남,61세,경상
2021022400100341,2021년 2월 24일 17시,수요일,광주광역시 서구 치평동,경상사고,0,0,1,0,차대차 - 후진중충돌,안전운전불이행,건조,맑음,단일로 - 기타,승용,여,49세,상해없음,승용,남,37세,경상
2021022400100386,2021년 2월 24일 18시,수요일,광주광역시 동구 장동,경상사고,0,0,1,0,차대차 - 측면충돌,기타,건조,맑음,단일로 - 기타,승용,남,45세,상해없음,승용,남,37세,경상
2021022400100426,2021년 2월 24일 19시,수요일,광주광역시 북구 용봉동,경상사고,0,0,3,0,차대차 - 기타,신호위반,건조,맑음,교차로 - 교차로안,승용,남,75세,상해없음,승용,남,51세,경상
2021022400100455,2021년 2월 24일 20시,수요일,광주광역시 북구 중흥동,경상사고,0,0,1,0,차대사람 - 기타,보행자보호의무위반,건조,맑음,교차로 - 교차로횡단보도내,승용,남,82세,상해없음,보행자,남,18세,경상
2021022400100509,2021년 2월 24일 22시,수요일,광주광역시 동구 학동,부상신고사고,0,0,0,1,차대차 - 측면충돌,교차로운행방법위반,건조,맑음,교차로 - 교차로안,승용,남,57세,상해없음,이륜,남,20세,부상신고
2021022400100510,2021년 2월 24일 22시,수요일,광주광역시 남구 월산동,경상사고,0,0,3,0,차대사람 - 횡단중,신호위반,건조,맑음,교차로 - 교차로안,승용,남,40세,상해없음,보행자,남,33세,경상
2021022400100511,2021년 2월 24일 22시,수요일,광주광역시 북구 일곡동,중상사고,0,1,1,0,차대차 - 추돌,안전운전불이행,건조,맑음,단일로 - 기타,승용,남,42세,상해없음,승용,남,59세,경상
2021022500100075,2021년 2월 25일 07시,목요일,광주광역시 남구 행암동,경상사고,0,0,1,0,차대사람 - 횡단중,신호위반,건조,맑음,단일로 - 기타,승용,여,54세,상해없음,보행자,여,48세,경상
2021022500100100,2021년 2월 25일 08시,목요일,광주광역시 광산구 비아동,경상사고,0,0,2,1,차대차 - 측면충돌,신호위반,젖음/습기,흐림,교차로 - 교차로안,승용,남,63세,부상신고,화물,남,25세,경상
2021022500100234,2021년 2월 25일 14시,목요일,광주광역시 서구 금호동,경상사고,0,0,1,0,차대차 - 추돌,안전운전불이행,건조,맑음,교차로 - 교차로부근,건설기계,남,59세,상해없음,승용,남,47세,경상
2021022500100265,2021년 2월 25일 15시,목요일,광주광역시 동구 금남로1가,중상사고,0,1,0,0,차량단독 - 기타,안전운전불이행,건조,맑음,기타 - 기타,승합,남,56세,상해없음,,,,
2021022500100266,2021년 2월 25일 15시,목요일,광주광역시 북구 일곡동,중상사고,0,1,0,0,차대차 - 측면충돌,직진우회전진행방해,젖음/습기,비,교차로 - 교차로안,승용,여,49세,상해없음,원동기,남,47세,중상
2021022500100267,2021년 2월 25일 15시,목요일,광주광역시 광산구 신가동,중상사고,0,1,0,0,차대차 - 측면충돌,차로위반,젖음/습기,비,교차로 - 교차로부근,승합,남,70세,기타불명,이륜,남,50세,중상
2021022500100292,2021년 2월 25일 16시,목요일,광주광역시 동구 금동,경상사고,0,0,2,0,차대차 - 측면충돌,안전운전불이행,젖음/습기,비,교차로 - 교차로안,승용,여,28세,기타불명,화물,남,48세,경상
2021022500100293,2021년 2월 25일 16시,목요일,광주광역시 광산구 장덕동,경상사고,0,0,1,0,차대차 - 기타,직진우회전진행방해,젖음/습기,비,교차로 - 교차로안,승용,여,42세,상해없음,이륜,남,23세,경상
2021022500100294,2021년 2월 25일 16시,목요일,광주광역시 광산구 신가동,경상사고,0,0,1,0,차대차 - 측면충돌,차로위반,젖음/습기,비,단일로 - 기타,승용,여,47세,상해없음,승용,남,56세,경상
2021022500100332,2021년 2월 25일 17시,목요일,광주광역시 서구 농성동,경상사고,0,0,3,0,차대차 - 측면충돌,차로위반,건조,맑음,단일로 - 기타,승용,여,52세,상해없음,승용,남,26세,경상
2021022500100383,2021년 2월 25일 18시,목요일,광주광역시 동구 산수동,경상사고,0,0,1,0,차대사람 - 기타,안전운전불이행,건조,맑음,단일로 - 기타,승용,남,45세,상해없음,보행자,남,52세,경상
2021022500100384,2021년 2월 25일 18시,목요일,광주광역시 동구 학동,경상사고,0,0,1,0,차대차 - 추돌,안전운전불이행,젖음/습기,비,단일로 - 고가도로위,이륜,남,17세,기타불명,승용,여,28세,경상
2021022500100385,2021년 2월 25일 18시,목요일,광주광역시 북구 양산동,경상사고,0,0,1,0,차대차 - 추돌,안전운전불이행,젖음/습기,비,단일로 - 기타,화물,남,24세,상해없음,승용,남,57세,경상
2021022500100386,2021년 2월 25일 18시,목요일,광주광역시 광산구 장덕동,경상사고,0,0,1,0,차대차 - 추돌,안전운전불이행,젖음/습기,비,교차로 - 교차로부근,승용,남,47세,상해없음,승용,남,36세,경상
2021022500100427,2021년 2월 25일 19시,목요일,광주광역시 서구 쌍촌동,경상사고,0,0,1,0,차대차 - 측면충돌,교차로운행방법위반,젖음/습기,비,교차로 - 교차로안,승용,남,19세,상해없음,승용,남,41세,경상
2021022500100428,2021년 2월 25일 19시,목요일,광주광역시 서구 동천동,경상사고,0,0,1,0,차대차 - 기타,안전운전불이행,젖음/습기,비,단일로 - 기타,승용,남,24세,상해없음,승용,남,41세,경상
2021022500100534,2021년 2월 25일 23시,목요일,광주광역시 북구 중흥동,경상사고,0,0,1,1,차대차 - 측면충돌,교차로운행방법위반,젖음/습기,비,교차로 - 교차로안,이륜,남,37세,부상신고,승용,남,66세,경상
2021022600100012,2021년 2월 26일 00시,금요일,광주광역시 광산구 하남동,경상사고,0,0,1,0,차대차 - 추돌,안전운전불이행,젖음/습기,비,교차로 - 교차로안,승합,남,38세,상해없음,승용,남,50세,경상
2021022600100022,2021년 2월 26일 01시,금요일,광주광역시 서구 쌍촌동,경상사고,0,0,1,0,차대차 - 측면충돌,안전운전불이행,젖음/습기,비,단일로 - 기타,승용,남,63세,상해없음,승용,남,27세,상해없음
2021022600100093,2021년 2월 26일 08시,금요일,광주광역시 서구 농성동,경상사고,0,0,2,0,차대차 - 측면충돌,신호위반,건조,맑음,교차로 - 교차로안,화물,남,40세,상해없음,승용,여,40세,경상
2021022600100124,2021년 2월 26일 09시,금요일,광주광역시 남구 봉선동,경상사고,0,0,1,0,차대사람 - 횡단중,안전운전불이행,건조,맑음,교차로 - 교차로횡단보도내,승용,여,38세,상해없음,보행자,남,8세,경상
2021022600100186,2021년 2월 26일 11시,금요일,광주광역시 동구 용산동,경상사고,0,0,1,0,차대차 - 측면충돌,안전운전불이행,건조,맑음,교차로 - 교차로안,승용,남,72세,상해없음,승용,남,57세,경상
2021022600100187,2021년 2월 26일 11시,금요일,광주광역시 북구 연제동,경상사고,0,0,1,0,차대차 - 추돌,안전운전불이행,건조,맑음,교차로 - 교차로부근,화물,남,46세,상해없음,화물,남,53세,경상
2021022600100213,2021년 2월 26일 12시,금요일,광주광역시 북구 두암동,경상사고,0,0,1,0,차대차 - 측면충돌,안전운전불이행,건조,맑음,단일로 - 기타,승용,남,63세,상해없음,승용,남,60세,기타불명
2021022600100253,2021년 2월 26일 13시,금요일,광주광역시 광산구 우산동,중상사고,0,2,1,0,차대차 - 정면충돌,안전거리미확보,건조,맑음,단일로 - 교량,승용,남,41세,상해없음,승용,남,77세,중상
2021022600100294,2021년 2월 26일 14시,금요일,광주광역시 동구 지산동,경상사고,0,0,1,0,차대사람 - 길가장자리구역통행중,안전운전불이행,건조,흐림,단일로 - 기타,승용,남,39세,상해없음,보행자,남,77세,경상
2021022600100295,2021년 2월 26일 14시,금요일,광주광역시 북구 유동,경상사고,0,0,2,0,차대차 - 측면충돌,안전거리미확보,건조,맑음,교차로 - 교차로안,승용,여,39세,상해없음,승용,남,32세,경상
2021022600100296,2021년 2월 26일 14시,금요일,광주광역시 광산구 송정동,중상사고,0,1,0,0,차대사람 - 횡단중,안전운전불이행,건조,맑음,단일로 - 기타,승용,남,63세,상해없음,보행자,남,59세,중상
2021022600100297,2021년 2월 26일 14시,금요일,광주광역시 광산구 우산동,경상사고,0,0,3,0,차대차 - 측면충돌,차로위반,건조,맑음,교차로 - 교차로부근,화물,여,53세,상해없음,승용,여,37세,경상
2021022600100331,2021년 2월 26일 15시,금요일,광주광역시 서구 치평동,경상사고,0,0,1,0,차대차 - 측면충돌,안전운전불이행,건조,맑음,단일로 - 기타,승용,남,53세,상해없음,승용,여,69세,경상
2021022600100332,2021년 2월 26일 15시,금요일,광주광역시 남구 주월동,경상사고,0,0,1,0,차대사람 - 길가장자리구역통행중,안전운전불이행,건조,맑음,교차로 - 교차로안,승용,남,58세,상해없음,보행자,남,54세,경상
2021022600100333,2021년 2월 26일 15시,금요일,광주광역시 남구 양과동,중상사고,0,1,0,0,차대차 - 측면충돌,신호위반,건조,맑음,교차로 - 교차로안,승합,남,54세,상해없음,승용,여,23세,중상
2021022600100334,2021년 2월 26일 15시,금요일,광주광역시 북구 임동,경상사고,0,0,2,0,차대차 - 측면충돌,안전운전불이행,건조,맑음,단일로 - 기타,승용,남,76세,경상,승용,남,68세,경상
2021022600100364,2021년 2월 26일 16시,금요일,광주광역시 서구 치평동,경상사고,0,0,2,0,차대차 - 측면충돌,기타,건조,맑음,단일로 - 기타,승용,남,28세,상해없음,승용,남,56세,경상
2021022600100399,2021년 2월 26일 17시,금요일,광주광역시 광산구 장덕동,경상사고,0,0,2,0,차대차 - 추돌,안전거리미확보,건조,맑음,단일로 - 기타,승용,남,43세,상해없음,승용,여,40세,경상
2021022600100452,2021년 2월 26일 18시,금요일,광주광역시 북구 양산동,경상사고,0,0,1,0,차대차 - 측면충돌,교차로운행방법위반,건조,맑음,교차로 - 교차로안,승용,남,34세,상해없음,이륜,남,19세,경상
2021022600100453,2021년 2월 26일 18시,금요일,광주광역시 북구 우산동,중상사고,0,1,0,0,차대사람 - 횡단중,보행자보호의무위반,건조,맑음,교차로 - 교차로부근,승용,남,64세,상해없음,보행자,남,52세,중상
2021022600100504,2021년 2월 26일 19시,금요일,광주광역시 동구 서석동,경상사고,0,0,1,0,차대차 - 정면충돌,안전운전불이행,건조,맑음,교차로 - 교차로안,승용,여,41세,상해없음,이륜,남,24세,경상
2021022600100572,2021년 2월 26일 21시,금요일,광주광역시 서구 화정동,경상사고,0,0,1,0,차대차 - 후진중충돌,안전운전불이행,건조,맑음,기타 - 기타,승용,여,38세,상해없음,승용,남,29세,경상
2021022600100573,2021년 2월 26일 21시,금요일,광주광역시 북구 운암동,중상사고,0,1,0,0,차대사람 - 횡단중,안전운전불이행,건조,흐림,단일로 - 기타,승용,여,43세,상해없음,보행자,남,63세,중상
2021022700100072,2021년 2월 27일 08시,토요일,광주광역시 북구 운암동,경상사고,0,0,1,0,차대차 - 기타,신호위반,건조,맑음,교차로 - 교차로안,자전거,남,78세,경상,승용,남,74세,상해없음
2021022700100091,2021년 2월 27일 09시,토요일,광주광역시 서구 광천동,중상사고,0,1,0,0,차대차 - 측면충돌,안전운전불이행,건조,맑음,단일로 - 기타,승용,남,33세,상해없음,자전거,남,73세,중상
2021022700100092,2021년 2월 27일 09시,토요일,광주광역시 남구 봉선동,경상사고,0,0,1,0,차대차 - 후진중충돌,교차로운행방법위반,건조,맑음,교차로 - 교차로안,화물,남,47세,상해없음,승용,남,49세,경상
2021022700100114,2021년 2월 27일 10시,토요일,광주광역시 남구 임암동,경상사고,0,0,1,0,차대차 - 추돌,안전운전불이행,건조,맑음,교차로 - 교차로횡단보도내,승용,남,53세,상해없음,화물,남,59세,경상
2021022700100225,2021년 2월 27일 13시,토요일,광주광역시 서구 매월동,경상사고,0,0,1,1,차대차 - 측면충돌,직진우회전진행방해,건조,맑음,교차로 - 교차로안,화물,남,57세,부상신고,승용,남,58세,경상
2021022700100272,2021년 2월 27일 14시,토요일,광주광역시 북구 임동,경상사고,0,0,2,0,차대차 - 측면충돌,안전거리미확보,건조,맑음,단일로 - 교량,승용,남,23세,경상,승용,남,66세,상해없음
2021022700100371,2021년 2월 27일 17시,토요일,광주광역시 서구 풍암동,경상사고,0,0,1,0,차대차 - 측면충돌,신호위반,건조,맑음,교차로 - 교차로안,승용,여,40세,상해없음,승용,남,34세,경상
2021022700100449,2021년 2월 27일 19시,토요일,광주광역시 서구 내방동,경상사고,0,0,1,0,차대사람 - 기타,안전운전불이행,건조,맑음,단일로 - 기타,승용,남,51세,상해없음,보행자,남,52세,경상
2021022700100450,2021년 2월 27일 19시,토요일,광주광역시 북구 임동,경상사고,0,0,2,0,차대차 - 측면충돌,안전거리미확보,건조,맑음,단일로 - 교량,화물,남,40세,상해없음,승용,남,23세,경상
2021022700100451,2021년 2월 27일 19시,토요일,광주광역시 광산구 도산동,부상신고사고,0,0,0,1,차대사람 - 횡단중,신호위반,건조,맑음,교차로 - 교차로횡단보도내,기타불명,기타불명,미분류,기타불명,보행자,남,21세,부상신고
2021022700100548,2021년 2월 27일 23시,토요일,광주광역시 남구 봉선동,경상사고,0,0,1,0,차대차 - 측면충돌,안전운전불이행,건조,맑음,교차로 - 교차로안,승용,남,35세,상해없음,승용,남,43세,경상
2021022700100549,2021년 2월 27일 23시,토요일,광주광역시 북구 두암동,중상사고,0,1,0,0,차대차 - 기타,중앙선침범,건조,맑음,단일로 - 기타,승용,남,68세,상해없음,이륜,남,19세,중상
2021022800100081,2021년 2월 28일 10시,일요일,광주광역시 북구 신안동,경상사고,0,0,1,0,차량단독 - 공작물충돌,안전운전불이행,건조,맑음,교차로 - 교차로부근,승용,남,21세,상해없음,,,,
2021022800100082,2021년 2월 28일 10시,일요일,광주광역시 북구 각화동,경상사고,0,0,2,0,차대차 - 측면충돌,안전운전불이행,건조,맑음,단일로 - 기타,승용,남,60세,기타불명,승용,남,43세,경상
2021022800100110,2021년 2월 28일 11시,일요일,광주광역시 북구 오치동,경상사고,0,0,1,0,차대차 - 기타,안전운전불이행,건조,맑음,교차로 - 교차로부근,승용,남,78세,기타불명,승용,남,31세,경상
2021022800100129,2021년 2월 28일 12시,일요일,광주광역시 서구 금호동,경상사고,0,0,1,0,차대차 - 추돌,안전운전불이행,건조,흐림,기타 - 기타,승용,남,57세,상해없음,화물,남,50세,기타불명
2021022800100161,2021년 2월 28일 13시,일요일,광주광역시 광산구 장덕동,경상사고,0,0,3,0,차대차 - 측면충돌,안전운전불이행,건조,맑음,단일로 - 기타,승용,남,64세,상해없음,승용,남,63세,경상
2021022800100218,2021년 2월 28일 15시,일요일,광주광역시 서구 화정동,경상사고,0,0,1,0,차대차 - 측면충돌,중앙선침범,건조,맑음,단일로 - 기타,화물,남,47세,상해없음,승용,남,51세,경상
2021022800100262,2021년 2월 28일 17시,일요일,광주광역시 서구 동천동,경상사고,0,0,1,0,차대차 - 추돌,안전운전불이행,젖음/습기,흐림,교차로 - 교차로부근,승용,남,78세,상해없음,승용,여,49세,경상
2021022800100285,2021년 2월 28일 18시,일요일,광주광역시 서구 쌍촌동,경상사고,0,0,2,0,차대차 - 측면충돌,신호위반,건조,맑음,교차로 - 교차로안,승용,남,24세,상해없음,승용,여,32세,경상
2021022800100286,2021년 2월 28일 18시,일요일,광주광역시 광산구 선암동,경상사고,0,0,1,0,차대차 - 추돌,안전운전불이행,건조,맑음,단일로 - 기타,화물,남,49세,상해없음,승용,남,47세,경상
2021022800100312,2021년 2월 28일 19시,일요일,광주광역시 서구 금호동,경상사고,0,0,1,0,차대차 - 측면충돌,중앙선침범,건조,흐림,교차로 - 교차로부근,승용,남,22세,상해없음,이륜,남,26세,경상