사고번호,사고일시,요일,시군구,사고내용,사망자수,중상자수,경상자수,부상신고자수,사고유형,법규위반,노면상태,기상상태,도로형태,가해운전자 차종,가해운전자 성별,가해운전자 연령,가해운전자 상해정도,피해운전자 차종,피해운전자 성별,피해운전자 연령,피해운전자 상해정도
2021030700100335,2021년 3월 7일 20시,일요일,광주광역시 서구 화정동,중상사고,0,1,0,0,차대차 - 추돌,안전거리미확보,건조,맑음,교차로 - 교차로부근,승용,남,57세,상해없음,이륜,남,36세,중상
2021030800100063,2021년 3월 8일 07시,월요일,광주광역시 북구 양산동,경상사고,0,0,1,0,차대차 - 측면충돌,신호위반,건조,맑음,교차로 - 교차로부근,승용,여,53세,상해없음,승용,여,25세,경상
2021030800100163,2021년 3월 8일 09시,월요일,광주광역시 동구 계림동,경상사고,0,0,2,1,차대차 - 측면충돌,안전운전불이행,건조,맑음,단일로 - 기타,화물,남,24세,상해없음,승용,남,52세,경상
2021030800100190,2021년 3월 8일 10시,월요일,광주광역시 동구 학동,부상신고사고,0,0,0,1,차대사람 - 기타,안전운전불이행,건조,맑음,교차로 - 교차로안,승용,남,72세,상해없음,보행자,남,18세,부상신고
2021030800100208,2021년 3월 8일 11시,월요일,광주광역시 동구 학동,경상사고,0,0,1,0,차대차 - 측면충돌,안전거리미확보,건조,맑음,단일로 - 기타,이륜,남,76세,경상,건설기계,남,63세,상해없음
2021030800100209,2021년 3월 8일 11시,월요일,광주광역시 서구 화정동,중상사고,0,1,0,0,차대차 - 측면충돌,안전운전불이행,건조,맑음,단일로 - 기타,승용,여,60세,상해없음,이륜,남,22세,중상
2021030800100210,2021년 3월 8일 11시,월요일,광주광역시 서구 쌍촌동,경상사고,0,0,2,0,차대차 - 측면충돌,안전거리미확보,건조,맑음,단일로 - 기타,승용,여,56세,경상,승합,남,44세,경상
2021030800100239,2021년 3월 8일 12시,월요일,광주광역시 광산구 도산동,경상사고,0,0,1,0,차대차 - 기타,기타,건조,맑음,단일로 - 교량,화물,남,77세,기타불명,화물,남,42세,경상
2021030800100277,2021년 3월 8일 13시,월요일,광주광역시 남구 백운동,중상사고,0,2,0,0,차대차 - 측면충돌,안전운전불이행,건조,맑음,단일로 - 기타,승용,여,52세,상해없음,승용,남,65세,중상
2021030800100278,2021년 3월 8일 13시,월요일,광주광역시 광산구 송정동,경상사고,0,0,4,0,차대차 - 측면충돌,안전거리미확보,건조,맑음,교차로 - 교차로부근,화물,남,59세,상해없음,승합,남,44세,상해없음
2021030800100334,2021년 3월 8일 15시,월요일,광주광역시 서구 금호동,중상사고,0,1,0,0,차대차 - 측면충돌,신호위반,건조,맑음,교차로 - 교차로횡단보도내,승용,여,74세,상해없음,자전거,남,82세,중상
2021030800100335,2021년 3월 8일 15시,월요일,광주광역시 광산구 월계동,경상사고,0,0,1,0,차대사람 - 기타,기타,건조,맑음,기타 - 기타,개인형이동수단(PM),남,40세,기타불명,보행자,남,7세,경상
2021030800100417,2021년 3월 8일 17시,월요일,광주광역시 서구 마륵동,경상사고,0,0,2,0,차대차 - 측면충돌,안전운전불이행,건조,맑음,단일로 - 기타,승용,여,49세,경상,승용,여,58세,경상
2021030800100462,2021년 3월 8일 18시,월요일,광주광역시 동구 월남동,경상사고,0,0,1,0,차대차 - 측면충돌,안전운전불이행,건조,맑음,단일로 - 기타,화물,남,44세,상해없음,승용,여,40세,경상
2021030800100463,2021년 3월 8일 18시,월요일,광주광역시 남구 진월동,경상사고,0,0,1,0,차대차 - 측면충돌,안전운전불이행,건조,맑음,단일로 - 기타,승용,남,53세,상해없음,승용,남,35세,경상
2021030800100464,2021년 3월 8일 18시,월요일,광주광역시 광산구 월계동,중상사고,0,1,0,0,차대사람 - 기타,안전운전불이행,건조,맑음,단일로 - 기타,승합,남,46세,상해없음,보행자,여,82세,중상
2021030800100511,2021년 3월 8일 19시,월요일,광주광역시 북구 삼각동,경상사고,0,0,3,0,차대차 - 추돌,안전운전불이행,건조,맑음,교차로 - 교차로부근,승용,남,41세,상해없음,승용,남,21세,경상
2021030800100539,2021년 3월 8일 20시,월요일,광주광역시 서구 금호동,경상사고,0,0,1,0,차대차 - 추돌,안전운전불이행,건조,맑음,교차로 - 교차로부근,화물,남,61세,상해없음,이륜,남,31세,경상
2021030800100566,2021년 3월 8일 21시,월요일,광주광역시 광산구 산월동,중상사고,0,1,0,0,차대차 - 정면충돌,직진우회전진행방해,건조,맑음,교차로 - 교차로안,승용,남,50세,기타불명,이륜,남,47세,중상
2021030900100021,2021년 3월 9일 04시,화요일,광주광역시 서구 화정동,경상사고,0,0,1,0,차대차 - 측면충돌,안전운전불이행,건조,맑음,교차로 - 교차로부근,승용,남,20세,상해없음,개인형이동수단(PM),남,51세,경상
2021030900100088,2021년 3월 9일 08시,화요일,광주광역시 남구 백운동,경상사고,0,0,1,0,차대차 - 측면충돌,기타,건조,맑음,교차로 - 교차로안,승용,남,68세,상해없음,승용,남,56세,경상
2021030900100105,2021년 3월 9일 09시,화요일,광주광역시 북구 용봉동,경상사고,0,0,1,0,차대차 - 측면충돌,교차로운행방법위반,건조,맑음,교차로 - 교차로안,승용,남,59세,기타불명,승용,남,41세,경상
2021030900100130,2021년 3월 9일 10시,화요일,광주광역시 서구 농성동,경상사고,0,0,1,0,차대차 - 추돌,안전운전불이행,건조,맑음,단일로 - 기타,승용,남,55세,상해없음,원동기,여,60세,경상
2021030900100170,2021년 3월 9일 11시,화요일,광주광역시 북구 연제동,경상사고,0,0,1,0,차대차 - 추돌,안전운전불이행,건조,맑음,단일로 - 기타,승용,여,28세,상해없음,승용,남,57세,경상
2021030900100171,2021년 3월 9일 11시,화요일,광주광역시 북구 본촌동,경상사고,0,0,4,0,차대차 - 측면충돌,직진우회전진행방해,건조,맑음,교차로 - 교차로안,승용,여,60세,경상,승용,여,32세,경상
2021030900100230,2021년 3월 9일 13시,화요일,광주광역시 북구 양산동,부상신고사고,0,0,0,1,차대차 - 추돌,안전운전불이행,건조,맑음,단일로 - 기타,이륜,남,28세,부상신고,승합,남,59세,상해없음
2021030900100265,2021년 3월 9일 14시,화요일,광주광역시 광산구 장록동,경상사고,0,0,1,1,차대차 - 기타,안전거리미확보,건조,맑음,단일로 - 기타,승용,남,63세,상해없음,화물,남,60세,상해없음
2021030900100288,2021년 3월 9일 15시,화요일,광주광역시 서구 벽진동,중상사고,0,1,0,1,차대차 - 측면충돌,안전운전불이행,건조,맑음,단일로 - 기타,이륜,남,40세,중상,건설기계,남,56세,부상신고
2021030900100289,2021년 3월 9일 15시,화요일,광주광역시 광산구 우산동,경상사고,0,0,2,0,차대차 - 측면충돌,교차로운행방법위반,건조,맑음,교차로 - 교차로안,승용,남,38세,경상,승용,남,54세,경상
2021030900100290,2021년 3월 9일 15시,화요일,광주광역시 광산구 신창동,중상사고,0,1,0,0,차대사람 - 보도통행중,안전운전불이행,건조,맑음,단일로 - 기타,승용,여,39세,상해없음,보행자,여,7세,중상
2021030900100358,2021년 3월 9일 17시,화요일,광주광역시 남구 봉선동,중상사고,0,1,0,0,차대사람 - 기타,안전운전불이행,건조,맑음,단일로 - 기타,승용,여,39세,상해없음,보행자,여,49세,중상
2021030900100359,2021년 3월 9일 17시,화요일,광주광역시 광산구 우산동,경상사고,0,0,1,0,차대차 - 후진중충돌,기타,건조,맑음,단일로 - 기타,승용,남,73세,경상,승용,남,47세,기타불명
2021030900100454,2021년 3월 9일 20시,화요일,광주광역시 광산구 도산동,경상사고,0,0,2,0,차대차 - 기타,중앙선침범,건조,맑음,단일로 - 교량,승용,남,30세,상해없음,승용,남,27세,경상
2021030900100469,2021년 3월 9일 21시,화요일,광주광역시 북구 동림동,중상사고,0,1,0,0,차대사람 - 차도통행중,안전운전불이행,건조,맑음,단일로 - 기타,승용,여,50세,상해없음,보행자,남,66세,중상
2021030900100495,2021년 3월 9일 22시,화요일,광주광역시 광산구 월계동,경상사고,0,0,1,0,차대차 - 측면충돌,안전운전불이행,건조,맑음,교차로 - 교차로안,승용,여,41세,상해없음,승용,여,42세,경상
2021030900100496,2021년 3월 9일 22시,화요일,광주광역시 광산구 산정동,경상사고,0,0,1,0,차대차 - 측면충돌,신호위반,건조,맑음,교차로 - 교차로안,이륜,남,64세,경상,승용,여,24세,상해없음
2021030900100497,2021년 3월 9일 22시,화요일,광주광역시 광산구 운남동,경상사고,0,0,1,0,차대차 - 추돌,안전운전불이행,건조,맑음,단일로 - 기타,승용,남,48세,상해없음,승용,남,20세,경상
2021031000100006,2021년 3월 10일 00시,수요일,광주광역시 서구 쌍촌동,중상사고,0,1,0,0,차대사람 - 횡단중,안전운전불이행,건조,맑음,교차로 - 교차로안,승용,남,24세,상해없음,보행자,남,51세,중상
2021031000100028,2021년 3월 10일 04시,수요일,광주광역시 남구 주월동,경상사고,0,0,3,0,차대차 - 기타,안전거리미확보,건조,맑음,교차로 - 교차로부근,건설기계,남,53세,상해없음,승용,남,82세,경상
2021031000100072,2021년 3월 10일 07시,수요일,광주광역시 남구 임암동,중상사고,0,1,0,0,차대차 - 측면충돌,교차로운행방법위반,건조,맑음,교차로 - 교차로안,화물,남,75세,상해없음,승용,여,43세,중상
2021031000100100,2021년 3월 10일 08시,수요일,광주광역시 남구 주월동,경상사고,0,0,2,0,차대차 - 측면충돌,안전운전불이행,건조,맑음,교차로 - 교차로안,승용,남,46세,상해없음,화물,남,34세,경상
2021031000100101,2021년 3월 10일 08시,수요일,광주광역시 북구 신용동,경상사고,0,0,1,0,차대사람 - 보도통행중,안전운전불이행,건조,맑음,단일로 - 기타,승용,여,44세,상해없음,보행자,여,24세,경상
2021031000100102,2021년 3월 10일 08시,수요일,광주광역시 북구 양산동,경상사고,0,0,3,0,차대차 - 추돌,안전거리미확보,건조,맑음,단일로 - 기타,승용,여,44세,상해없음,승용,남,47세,경상
2021031000100159,2021년 3월 10일 10시,수요일,광주광역시 서구 농성동,중상사고,0,1,0,0,차대사람 - 기타,안전운전불이행,건조,맑음,기타 - 기타,승용,남,41세,기타불명,보행자,남,58세,중상
2021031000100186,2021년 3월 10일 11시,수요일,광주광역시 서구 쌍촌동,중상사고,0,1,0,0,차대차 - 추돌,안전운전불이행,건조,맑음,단일로 - 기타,승용,남,41세,상해없음,승용,여,36세,중상
2021031000100253,2021년 3월 10일 13시,수요일,광주광역시 북구 일곡동,중상사고,0,2,0,0,차대사람 - 횡단중,보행자보호의무위반,건조,맑음,교차로 - 교차로횡단보도내,승용,여,26세,상해없음,보행자,여,79세,중상
2021031000100294,2021년 3월 10일 14시,수요일,광주광역시 서구 치평동,경상사고,0,0,3,0,차대차 - 측면충돌,신호위반,건조,맑음,교차로 - 교차로안,승용,남,62세,경상,승용,남,41세,경상
2021031000100341,2021년 3월 10일 15시,수요일,광주광역시 서구 광천동,경상사고,0,0,2,0,차대차 - 측면충돌,안전운전불이행,건조,맑음,교차로 - 교차로안,승용,여,69세,경상,승용,남,35세,경상
2021031000100342,2021년 3월 10일 15시,수요일,광주광역시 남구 양과동,경상사고,0,0,3,0,차대차 - 추돌,안전거리미확보,건조,맑음,단일로 - 기타,승용,남,45세,상해없음,승용,여,37세,경상
2021031000100376,2021년 3월 10일 16시,수요일,광주광역시 북구 임동,경상사고,0,0,1,0,차대차 - 기타,중앙선침범,건조,맑음,단일로 - 기타,승용,남,63세,상해없음,승용,남,41세,상해없음
2021031000100571,2021년 3월 10일 22시,수요일,광주광역시 서구 화정동,경상사고,0,0,1,0,차대차 - 추돌,안전운전불이행,건조,맑음,단일로 - 기타,이륜,남,55세,상해없음,승용,남,27세,경상
2021031000100572,2021년 3월 10일 22시,수요일,광주광역시 서구 쌍촌동,중상사고,0,1,0,0,차대사람 - 기타,안전운전불이행,건조,맑음,교차로 - 교차로안,승용,남,43세,상해없음,보행자,남,27세,중상
2021031100100026,2021년 3월 11일 03시,목요일,광주광역시 동구 서석동,경상사고,0,0,2,0,차대차 - 측면충돌,안전운전불이행,건조,맑음,교차로 - 교차로안,승용,남,24세,상해없음,승용,남,31세,경상
2021031100100046,2021년 3월 11일 06시,목요일,광주광역시 북구 중흥동,경상사고,0,0,1,0,차대차 - 추돌,안전운전불이행,건조,맑음,단일로 - 기타,승용,남,24세,상해없음,이륜,남,75세,경상
2021031100100121,2021년 3월 11일 09시,목요일,광주광역시 서구 매월동,경상사고,0,0,1,0,차대차 - 측면충돌,안전운전불이행,건조,맑음,교차로 - 교차로안,승용,여,46세,상해없음,이륜,남,31세,경상
2021031100100122,2021년 3월 11일 09시,목요일,광주광역시 남구 서동,경상사고,0,0,1,0,차대사람 - 보도통행중,안전운전불이행,건조,맑음,단일로 - 기타,승용,여,51세,상해없음,보행자,여,87세,경상
2021031100100146,2021년 3월 11일 10시,목요일,광주광역시 동구 계림동,경상사고,0,0,1,0,차대사람 - 길가장자리구역통행중,안전운전불이행,건조,맑음,교차로 - 교차로부근,승용,남,56세,상해없음,보행자,여,71세,경상
2021031100100147,2021년 3월 11일 10시,목요일,광주광역시 동구 충장로1가,경상사고,0,0,1,0,차대차 - 추돌,안전운전불이행,건조,맑음,단일로 - 기타,화물,남,29세,상해없음,승용,남,34세,경상
2021031100100206,2021년 3월 11일 12시,목요일,광주광역시 북구 임동,경상사고,0,0,2,0,차대차 - 측면충돌,안전운전불이행,건조,맑음,교차로 - 교차로안,승용,남,34세,상해없음,승용,여,64세,경상
2021031100100232,2021년 3월 11일 13시,목요일,광주광역시 북구 일곡동,부상신고사고,0,0,0,1,차대차 - 기타,신호위반,건조,맑음,교차로 - 교차로안,승용,여,50세,상해없음,이륜,남,32세,부상신고
2021031100100233,2021년 3월 11일 13시,목요일,광주광역시 광산구 신촌동,중상사고,0,1,0,0,차대차 - 측면충돌,안전운전불이행,건조,맑음,기타 - 기타,승용,남,54세,상해없음,자전거,남,79세,중상
2021031100100258,2021년 3월 11일 14시,목요일,광주광역시 남구 봉선동,경상사고,0,0,2,0,차대차 - 측면충돌,교차로운행방법위반,건조,맑음,교차로 - 교차로안,승용,남,23세,상해없음,승용,남,32세,경상
2021031100100336,2021년 3월 11일 16시,목요일,광주광역시 북구 중흥동,경상사고,0,0,1,0,차대차 - 측면충돌,안전운전불이행,건조,맑음,교차로 - 교차로안,승용,남,69세,상해없음,승용,여,39세,경상
2021031100100447,2021년 3월 11일 19시,목요일,광주광역시 광산구 장덕동,경상사고,0,0,4,0,차대차 - 정면충돌,안전운전불이행,건조,맑음,단일로 - 기타,승용,남,28세,상해없음,승용,여,46세,경상
2021031100100448,2021년 3월 11일 19시,목요일,광주광역시 광산구 월계동,경상사고,0,0,1,0,차대사람 - 기타,안전운전불이행,건조,맑음,단일로 - 기타,승용,여,47세,상해없음,보행자,남,45세,경상
2021031200100015,2021년 3월 12일 02시,금요일,광주광역시 서구 풍암동,경상사고,0,0,4,0,차대차 - 측면충돌,차로위반,젖음/습기,비,단일로 - 기타,승용,남,31세,경상,승용,여,19세,경상
2021031200100103,2021년 3월 12일 09시,금요일,광주광역시 서구 풍암동,경상사고,0,0,1,0,차대차 - 측면충돌,안전운전불이행,건조,맑음,교차로 - 교차로안,승용,여,54세,상해없음,승용,여,43세,경상
2021031200100104,2021년 3월 12일 09시,금요일,광주광역시 서구 금호동,경상사고,0,0,4,0,차대차 - 측면충돌,안전운전불이행,젖음/습기,비,단일로 - 기타,승용,여,63세,상해없음,승용,남,32세,경상
2021031200100105,2021년 3월 12일 09시,금요일,광주광역시 북구 양산동,경상사고,0,0,3,0,차대차 - 측면충돌,안전운전불이행,건조,맑음,단일로 - 기타,승용,남,74세,경상,승용,여,34세,경상
2021031200100164,2021년 3월 12일 11시,금요일,광주광역시 북구 우산동,경상사고,0,0,1,0,차대차 - 측면충돌,안전운전불이행,건조,흐림,단일로 - 기타,승용,여,54세,상해없음,승용,남,28세,경상
2021031200100165,2021년 3월 12일 11시,금요일,광주광역시 북구 운암동,경상사고,0,0,1,0,차대차 - 측면충돌,안전거리미확보,건조,기타,단일로 - 기타,승용,여,60세,상해없음,이륜,남,47세,경상
2021031200100199,2021년 3월 12일 12시,금요일,광주광역시 광산구 우산동,경상사고,0,0,1,0,차대차 - 측면충돌,안전거리미확보,건조,맑음,단일로 - 기타,승용,남,60세,기타불명,이륜,남,49세,경상
2021031200100264,2021년 3월 12일 14시,금요일,광주광역시 서구 화정동,경상사고,0,0,1,0,차대차 - 측면충돌,직진우회전진행방해,건조,맑음,교차로 - 교차로안,승용,여,60세,상해없음,승용,여,27세,경상
2021031200100348,2021년 3월 12일 16시,금요일,광주광역시 광산구 신가동,경상사고,0,0,2,0,차대차 - 측면충돌,신호위반,건조,맑음,교차로 - 교차로안,승용,남,53세,기타불명,승용,여,29세,경상
2021031200100433,2021년 3월 12일 18시,금요일,광주광역시 광산구 송정동,경상사고,0,0,1,0,차대차 - 측면충돌,차로위반,건조,맑음,교차로 - 교차로부근,승용,남,38세,상해없음,승용,남,35세,경상
2021031200100486,2021년 3월 12일 19시,금요일,광주광역시 광산구 운수동,중상사고,0,1,0,0,차대차 - 측면충돌,중앙선침범,건조,맑음,단일로 - 기타,이륜,남,19세,상해없음,이륜,남,54세,중상
2021031200100533,2021년 3월 12일 20시,금요일,광주광역시 북구 각화동,경상사고,0,0,3,0,차대차 - 측면충돌,교차로운행방법위반,건조,맑음,교차로 - 교차로안,화물,남,33세,상해없음,화물,남,33세,경상
2021031200100534,2021년 3월 12일 20시,금요일,광주광역시 광산구 수완동,경상사고,0,0,1,0,차대차 - 측면충돌,안전거리미확보,건조,맑음,단일로 - 기타,승용,남,22세,상해없음,이륜,남,40세,경상
2021031200100593,2021년 3월 12일 22시,금요일,광주광역시 북구 문흥동,경상사고,0,0,1,0,차대차 - 측면충돌,안전운전불이행,건조,맑음,단일로 - 기타,승용,남,26세,상해없음,승용,여,29세,경상
2021031300100030,2021년 3월 13일 02시,토요일,광주광역시 서구 치평동,사망사고,1,0,0,0,차대차 - 기타,안전운전불이행,건조,흐림,단일로 - 기타,이륜,남,23세,사망,화물,남,39세,기타불명
2021031300100078,2021년 3월 13일 08시,토요일,광주광역시 북구 운암동,경상사고,0,0,1,0,차대차 - 추돌,안전운전불이행,건조,맑음,교차로 - 교차로부근,승용,남,20세,상해없음,승용,남,31세,경상
2021031300100165,2021년 3월 13일 11시,토요일,광주광역시 서구 풍암동,경상사고,0,0,1,0,차대차 - 측면충돌,안전운전불이행,건조,맑음,교차로 - 교차로안,승용,여,68세,상해없음,자전거,남,10세,경상
2021031300100166,2021년 3월 13일 11시,토요일,광주광역시 북구 운암동,경상사고,0,0,1,0,차대차 - 기타,안전운전불이행,건조,맑음,단일로 - 기타,승용,남,62세,상해없음,승용,여,59세,경상
2021031300100167,2021년 3월 13일 11시,토요일,광주광역시 광산구 쌍암동,경상사고,0,0,4,0,차대차 - 기타,기타,건조,맑음,단일로 - 기타,승용,여,39세,기타불명,승용,여,32세,경상
2021031300100213,2021년 3월 13일 12시,토요일,광주광역시 동구 장동,경상사고,0,0,1,0,차대차 - 추돌,안전거리미확보,건조,맑음,단일로 - 기타,개인형이동수단(PM),남,19세,경상,승용,남,60세,상해없음
2021031300100214,2021년 3월 13일 12시,토요일,광주광역시 남구 월산동,경상사고,0,0,1,0,차대사람 - 횡단중,안전운전불이행,건조,맑음,단일로 - 기타,승용,여,63세,상해없음,보행자,남,66세,경상
2021031300100215,2021년 3월 13일 12시,토요일,광주광역시 북구 동림동,경상사고,0,0,2,0,차대차 - 측면충돌,안전운전불이행,건조,맑음,단일로 - 기타,승용,남,50세,기타불명,승용,여,46세,경상
2021031300100252,2021년 3월 13일 13시,토요일,광주광역시 동구 계림동,부상신고사고,0,0,0,3,차대차 - 추돌,안전운전불이행,건조,맑음,단일로 - 기타,승용,남,25세,상해없음,승용,남,41세,부상신고
2021031300100284,2021년 3월 13일 14시,토요일,광주광역시 광산구 운남동,경상사고,0,0,2,0,차대차 - 기타,안전운전불이행,건조,맑음,교차로 - 교차로안,승용,남,32세,상해없음,승용,남,51세,경상
2021031300100350,2021년 3월 13일 16시,토요일,광주광역시 동구 계림동,경상사고,0,0,2,0,차대차 - 기타,안전거리미확보,건조,맑음,단일로 - 기타,승용,남,38세,상해없음,승용,남,32세,경상
2021031300100351,2021년 3월 13일 16시,토요일,광주광역시 동구 대인동,경상사고,0,0,2,0,차대차 - 측면충돌,신호위반,건조,맑음,교차로 - 교차로안,승용,남,50세,상해없음,승용,남,70세,경상
2021031300100352,2021년 3월 13일 16시,토요일,광주광역시 서구 쌍촌동,경상사고,0,0,1,0,차대차 - 추돌,안전운전불이행,건조,맑음,단일로 - 기타,승용,남,21세,상해없음,이륜,남,24세,경상
2021031300100382,2021년 3월 13일 17시,토요일,광주광역시 서구 마륵동,경상사고,0,0,2,0,차대차 - 측면충돌,교차로운행방법위반,건조,맑음,교차로 - 교차로안,승용,여,34세,경상,승용,남,50세,경상
2021031300100383,2021년 3월 13일 17시,토요일,광주광역시 광산구 운남동,경상사고,0,0,2,0,차대차 - 기타,교차로운행방법위반,건조,맑음,교차로 - 교차로안,승합,남,69세,상해없음,승용,남,32세,경상
2021031300100415,2021년 3월 13일 18시,토요일,광주광역시 북구 운암동,중상사고,0,1,0,0,차대차 - 측면충돌,중앙선침범,건조,맑음,단일로 - 기타,승용,여,44세,상해없음,원동기,남,18세,중상
2021031300100476,2021년 3월 13일 20시,토요일,광주광역시 서구 치평동,경상사고,0,0,4,0,차대차 - 측면충돌,안전운전불이행,건조,맑음,교차로 - 교차로부근,승용,남,41세,경상,승용,남,28세,경상
2021031300100477,2021년 3월 13일 20시,토요일,광주광역시 남구 진월동,경상사고,0,0,2,0,차대차 - 기타,안전운전불이행,건조,맑음,단일로 - 기타,승용,남,16세,상해없음,승용,남,24세,경상
2021031300100478,2021년 3월 13일 20시,토요일,광주광역시 북구 오치동,경상사고,0,0,1,0,차대차 - 측면충돌,교차로운행방법위반,건조,맑음,교차로 - 교차로부근,자전거,남,9세,상해없음,승용,남,35세,상해없음
2021031300100499,2021년 3월 13일 21시,토요일,광주광역시 남구 구동,경상사고,0,0,2,0,차대차 - 추돌,안전운전불이행,건조,맑음,단일로 - 기타,화물,여,55세,상해없음,승용,여,28세,경상
2021031300100500,2021년 3월 13일 21시,토요일,광주광역시 북구 동림동,부상신고사고,0,0,0,1,차대차 - 후진중충돌,안전운전불이행,건조,맑음,단일로 - 기타,승용,남,52세,상해없음,이륜,남,19세,부상신고
2021031400100018,2021년 3월 14일 01시,일요일,광주광역시 광산구 송정동,경상사고,0,0,1,0,차대차 - 기타,안전운전불이행,건조,맑음,교차로 - 교차로횡단보도내,기타불명,남,16세,기타불명,승용,남,36세,경상
2021031400100037,2021년 3월 14일 04시,일요일,광주광역시 서구 광천동,경상사고,0,0,4,0,차대차 - 측면충돌,안전운전불이행,건조,맑음,교차로 - 교차로안,승용,남,49세,경상,승용,남,64세,경상
2021031400100043,2021년 3월 14일 05시,일요일,광주광역시 서구 화정동,경상사고,0,0,1,0,차량단독 - 공작물충돌,안전운전불이행,건조,맑음,단일로 - 기타,화물,남,27세,상해없음,,,,
2021031400100046,2021년 3월 14일 06시,일요일,광주광역시 남구 주월동,중상사고,0,1,0,0,차대사람 - 횡단중,안전운전불이행,건조,맑음,교차로 - 교차로안,승용,남,62세,상해없음,보행자,여,72세,중상
2021031400100103,2021년 3월 14일 11시,일요일,광주광역시 동구 소태동,경상사고,0,0,3,0,차대차 - 추돌,안전거리미확보,건조,맑음,기타 - 기타,승용,여,37세,경상,승용,남,38세,경상
2021031400100104,2021년 3월 14일 11시,일요일,광주광역시 북구 용두동,경상사고,0,0,1,0,차대차 - 정면충돌,중앙선침범,건조,맑음,교차로 - 교차로부근,자전거,남,11세,경상,승용,남,56세,상해없음
2021031400100105,2021년 3월 14일 11시,일요일,광주광역시 광산구 운남동,경상사고,0,0,1,0,차대차 - 기타,안전운전불이행,건조,맑음,교차로 - 교차로부근,승용,여,52세,상해없음,승용,남,29세,경상
2021031400100235,2021년 3월 14일 16시,일요일,광주광역시 동구 불로동,경상사고,0,0,1,0,차대차 - 측면충돌,안전운전불이행,건조,맑음,단일로 - 기타,승용,여,24세,상해없음,이륜,남,25세,경상
2021031400100236,2021년 3월 14일 16시,일요일,광주광역시 서구 유촌동,경상사고,0,0,2,0,차대차 - 측면충돌,안전운전불이행,건조,맑음,단일로 - 기타,승용,여,31세,상해없음,승용,남,28세,경상
2021031400100237,2021년 3월 14일 16시,일요일,광주광역시 광산구 서봉동,경상사고,0,0,4,0,차대차 - 측면충돌,안전운전불이행,건조,맑음,교차로 - 교차로안,이륜,남,65세,상해없음,승용,남,37세,경상
2021031400100292,2021년 3월 14일 18시,일요일,광주광역시 서구 쌍촌동,경상사고,0,0,1,0,차대차 - 추돌,안전거리미확보,건조,흐림,단일로 - 기타,승용,남,55세,상해없음,승용,남,61세,경상
2021031400100293,2021년 3월 14일 18시,일요일,광주광역시 남구 진월동,경상사고,0,0,2,0,차대차 - 측면충돌,안전운전불이행,건조,맑음,교차로 - 교차로부근,이륜,남,20세,상해없음,승용,여,38세,경상
2021031400100351,2021년 3월 14일 20시,일요일,광주광역시 북구 오치동,중상사고,0,1,0,0,차대사람 - 기타,안전운전불이행,건조,맑음,기타 - 기타,승용,여,46세,상해없음,보행자,남,50세,중상
2021031400100371,2021년 3월 14일 21시,일요일,광주광역시 서구 유촌동,경상사고,0,0,6,1,차대차 - 추돌,안전운전불이행,건조,맑음,교차로 - 교차로부근,승합,남,62세,상해없음,승용,남,40세,경상
2021031400100405,2021년 3월 14일 22시,일요일,광주광역시 북구 운암동,경상사고,0,0,1,0,차량단독 - 전도전복 - 전도,안전운전불이행,건조,맑음,단일로 - 기타,개인형이동수단(PM),남,47세,경상,,,,
2021031400100418,2021년 3월 14일 23시,일요일,광주광역시 광산구 수완동,경상사고,0,0,1,0,차대사람 - 기타,신호위반,건조,맑음,교차로 - 교차로안,승용,남,51세,상해없음,보행자,여,33세,경상
2021031400100419,2021년 3월 14일 23시,일요일,광주광역시 광산구 쌍암동,경상사고,0,0,1,0,차대차 - 측면충돌,안전거리미확보,건조,맑음,단일로 - 기타,승용,남,18세,상해없음,원동기,남,34세,경상
2021031500100018,2021년 3월 15일 04시,월요일,광주광역시 북구 동림동,경상사고,0,0,2,0,차대차 - 추돌,안전운전불이행,건조,맑음,교차로 - 교차로부근,승용,남,54세,상해없음,승용,남,48세,경상
2021031500100055,2021년 3월 15일 07시,월요일,광주광역시 광산구 산정동,경상사고,0,0,1,0,차대차 - 기타,교차로운행방법위반,건조,맑음,교차로 - 교차로안,승용,남,45세,상해없음,승용,남,63세,경상
2021031500100098,2021년 3월 15일 08시,월요일,광주광역시 동구 학동,경상사고,0,0,1,0,차대사람 - 기타,안전운전불이행,건조,맑음,단일로 - 기타,승용,남,84세,상해없음,보행자,여,49세,경상
2021031500100099,2021년 3월 15일 08시,월요일,광주광역시 남구 주월동,경상사고,0,0,1,0,차대차 - 측면충돌,안전운전불이행,건조,맑음,교차로 - 교차로부근,승용,남,52세,상해없음,승용,여,42세,경상
2021031500100136,2021년 3월 15일 09시,월요일,광주광역시 동구 소태동,경상사고,0,0,3,0,차대차 - 추돌,안전거리미확보,건조,맑음,교차로 - 교차로부근,화물,남,65세,상해없음,화물,남,58세,경상
2021031500100137,2021년 3월 15일 09시,월요일,광주광역시 광산구 수완동,경상사고,0,0,1,0,차대차 - 기타,안전거리미확보,건조,맑음,단일로 - 기타,승용,여,39세,상해없음,승용,남,30세,상해없음
2021031500100167,2021년 3월 15일 10시,월요일,광주광역시 북구 오치동,경상사고,0,0,1,0,차대차 - 기타,중앙선침범,건조,맑음,단일로 - 기타,화물,남,64세,상해없음,이륜,남,53세,경상