사고번호,사고일시,요일,시군구,사고내용,사망자수,중상자수,경상자수,부상신고자수,사고유형,법규위반,노면상태,기상상태,도로형태,가해운전자 차종,가해운전자 성별,가해운전자 연령,가해운전자 상해정도,피해운전자 차종,피해운전자 성별,피해운전자 연령,피해운전자 상해정도
2021032000100522,2021년 3월 20일 23시,토요일,광주광역시 동구 계림동,경상사고,0,0,1,0,차대차 - 기타,안전거리미확보,건조,맑음,교차로 - 교차로부근,승용,남,68세,상해없음,승용,남,60세,상해없음
2021032100100008,2021년 3월 21일 00시,일요일,광주광역시 광산구 우산동,경상사고,0,0,1,0,차대사람 - 횡단중,안전운전불이행,건조,맑음,교차로 - 교차로안,승용,남,65세,상해없음,보행자,남,28세,경상
2021032100100026,2021년 3월 21일 02시,일요일,광주광역시 북구 임동,경상사고,0,0,3,0,차대차 - 측면충돌,신호위반,건조,맑음,교차로 - 교차로안,승용,남,55세,상해없음,승용,남,67세,경상
2021032100100035,2021년 3월 21일 03시,일요일,광주광역시 남구 봉선동,중상사고,0,1,0,0,차량단독 - 공작물충돌,안전운전불이행,건조,맑음,단일로 - 기타,승용,남,21세,상해없음,,,,
2021032100100038,2021년 3월 21일 04시,일요일,광주광역시 광산구 산정동,경상사고,0,0,1,0,차대차 - 추돌,안전운전불이행,건조,맑음,단일로 - 기타,기타불명,기타불명,미분류,기타불명,승용,여,25세,경상
2021032100100053,2021년 3월 21일 07시,일요일,광주광역시 서구 치평동,중상사고,0,1,1,0,차대차 - 측면충돌,신호위반,건조,맑음,교차로 - 교차로안,화물,남,50세,상해없음,승용,남,67세,경상
2021032100100147,2021년 3월 21일 13시,일요일,광주광역시 북구 양산동,경상사고,0,0,3,0,차대차 - 측면충돌,안전운전불이행,건조,맑음,교차로 - 교차로부근,승용,남,48세,경상,승용,남,58세,경상
2021032100100224,2021년 3월 21일 15시,일요일,광주광역시 북구 용봉동,경상사고,0,0,2,0,차대차 - 측면충돌,교차로운행방법위반,건조,맑음,교차로 - 교차로안,승용,여,65세,상해없음,승용,남,23세,경상
2021032100100287,2021년 3월 21일 17시,일요일,광주광역시 북구 용두동,경상사고,0,0,1,0,차대사람 - 기타,안전운전불이행,건조,맑음,교차로 - 교차로안,승용,남,65세,상해없음,보행자,남,14세,경상
2021032100100288,2021년 3월 21일 17시,일요일,광주광역시 광산구 송정동,경상사고,0,0,1,0,차대차 - 측면충돌,안전운전불이행,건조,맑음,단일로 - 기타,승용,남,67세,상해없음,승용,남,40세,기타불명
2021032100100289,2021년 3월 21일 17시,일요일,광주광역시 광산구 산정동,경상사고,0,0,3,0,차대차 - 기타,안전운전불이행,건조,맑음,교차로 - 교차로부근,승용,남,67세,상해없음,승용,남,50세,경상
2021032100100314,2021년 3월 21일 18시,일요일,광주광역시 서구 쌍촌동,중상사고,0,1,0,0,차대사람 - 기타,안전운전불이행,건조,맑음,단일로 - 기타,화물,남,68세,상해없음,보행자,여,21세,중상
2021032100100315,2021년 3월 21일 18시,일요일,광주광역시 북구 운암동,중상사고,0,1,0,0,차대차 - 기타,안전운전불이행,건조,맑음,단일로 - 기타,화물,남,55세,상해없음,승용,남,53세,기타불명
2021032100100353,2021년 3월 21일 19시,일요일,광주광역시 동구 월남동,중상사고,0,1,0,0,차량단독 - 전도전복 - 전도,안전운전불이행,건조,맑음,교차로 - 교차로부근,이륜,남,59세,중상,,,,
2021032100100383,2021년 3월 21일 20시,일요일,광주광역시 광산구 월계동,경상사고,0,0,1,0,차대차 - 측면충돌,차로위반,건조,맑음,교차로 - 교차로부근,승용,남,36세,상해없음,이륜,남,19세,경상
2021032100100405,2021년 3월 21일 21시,일요일,광주광역시 광산구 쌍암동,경상사고,0,0,1,0,차대차 - 측면충돌,안전운전불이행,건조,맑음,단일로 - 기타,승용,남,73세,상해없음,승용,남,41세,기타불명
2021032200100065,2021년 3월 22일 07시,월요일,광주광역시 광산구 운수동,경상사고,0,0,2,0,차대차 - 추돌,안전운전불이행,건조,맑음,교차로 - 교차로부근,승용,남,22세,상해없음,승용,남,22세,경상
2021032200100141,2021년 3월 22일 09시,월요일,광주광역시 광산구 신촌동,경상사고,0,0,1,0,차대사람 - 기타,안전운전불이행,건조,맑음,단일로 - 기타,승용,여,44세,상해없음,보행자,여,36세,경상
2021032200100265,2021년 3월 22일 13시,월요일,광주광역시 북구 매곡동,경상사고,0,0,2,0,차대차 - 추돌,안전거리미확보,건조,맑음,단일로 - 기타,화물,남,32세,경상,승용,여,23세,상해없음
2021032200100266,2021년 3월 22일 13시,월요일,광주광역시 광산구 우산동,경상사고,0,0,2,0,차대차 - 측면충돌,안전운전불이행,건조,맑음,단일로 - 기타,승용,남,45세,경상,승용,남,43세,상해없음
2021032200100267,2021년 3월 22일 13시,월요일,광주광역시 광산구 하남동,경상사고,0,0,1,0,차대차 - 측면충돌,안전운전불이행,건조,맑음,단일로 - 기타,화물,남,37세,상해없음,화물,남,51세,경상
2021032200100301,2021년 3월 22일 14시,월요일,광주광역시 서구 풍암동,중상사고,0,1,0,0,차대차 - 측면충돌,교차로운행방법위반,건조,맑음,교차로 - 교차로안,승용,남,64세,중상,승용,여,59세,상해없음
2021032200100302,2021년 3월 22일 14시,월요일,광주광역시 북구 용두동,경상사고,0,0,1,0,차대차 - 기타,안전운전불이행,건조,맑음,단일로 - 기타,승용,남,69세,상해없음,승용,남,61세,경상
2021032200100303,2021년 3월 22일 14시,월요일,광주광역시 광산구 비아동,경상사고,0,0,1,0,차대사람 - 기타,안전운전불이행,건조,맑음,기타 - 기타,승용,남,59세,상해없음,보행자,여,55세,경상
2021032200100376,2021년 3월 22일 16시,월요일,광주광역시 서구 유촌동,경상사고,0,0,1,0,차대차 - 추돌,안전운전불이행,건조,맑음,단일로 - 기타,승용,여,58세,상해없음,승용,여,46세,경상
2021032200100377,2021년 3월 22일 16시,월요일,광주광역시 남구 백운동,경상사고,0,0,1,0,차대차 - 측면충돌,교차로운행방법위반,건조,맑음,교차로 - 교차로안,승용,남,60세,상해없음,승용,남,66세,경상
2021032200100419,2021년 3월 22일 17시,월요일,광주광역시 남구 송하동,경상사고,0,0,1,0,차대차 - 측면충돌,안전거리미확보,건조,맑음,단일로 - 기타,승용,여,25세,상해없음,승용,남,24세,경상
2021032200100452,2021년 3월 22일 18시,월요일,광주광역시 동구 소태동,경상사고,0,0,2,0,차대차 - 추돌,안전거리미확보,건조,맑음,단일로 - 고가도로위,승용,남,43세,경상,승용,여,61세,경상
2021032200100453,2021년 3월 22일 18시,월요일,광주광역시 북구 양산동,경상사고,0,0,2,0,차대차 - 측면충돌,교차로운행방법위반,건조,맑음,교차로 - 교차로안,이륜,남,18세,경상,승용,남,53세,경상
2021032200100454,2021년 3월 22일 18시,월요일,광주광역시 광산구 송정동,경상사고,0,0,1,0,차대차 - 측면충돌,중앙선침범,건조,맑음,교차로 - 교차로부근,승용,남,59세,상해없음,승용,남,39세,경상
2021032200100492,2021년 3월 22일 19시,월요일,광주광역시 서구 금호동,경상사고,0,0,1,0,차대차 - 측면충돌,안전운전불이행,건조,맑음,교차로 - 교차로안,승용,남,56세,상해없음,승용,남,35세,경상
2021032200100541,2021년 3월 22일 21시,월요일,광주광역시 동구 대인동,경상사고,0,0,1,0,차대차 - 측면충돌,안전운전불이행,건조,맑음,교차로 - 교차로안,승용,남,21세,상해없음,이륜,남,65세,경상
2021032200100566,2021년 3월 22일 22시,월요일,광주광역시 서구 쌍촌동,경상사고,0,0,1,0,차대차 - 측면충돌,교차로운행방법위반,건조,맑음,교차로 - 교차로안,승용,남,23세,상해없음,승용,남,37세,경상
2021032300100013,2021년 3월 23일 01시,화요일,광주광역시 남구 백운동,경상사고,0,0,1,0,차대차 - 측면충돌,안전운전불이행,건조,맑음,교차로 - 교차로횡단보도내,승용,남,28세,상해없음,승용,남,44세,경상
2021032300100019,2021년 3월 23일 02시,화요일,광주광역시 북구 운암동,경상사고,0,0,3,0,차대차 - 추돌,안전운전불이행,건조,맑음,교차로 - 교차로부근,승용,남,26세,상해없음,승합,남,48세,경상
2021032300100029,2021년 3월 23일 05시,화요일,광주광역시 북구 중흥동,경상사고,0,0,2,2,차대차 - 기타,신호위반,건조,맑음,교차로 - 교차로안,승용,남,74세,상해없음,승용,남,39세,경상
2021032300100055,2021년 3월 23일 07시,화요일,광주광역시 서구 동천동,경상사고,0,0,1,0,차대차 - 측면충돌,안전운전불이행,건조,맑음,교차로 - 교차로안,승용,여,49세,상해없음,화물,남,63세,경상
2021032300100174,2021년 3월 23일 11시,화요일,광주광역시 남구 진월동,경상사고,0,0,1,0,차대차 - 측면충돌,교차로운행방법위반,건조,맑음,교차로 - 교차로안,승용,남,58세,상해없음,승용,여,66세,경상
2021032300100200,2021년 3월 23일 12시,화요일,광주광역시 북구 유동,경상사고,0,0,1,0,차대차 - 추돌,안전운전불이행,건조,맑음,교차로 - 교차로부근,승용,남,68세,상해없음,승용,남,51세,상해없음
2021032300100236,2021년 3월 23일 13시,화요일,광주광역시 광산구 신촌동,경상사고,0,0,1,0,차대차 - 추돌,안전운전불이행,건조,맑음,단일로 - 기타,승용,남,59세,상해없음,승용,남,46세,경상
2021032300100280,2021년 3월 23일 14시,화요일,광주광역시 북구 운암동,경상사고,0,0,2,0,차대차 - 정면충돌,신호위반,건조,맑음,교차로 - 교차로안,승용,여,58세,경상,승용,남,63세,경상
2021032300100319,2021년 3월 23일 15시,화요일,광주광역시 서구 화정동,경상사고,0,0,2,0,차대차 - 측면충돌,안전거리미확보,건조,맑음,단일로 - 기타,승용,남,48세,상해없음,승용,여,38세,경상
2021032300100356,2021년 3월 23일 16시,화요일,광주광역시 광산구 수완동,경상사고,0,0,1,0,차대사람 - 기타,안전운전불이행,건조,맑음,단일로 - 기타,개인형이동수단(PM),여,22세,상해없음,보행자,여,55세,경상
2021032300100445,2021년 3월 23일 18시,화요일,광주광역시 서구 광천동,경상사고,0,0,2,0,차대차 - 추돌,안전운전불이행,건조,맑음,단일로 - 기타,승용,남,56세,상해없음,승용,남,54세,경상
2021032300100446,2021년 3월 23일 18시,화요일,광주광역시 북구 용전동,경상사고,0,0,1,0,차대차 - 측면충돌,차로위반,건조,맑음,단일로 - 기타,승용,남,84세,상해없음,승용,여,34세,경상
2021032300100481,2021년 3월 23일 19시,화요일,광주광역시 서구 양동,경상사고,0,0,2,0,차대차 - 측면충돌,안전운전불이행,건조,맑음,교차로 - 교차로안,승합,여,48세,경상,승용,남,30세,경상
2021032300100530,2021년 3월 23일 21시,화요일,광주광역시 북구 동림동,경상사고,0,0,1,0,차대차 - 측면충돌,안전거리미확보,건조,맑음,단일로 - 기타,승용,남,41세,상해없음,승용,여,32세,경상
2021032300100577,2021년 3월 23일 23시,화요일,광주광역시 서구 풍암동,경상사고,0,0,1,0,차대사람 - 기타,안전운전불이행,건조,맑음,교차로 - 교차로안,화물,남,37세,상해없음,보행자,남,60세,경상
2021032300100578,2021년 3월 23일 23시,화요일,광주광역시 서구 쌍촌동,경상사고,0,0,1,0,차대차 - 기타,중앙선침범,건조,맑음,단일로 - 기타,승용,남,32세,상해없음,이륜,남,30세,경상
2021032400100023,2021년 3월 24일 04시,수요일,광주광역시 북구 용봉동,경상사고,0,0,2,1,차대차 - 측면충돌,신호위반,건조,맑음,교차로 - 교차로안,승용,남,55세,부상신고,승용,남,63세,경상
2021032400100034,2021년 3월 24일 05시,수요일,광주광역시 북구 동림동,경상사고,0,0,2,0,차대차 - 측면충돌,신호위반,건조,맑음,교차로 - 교차로안,승용,남,33세,상해없음,승용,여,46세,경상
2021032400100074,2021년 3월 24일 07시,수요일,광주광역시 북구 삼각동,중상사고,0,1,0,0,차대차 - 기타,안전운전불이행,건조,맑음,단일로 - 기타,화물,남,50세,상해없음,자전거,남,37세,중상
2021032400100075,2021년 3월 24일 07시,수요일,광주광역시 광산구 월전동,경상사고,0,0,3,1,차대차 - 측면충돌,안전거리미확보,건조,맑음,단일로 - 기타,승용,남,61세,부상신고,승용,남,24세,경상
2021032400100112,2021년 3월 24일 08시,수요일,광주광역시 광산구 선암동,경상사고,0,0,1,0,차대사람 - 보도통행중,안전운전불이행,건조,맑음,기타 - 기타,개인형이동수단(PM),여,27세,상해없음,보행자,남,21세,경상
2021032400100174,2021년 3월 24일 10시,수요일,광주광역시 서구 덕흥동,경상사고,0,0,4,0,차대차 - 측면충돌,차로위반,건조,맑음,단일로 - 기타,화물,남,54세,경상,승용,여,41세,경상
2021032400100245,2021년 3월 24일 13시,수요일,광주광역시 동구 금남로5가,경상사고,0,0,1,0,차대차 - 기타,중앙선침범,건조,맑음,미분류 - 미분류,승용,남,69세,상해없음,승용,남,60세,경상
2021032400100246,2021년 3월 24일 13시,수요일,광주광역시 서구 치평동,경상사고,0,0,1,0,차대차 - 기타,안전거리미확보,건조,맑음,교차로 - 교차로안,승용,남,41세,상해없음,승합,남,46세,경상
2021032400100247,2021년 3월 24일 13시,수요일,광주광역시 서구 금호동,경상사고,0,0,2,0,차대차 - 측면충돌,안전거리미확보,건조,맑음,단일로 - 기타,승용,여,48세,상해없음,승용,여,33세,경상
2021032400100248,2021년 3월 24일 13시,수요일,광주광역시 북구 용두동,경상사고,0,0,1,0,차대사람 - 기타,안전운전불이행,건조,맑음,교차로 - 교차로부근,승용,여,64세,상해없음,보행자,여,27세,경상
2021032400100249,2021년 3월 24일 13시,수요일,광주광역시 광산구 월계동,경상사고,0,0,1,0,차대사람 - 기타,기타,건조,맑음,기타 - 기타,자전거,남,80세,상해없음,보행자,여,51세,경상
2021032400100250,2021년 3월 24일 13시,수요일,광주광역시 광산구 비아동,경상사고,0,0,2,0,차대차 - 기타,안전운전불이행,건조,맑음,단일로 - 기타,승용,여,30세,경상,승용,여,47세,경상
2021032400100287,2021년 3월 24일 14시,수요일,광주광역시 서구 농성동,경상사고,0,0,1,0,차대차 - 추돌,안전운전불이행,건조,맑음,단일로 - 기타,승용,남,21세,상해없음,승용,남,55세,경상
2021032400100288,2021년 3월 24일 14시,수요일,광주광역시 광산구 신촌동,경상사고,0,0,1,0,차대차 - 측면충돌,차로위반,건조,맑음,단일로 - 고가도로위,승용,남,26세,상해없음,승용,여,54세,경상
2021032400100317,2021년 3월 24일 15시,수요일,광주광역시 남구 봉선동,경상사고,0,0,1,0,차대차 - 측면충돌,교차로운행방법위반,건조,맑음,교차로 - 교차로안,승용,남,40세,상해없음,승용,남,20세,경상
2021032400100354,2021년 3월 24일 16시,수요일,광주광역시 동구 동명동,경상사고,0,0,1,0,차대차 - 측면충돌,교차로운행방법위반,건조,맑음,교차로 - 교차로안,승용,남,29세,상해없음,이륜,남,73세,경상
2021032400100355,2021년 3월 24일 16시,수요일,광주광역시 북구 오치동,경상사고,0,0,1,0,차대사람 - 횡단중,안전운전불이행,건조,맑음,단일로 - 기타,승용,여,26세,기타불명,보행자,여,88세,경상
2021032400100388,2021년 3월 24일 17시,수요일,광주광역시 북구 장등동,경상사고,0,0,1,0,차대차 - 추돌,안전운전불이행,건조,맑음,교차로 - 교차로부근,승용,남,60세,상해없음,승용,여,34세,경상
2021032400100398,2021년 3월 24일 17시,수요일,광주광역시 서구 화정동,경상사고,0,0,2,0,차대차 - 추돌,안전운전불이행,건조,맑음,단일로 - 기타,승용,남,30세,상해없음,승용,여,48세,경상
2021032400100399,2021년 3월 24일 17시,수요일,광주광역시 남구 봉선동,부상신고사고,0,0,0,1,차대사람 - 기타,안전운전불이행,건조,맑음,교차로 - 교차로부근,기타불명,기타불명,미분류,기타불명,보행자,남,16세,부상신고
2021032400100438,2021년 3월 24일 18시,수요일,광주광역시 서구 동천동,경상사고,0,0,1,0,차대사람 - 차도통행중,안전운전불이행,건조,맑음,단일로 - 기타,승용,남,67세,상해없음,보행자,남,9세,경상
2021032400100439,2021년 3월 24일 18시,수요일,광주광역시 남구 주월동,중상사고,0,1,0,0,차대사람 - 횡단중,안전운전불이행,건조,맑음,단일로 - 기타,승용,남,35세,상해없음,보행자,여,87세,중상
2021032400100505,2021년 3월 24일 20시,수요일,광주광역시 광산구 운수동,경상사고,0,0,1,0,차대차 - 추돌,안전운전불이행,건조,맑음,교차로 - 교차로부근,승용,여,38세,상해없음,승용,남,21세,경상
2021032400100525,2021년 3월 24일 21시,수요일,광주광역시 서구 쌍촌동,경상사고,0,0,1,0,차대차 - 후진중충돌,안전운전불이행,건조,맑음,단일로 - 기타,승용,남,47세,상해없음,이륜,남,39세,경상
2021032400100526,2021년 3월 24일 21시,수요일,광주광역시 북구 용봉동,경상사고,0,0,2,0,차대차 - 기타,안전운전불이행,건조,맑음,교차로 - 교차로안,승용,남,29세,상해없음,승용,남,28세,경상
2021032500100045,2021년 3월 25일 06시,목요일,광주광역시 북구 오치동,부상신고사고,0,0,0,1,차대차 - 추돌,안전운전불이행,건조,맑음,교차로 - 교차로부근,승용,남,47세,부상신고,승용,남,63세,상해없음
2021032500100192,2021년 3월 25일 11시,목요일,광주광역시 남구 송하동,경상사고,0,0,1,0,차대차 - 측면충돌,안전거리미확보,건조,맑음,교차로 - 교차로부근,승용,남,66세,상해없음,승용,여,48세,경상
2021032500100221,2021년 3월 25일 12시,목요일,광주광역시 서구 광천동,경상사고,0,0,1,0,차대사람 - 횡단중,안전운전불이행,건조,맑음,단일로 - 기타,승용,여,31세,상해없음,보행자,여,28세,경상
2021032500100259,2021년 3월 25일 13시,목요일,광주광역시 광산구 운수동,경상사고,0,0,2,0,차대차 - 기타,안전운전불이행,건조,맑음,교차로 - 교차로부근,승용,남,39세,기타불명,승용,여,67세,경상
2021032500100311,2021년 3월 25일 14시,목요일,광주광역시 남구 주월동,경상사고,0,0,1,0,차대차 - 측면충돌,안전거리미확보,건조,맑음,단일로 - 기타,건설기계,남,45세,상해없음,승용,남,24세,경상
2021032500100345,2021년 3월 25일 15시,목요일,광주광역시 광산구 본덕동,경상사고,0,0,1,0,차대차 - 측면충돌,안전거리미확보,건조,맑음,단일로 - 기타,화물,남,59세,상해없음,승용,남,26세,경상
2021032500100373,2021년 3월 25일 16시,목요일,광주광역시 서구 금호동,경상사고,0,0,2,0,차대차 - 기타,교차로운행방법위반,건조,맑음,교차로 - 교차로안,승용,남,59세,경상,승합,남,63세,경상
2021032500100374,2021년 3월 25일 16시,목요일,광주광역시 북구 두암동,중상사고,0,1,1,0,차대차 - 측면충돌,교차로운행방법위반,건조,맑음,교차로 - 교차로안,이륜,남,64세,중상,승용,여,43세,경상
2021032500100375,2021년 3월 25일 16시,목요일,광주광역시 광산구 신가동,중상사고,0,1,0,0,차대사람 - 차도통행중,안전운전불이행,건조,맑음,단일로 - 기타,승용,여,51세,상해없음,보행자,남,49세,중상
2021032500100423,2021년 3월 25일 17시,목요일,광주광역시 북구 동림동,경상사고,0,0,1,0,차대사람 - 횡단중,안전운전불이행,건조,맑음,단일로 - 기타,승용,남,47세,상해없음,보행자,여,4세,경상
2021032500100424,2021년 3월 25일 17시,목요일,광주광역시 광산구 송정동,경상사고,0,0,1,0,차대차 - 기타,안전운전불이행,건조,맑음,교차로 - 교차로안,화물,여,55세,상해없음,자전거,여,12세,경상
2021032500100425,2021년 3월 25일 17시,목요일,광주광역시 광산구 신창동,경상사고,0,0,1,0,차대차 - 측면충돌,안전운전불이행,건조,맑음,기타 - 기타,자전거,남,17세,경상,승용,남,61세,상해없음
2021032500100426,2021년 3월 25일 17시,목요일,광주광역시 광산구 우산동,경상사고,0,0,1,0,차대차 - 측면충돌,안전운전불이행,건조,맑음,단일로 - 기타,승용,남,46세,상해없음,승용,여,63세,경상
2021032500100462,2021년 3월 25일 18시,목요일,광주광역시 서구 금호동,경상사고,0,0,1,0,차대차 - 기타,교차로운행방법위반,건조,맑음,교차로 - 교차로안,승용,남,25세,상해없음,개인형이동수단(PM),남,19세,경상
2021032500100463,2021년 3월 25일 18시,목요일,광주광역시 서구 풍암동,경상사고,0,0,2,0,차대차 - 추돌,안전운전불이행,건조,맑음,단일로 - 기타,승용,남,57세,상해없음,승용,여,53세,경상
2021032500100464,2021년 3월 25일 18시,목요일,광주광역시 남구 사동,경상사고,0,0,1,0,차대차 - 측면충돌,안전운전불이행,건조,맑음,교차로 - 교차로안,승용,여,59세,상해없음,승용,여,52세,경상
2021032500100465,2021년 3월 25일 18시,목요일,광주광역시 북구 생용동,경상사고,0,0,1,0,차대차 - 측면충돌,신호위반,건조,맑음,단일로 - 교량,승용,남,74세,상해없음,승용,여,47세,경상
2021032500100535,2021년 3월 25일 20시,목요일,광주광역시 서구 화정동,경상사고,0,0,2,0,차대차 - 기타,신호위반,건조,맑음,교차로 - 교차로안,개인형이동수단(PM),남,14세,경상,승용,남,52세,상해없음
2021032500100536,2021년 3월 25일 20시,목요일,광주광역시 광산구 신가동,경상사고,0,0,2,0,차대차 - 기타,신호위반,건조,맑음,교차로 - 교차로안,승용,여,29세,경상,이륜,남,32세,경상
2021032500100565,2021년 3월 25일 21시,목요일,광주광역시 남구 주월동,중상사고,0,1,0,0,차대차 - 측면충돌,기타,건조,맑음,교차로 - 교차로안,승용,남,27세,상해없음,원동기,남,64세,중상
2021032500100566,2021년 3월 25일 21시,목요일,광주광역시 남구 백운동,경상사고,0,0,1,0,차대차 - 측면충돌,안전운전불이행,건조,맑음,단일로 - 기타,화물,남,50세,상해없음,이륜,남,37세,경상
2021032500100596,2021년 3월 25일 22시,목요일,광주광역시 광산구 수완동,경상사고,0,0,1,0,차대사람 - 기타,보행자보호의무위반,건조,맑음,교차로 - 교차로횡단보도내,승합,남,63세,상해없음,보행자,여,57세,경상
2021032500100609,2021년 3월 25일 23시,목요일,광주광역시 서구 풍암동,경상사고,0,0,1,0,차대차 - 기타,신호위반,건조,맑음,교차로 - 교차로안,승용,남,57세,상해없음,승용,남,62세,경상
2021032600100014,2021년 3월 26일 01시,금요일,광주광역시 북구 임동,경상사고,0,0,4,0,차대차 - 측면충돌,신호위반,건조,맑음,교차로 - 교차로안,승용,여,23세,경상,승용,남,63세,경상
2021032600100058,2021년 3월 26일 07시,금요일,광주광역시 광산구 쌍암동,경상사고,0,0,1,0,차대차 - 측면충돌,신호위반,건조,맑음,교차로 - 교차로안,화물,남,25세,상해없음,승용,남,36세,경상
2021032600100091,2021년 3월 26일 08시,금요일,광주광역시 북구 장등동,경상사고,0,0,1,0,차대차 - 추돌,안전운전불이행,건조,맑음,단일로 - 기타,화물,남,22세,상해없음,승용,여,53세,경상
2021032600100109,2021년 3월 26일 08시,금요일,광주광역시 북구 신용동,경상사고,0,0,1,0,차대차 - 측면충돌,교차로운행방법위반,건조,맑음,교차로 - 교차로안,건설기계,남,71세,상해없음,승용,여,28세,경상
2021032600100110,2021년 3월 26일 08시,금요일,광주광역시 광산구 월계동,경상사고,0,0,1,0,차대차 - 측면충돌,신호위반,건조,맑음,교차로 - 교차로안,승용,여,24세,상해없음,승용,남,28세,경상
2021032600100111,2021년 3월 26일 08시,금요일,광주광역시 광산구 안청동,중상사고,0,1,0,0,차대차 - 기타,불법유턴,건조,맑음,교차로 - 교차로부근,승용,남,24세,기타불명,화물,남,36세,중상
2021032600100306,2021년 3월 26일 14시,금요일,광주광역시 북구 임동,경상사고,0,0,1,0,차대차 - 추돌,안전운전불이행,건조,맑음,단일로 - 기타,화물,남,66세,상해없음,승용,남,59세,경상
2021032600100343,2021년 3월 26일 15시,금요일,광주광역시 서구 유촌동,경상사고,0,0,3,0,차대차 - 추돌,안전운전불이행,건조,맑음,교차로 - 교차로부근,승용,남,70세,상해없음,승용,남,45세,경상
2021032600100344,2021년 3월 26일 15시,금요일,광주광역시 북구 양산동,경상사고,0,0,2,0,차대차 - 측면충돌,안전거리미확보,건조,맑음,단일로 - 기타,이륜,남,30세,상해없음,승용,남,33세,경상
2021032600100385,2021년 3월 26일 16시,금요일,광주광역시 광산구 송촌동,경상사고,0,0,1,0,차대차 - 후진중충돌,안전운전불이행,건조,맑음,단일로 - 교량,화물,남,53세,상해없음,승용,남,30세,경상
2021032600100437,2021년 3월 26일 17시,금요일,광주광역시 서구 쌍촌동,경상사고,0,0,1,0,차대차 - 기타,불법유턴,건조,맑음,교차로 - 교차로안,승용,남,63세,상해없음,승용,남,39세,경상
2021032600100478,2021년 3월 26일 18시,금요일,광주광역시 북구 운암동,경상사고,0,0,3,0,차대차 - 측면충돌,안전운전불이행,건조,흐림,단일로 - 기타,승합,남,55세,상해없음,승용,여,39세,경상
2021032600100479,2021년 3월 26일 18시,금요일,광주광역시 북구 유동,경상사고,0,0,1,0,차대차 - 측면충돌,안전거리미확보,건조,맑음,교차로 - 교차로부근,승용,여,26세,상해없음,승용,남,29세,경상
2021032600100524,2021년 3월 26일 19시,금요일,광주광역시 서구 치평동,경상사고,0,0,4,0,차대차 - 추돌,안전운전불이행,건조,맑음,단일로 - 기타,화물,남,50세,상해없음,승용,여,45세,경상
2021032600100525,2021년 3월 26일 19시,금요일,광주광역시 북구 임동,경상사고,0,0,1,0,차대차 - 측면충돌,안전운전불이행,건조,맑음,교차로 - 교차로안,화물,여,64세,상해없음,승용,여,41세,경상
2021032600100526,2021년 3월 26일 19시,금요일,광주광역시 북구 동림동,경상사고,0,0,2,0,차대차 - 측면충돌,안전운전불이행,건조,맑음,교차로 - 교차로부근,승용,남,36세,상해없음,승용,남,26세,경상
2021032600100527,2021년 3월 26일 19시,금요일,광주광역시 광산구 송정동,경상사고,0,0,1,0,차대차 - 기타,안전운전불이행,건조,맑음,교차로 - 교차로부근,승용,남,72세,상해없음,승용,여,58세,경상
2021032600100528,2021년 3월 26일 19시,금요일,광주광역시 광산구 산정동,경상사고,0,0,2,0,차대차 - 측면충돌,신호위반,건조,맑음,교차로 - 교차로안,승용,남,43세,상해없음,승용,남,37세,경상
2021032600100562,2021년 3월 26일 20시,금요일,광주광역시 북구 임동,경상사고,0,0,1,0,차대차 - 측면충돌,안전거리미확보,건조,맑음,단일로 - 기타,승용,남,51세,상해없음,이륜,남,27세,경상
2021032600100601,2021년 3월 26일 21시,금요일,광주광역시 동구 동명동,경상사고,0,0,2,0,차대차 - 측면충돌,안전운전불이행,건조,맑음,교차로 - 교차로안,승용,남,26세,상해없음,이륜,남,22세,경상
2021032600100602,2021년 3월 26일 21시,금요일,광주광역시 동구 학동,경상사고,0,0,7,0,차대차 - 측면충돌,안전운전불이행,건조,맑음,교차로 - 교차로안,승용,여,28세,기타불명,승용,남,34세,경상
2021032600100633,2021년 3월 26일 22시,금요일,광주광역시 서구 마륵동,경상사고,0,0,1,0,차대차 - 추돌,안전운전불이행,건조,맑음,교차로 - 교차로부근,승용,남,30세,기타불명,승용,여,49세,경상
2021032700100015,2021년 3월 27일 00시,토요일,광주광역시 동구 동명동,경상사고,0,0,2,0,차대차 - 측면충돌,교차로운행방법위반,건조,맑음,교차로 - 교차로안,승용,남,27세,경상,승용,남,47세,경상
2021032700100046,2021년 3월 27일 04시,토요일,광주광역시 남구 임암동,경상사고,0,0,1,0,차대차 - 추돌,안전운전불이행,건조,맑음,교차로 - 교차로부근,화물,남,62세,상해없음,승용,여,53세,경상
2021032700100105,2021년 3월 27일 09시,토요일,광주광역시 서구 치평동,경상사고,0,0,1,0,차대차 - 측면충돌,안전운전불이행,건조,맑음,교차로 - 교차로안,승용,남,61세,상해없음,승용,남,33세,경상
2021032700100106,2021년 3월 27일 09시,토요일,광주광역시 광산구 수완동,경상사고,0,0,1,0,차대사람 - 횡단중,안전운전불이행,건조,맑음,단일로 - 기타,승용,남,30세,상해없음,보행자,남,7세,경상
2021032700100127,2021년 3월 27일 10시,토요일,광주광역시 서구 쌍촌동,경상사고,0,0,3,0,차대차 - 측면충돌,교차로운행방법위반,건조,맑음,교차로 - 교차로안,승용,남,33세,기타불명,승용,여,33세,경상