사고번호,사고일시,요일,시군구,사고내용,사망자수,중상자수,경상자수,부상신고자수,사고유형,법규위반,노면상태,기상상태,도로형태,가해운전자 차종,가해운전자 성별,가해운전자 연령,가해운전자 상해정도,피해운전자 차종,피해운전자 성별,피해운전자 연령,피해운전자 상해정도
2021040100100547,2021년 4월 1일 19시,목요일,광주광역시 광산구 도천동,경상사고,0,0,1,0,차대차 - 기타,교차로운행방법위반,건조,맑음,교차로 - 교차로안,승용,남,26세,기타불명,승용,여,35세,경상
2021040100100573,2021년 4월 1일 20시,목요일,광주광역시 남구 월산동,부상신고사고,0,0,0,1,차대차 - 추돌,차로위반,건조,맑음,단일로 - 기타,승용,여,50세,상해없음,원동기,남,41세,부상신고
2021040100100574,2021년 4월 1일 20시,목요일,광주광역시 북구 양산동,경상사고,0,0,1,0,차대사람 - 기타,중앙선침범,건조,맑음,단일로 - 기타,원동기,남,60세,상해없음,보행자,남,21세,경상
2021040100100596,2021년 4월 1일 21시,목요일,광주광역시 북구 임동,경상사고,0,0,3,0,차대차 - 측면충돌,신호위반,건조,맑음,교차로 - 교차로안,승용,여,23세,상해없음,승용,남,55세,경상
2021040100100597,2021년 4월 1일 21시,목요일,광주광역시 광산구 흑석동,중상사고,0,1,0,0,차대차 - 기타,신호위반,건조,맑음,교차로 - 교차로안,승용,남,29세,상해없음,이륜,남,45세,중상
2021040100100635,2021년 4월 1일 23시,목요일,광주광역시 서구 금호동,경상사고,0,0,2,0,차대차 - 추돌,안전운전불이행,건조,맑음,교차로 - 교차로부근,승용,남,55세,기타불명,승용,남,43세,경상
2021040200100028,2021년 4월 2일 04시,금요일,광주광역시 서구 쌍촌동,경상사고,0,0,2,0,차대차 - 측면충돌,교차로운행방법위반,건조,맑음,교차로 - 교차로안,승용,남,27세,기타불명,승용,남,30세,경상
2021040200100029,2021년 4월 2일 04시,금요일,광주광역시 북구 중흥동,경상사고,0,0,1,0,차대차 - 추돌,안전운전불이행,건조,맑음,교차로 - 교차로부근,승용,남,42세,상해없음,승용,여,51세,경상
2021040200100040,2021년 4월 2일 05시,금요일,광주광역시 북구 유동,경상사고,0,0,1,0,차대차 - 측면충돌,안전운전불이행,건조,맑음,단일로 - 기타,자전거,남,73세,경상,승용,남,68세,상해없음
2021040200100070,2021년 4월 2일 07시,금요일,광주광역시 서구 치평동,부상신고사고,0,0,0,1,차대차 - 측면충돌,안전운전불이행,건조,맑음,교차로 - 교차로횡단보도내,기타불명,기타불명,미분류,기타불명,자전거,여,25세,부상신고
2021040200100071,2021년 4월 2일 07시,금요일,광주광역시 서구 농성동,경상사고,0,0,1,0,차대차 - 측면충돌,안전거리미확보,건조,맑음,단일로 - 기타,승용,남,77세,상해없음,승용,여,50세,경상
2021040200100072,2021년 4월 2일 07시,금요일,광주광역시 북구 연제동,중상사고,0,2,4,0,차대차 - 측면충돌,안전거리미확보,건조,맑음,단일로 - 기타,승합,여,63세,상해없음,승용,남,61세,중상
2021040200100073,2021년 4월 2일 07시,금요일,광주광역시 북구 신안동,경상사고,0,0,1,0,차대차 - 기타,안전운전불이행,건조,맑음,단일로 - 기타,승용,남,30세,상해없음,승용,남,50세,경상
2021040200100108,2021년 4월 2일 08시,금요일,광주광역시 서구 화정동,경상사고,0,0,2,0,차대차 - 기타,직진우회전진행방해,건조,맑음,교차로 - 교차로안,화물,남,59세,상해없음,승용,남,63세,경상
2021040200100109,2021년 4월 2일 08시,금요일,광주광역시 광산구 산월동,경상사고,0,0,1,0,차대차 - 측면충돌,직진우회전진행방해,건조,맑음,교차로 - 교차로안,자전거,여,74세,경상,승용,남,60세,상해없음
2021040200100137,2021년 4월 2일 09시,금요일,광주광역시 서구 광천동,중상사고,0,1,0,0,차대차 - 측면충돌,신호위반,건조,맑음,단일로 - 기타,승용,남,65세,상해없음,자전거,여,75세,중상
2021040200100138,2021년 4월 2일 09시,금요일,광주광역시 서구 광천동,경상사고,0,0,2,1,차대차 - 측면충돌,안전운전불이행,건조,맑음,교차로 - 교차로안,승용,여,61세,부상신고,승용,여,34세,경상
2021040200100168,2021년 4월 2일 10시,금요일,광주광역시 서구 화정동,경상사고,0,0,1,0,차대사람 - 횡단중,보행자보호의무위반,건조,맑음,단일로 - 기타,승용,남,63세,상해없음,보행자,남,62세,경상
2021040200100169,2021년 4월 2일 10시,금요일,광주광역시 북구 운암동,경상사고,0,0,1,0,차대사람 - 기타,안전운전불이행,건조,맑음,교차로 - 교차로안,화물,남,47세,상해없음,보행자,여,55세,경상
2021040200100170,2021년 4월 2일 10시,금요일,광주광역시 광산구 신가동,경상사고,0,0,1,0,차대차 - 측면충돌,안전운전불이행,건조,맑음,단일로 - 기타,자전거,남,73세,경상,승용,여,55세,상해없음
2021040200100200,2021년 4월 2일 11시,금요일,광주광역시 동구 장동,경상사고,0,0,1,0,차대사람 - 횡단중,보행자보호의무위반,건조,맑음,교차로 - 교차로횡단보도내,화물,남,35세,상해없음,보행자,여,20세,경상
2021040200100201,2021년 4월 2일 11시,금요일,광주광역시 북구 문흥동,중상사고,0,1,0,0,차대사람 - 횡단중,보행자보호의무위반,건조,맑음,교차로 - 교차로안,승합,남,47세,상해없음,보행자,여,76세,중상
2021040200100202,2021년 4월 2일 11시,금요일,광주광역시 북구 용두동,부상신고사고,0,0,0,1,차대차 - 기타,안전운전불이행,건조,맑음,교차로 - 교차로횡단보도내,승용,여,51세,상해없음,자전거,남,78세,부상신고
2021040200100242,2021년 4월 2일 12시,금요일,광주광역시 북구 신용동,경상사고,0,0,1,0,차대차 - 측면충돌,안전운전불이행,건조,맑음,교차로 - 교차로횡단보도내,이륜,남,18세,경상,승용,여,49세,상해없음
2021040200100277,2021년 4월 2일 13시,금요일,광주광역시 남구 임암동,사망사고,1,0,0,0,차대사람 - 기타,안전운전불이행,건조,맑음,교차로 - 교차로안,특수,남,57세,상해없음,보행자,남,39세,사망
2021040200100278,2021년 4월 2일 13시,금요일,광주광역시 북구 운암동,경상사고,0,0,1,0,차대차 - 기타,직진우회전진행방해,건조,맑음,교차로 - 교차로안,승용,여,56세,상해없음,자전거,남,76세,경상
2021040200100279,2021년 4월 2일 13시,금요일,광주광역시 북구 중흥동,경상사고,0,0,1,0,차대차 - 기타,안전운전불이행,건조,맑음,단일로 - 기타,건설기계,남,55세,상해없음,승용,여,27세,경상
2021040200100280,2021년 4월 2일 13시,금요일,광주광역시 광산구 쌍암동,경상사고,0,0,1,0,차대사람 - 횡단중,보행자보호의무위반,건조,맑음,교차로 - 교차로부근,화물,남,59세,상해없음,보행자,여,24세,경상
2021040200100344,2021년 4월 2일 15시,금요일,광주광역시 광산구 신촌동,경상사고,0,0,2,0,차대차 - 추돌,안전운전불이행,건조,맑음,교차로 - 교차로부근,승용,남,30세,상해없음,승용,남,29세,경상
2021040200100345,2021년 4월 2일 15시,금요일,광주광역시 광산구 신촌동,경상사고,0,0,3,0,차대차 - 측면충돌,안전운전불이행,건조,맑음,단일로 - 기타,승용,남,63세,상해없음,승용,남,57세,경상
2021040200100430,2021년 4월 2일 17시,금요일,광주광역시 광산구 도산동,경상사고,0,0,1,0,차대차 - 측면충돌,직진우회전진행방해,건조,맑음,교차로 - 교차로안,승용,남,72세,상해없음,승용,남,29세,경상
2021040200100481,2021년 4월 2일 18시,금요일,광주광역시 동구 광산동,경상사고,0,0,1,0,차대차 - 추돌,안전운전불이행,건조,맑음,교차로 - 교차로부근,이륜,남,40세,상해없음,승용,남,28세,경상
2021040200100482,2021년 4월 2일 18시,금요일,광주광역시 서구 쌍촌동,경상사고,0,0,1,0,차대차 - 측면충돌,안전운전불이행,건조,맑음,단일로 - 기타,승용,여,49세,기타불명,승용,남,23세,경상
2021040200100483,2021년 4월 2일 18시,금요일,광주광역시 남구 주월동,경상사고,0,0,1,0,차대차 - 기타,안전운전불이행,건조,맑음,교차로 - 교차로안,승용,남,47세,상해없음,원동기,남,37세,경상
2021040200100524,2021년 4월 2일 19시,금요일,광주광역시 남구 진월동,경상사고,0,0,1,0,차대사람 - 길가장자리구역통행중,안전운전불이행,건조,맑음,교차로 - 교차로안,승용,여,55세,상해없음,보행자,남,11세,경상
2021040200100525,2021년 4월 2일 19시,금요일,광주광역시 북구 양산동,중상사고,0,1,0,0,차대차 - 측면충돌,안전운전불이행,건조,맑음,교차로 - 교차로부근,승합,남,68세,상해없음,원동기,남,40세,중상
2021040200100526,2021년 4월 2일 19시,금요일,광주광역시 광산구 우산동,경상사고,0,0,3,0,차대차 - 기타,안전거리미확보,건조,맑음,단일로 - 기타,승용,여,50세,상해없음,화물,남,59세,경상
2021040200100527,2021년 4월 2일 19시,금요일,광주광역시 광산구 운수동,경상사고,0,0,1,0,차대차 - 기타,안전거리미확보,건조,맑음,단일로 - 기타,승용,남,47세,경상,승용,남,20세,상해없음
2021040200100628,2021년 4월 2일 22시,금요일,광주광역시 북구 문흥동,경상사고,0,0,2,0,차대사람 - 횡단중,보행자보호의무위반,건조,맑음,교차로 - 교차로횡단보도내,승용,남,24세,상해없음,보행자,여,20세,경상
2021040200100648,2021년 4월 2일 23시,금요일,광주광역시 남구 송하동,경상사고,0,0,2,0,차대차 - 추돌,안전운전불이행,건조,맑음,교차로 - 교차로부근,승용,남,37세,상해없음,승용,남,23세,경상
2021040300100026,2021년 4월 3일 01시,토요일,광주광역시 북구 용봉동,경상사고,0,0,1,1,차대차 - 측면충돌,교차로운행방법위반,건조,맑음,교차로 - 교차로안,승용,남,52세,상해없음,승용,남,34세,부상신고
2021040300100027,2021년 4월 3일 01시,토요일,광주광역시 광산구 신가동,경상사고,0,0,2,0,차대차 - 추돌,안전거리미확보,건조,맑음,교차로 - 교차로부근,승용,여,50세,상해없음,승용,여,41세,경상
2021040300100050,2021년 4월 3일 05시,토요일,광주광역시 서구 풍암동,경상사고,0,0,1,0,차대차 - 추돌,안전운전불이행,건조,맑음,단일로 - 기타,승용,여,56세,상해없음,승용,남,59세,경상
2021040300100067,2021년 4월 3일 07시,토요일,광주광역시 북구 본촌동,경상사고,0,0,1,0,차대차 - 기타,신호위반,건조,맑음,교차로 - 교차로안,승용,남,72세,기타불명,승용,남,23세,경상
2021040300100125,2021년 4월 3일 10시,토요일,광주광역시 서구 농성동,경상사고,0,0,1,0,차대차 - 추돌,안전운전불이행,건조,맑음,교차로 - 교차로부근,승용,남,60세,상해없음,승용,여,33세,경상
2021040300100251,2021년 4월 3일 13시,토요일,광주광역시 서구 풍암동,경상사고,0,0,2,0,차대차 - 측면충돌,안전운전불이행,건조,맑음,단일로 - 기타,승용,여,65세,상해없음,승용,여,48세,경상
2021040300100252,2021년 4월 3일 13시,토요일,광주광역시 광산구 용동,경상사고,0,0,1,0,차대차 - 측면충돌,교차로운행방법위반,젖음/습기,비,교차로 - 교차로안,승용,남,33세,상해없음,승용,남,39세,경상
2021040300100288,2021년 4월 3일 14시,토요일,광주광역시 서구 광천동,경상사고,0,0,2,0,차대차 - 측면충돌,안전거리미확보,건조,맑음,단일로 - 기타,승용,남,37세,상해없음,승용,남,66세,경상
2021040300100289,2021년 4월 3일 14시,토요일,광주광역시 북구 운암동,경상사고,0,0,1,0,차대차 - 측면충돌,안전운전불이행,젖음/습기,비,단일로 - 기타,화물,남,27세,상해없음,이륜,남,55세,경상
2021040300100290,2021년 4월 3일 14시,토요일,광주광역시 광산구 옥동,경상사고,0,0,2,0,차대차 - 추돌,안전운전불이행,젖음/습기,비,교차로 - 교차로부근,승용,남,51세,상해없음,승용,여,49세,경상
2021040300100291,2021년 4월 3일 14시,토요일,광주광역시 광산구 우산동,경상사고,0,0,2,0,차대차 - 측면충돌,교차로운행방법위반,젖음/습기,비,교차로 - 교차로안,승용,남,43세,경상,승용,여,36세,경상
2021040300100317,2021년 4월 3일 15시,토요일,광주광역시 북구 용봉동,경상사고,0,0,1,0,차대차 - 후진중충돌,안전운전불이행,젖음/습기,비,교차로 - 교차로안,승용,남,32세,상해없음,화물,남,44세,경상
2021040300100354,2021년 4월 3일 16시,토요일,광주광역시 동구 소태동,경상사고,0,0,3,0,차대차 - 추돌,기타,젖음/습기,비,단일로 - 기타,승용,남,22세,경상,화물,남,39세,경상
2021040300100465,2021년 4월 3일 19시,토요일,광주광역시 북구 연제동,경상사고,0,0,3,0,차대차 - 측면충돌,신호위반,건조,맑음,교차로 - 교차로안,승용,여,68세,상해없음,승용,남,43세,경상
2021040300100506,2021년 4월 3일 20시,토요일,광주광역시 서구 쌍촌동,경상사고,0,0,1,0,차대사람 - 횡단중,안전운전불이행,건조,맑음,단일로 - 기타,이륜,남,24세,상해없음,보행자,남,50세,경상
2021040300100507,2021년 4월 3일 20시,토요일,광주광역시 북구 운암동,경상사고,0,0,1,0,차대차 - 기타,교차로운행방법위반,젖음/습기,비,교차로 - 교차로안,승용,남,54세,상해없음,이륜,남,20세,경상
2021040300100508,2021년 4월 3일 20시,토요일,광주광역시 광산구 수완동,경상사고,0,0,1,2,차대차 - 추돌,안전운전불이행,젖음/습기,비,단일로 - 기타,기타불명,기타불명,미분류,기타불명,승용,남,23세,부상신고
2021040300100547,2021년 4월 3일 21시,토요일,광주광역시 동구 계림동,중상사고,0,1,0,0,차대차 - 추돌,안전운전불이행,젖음/습기,비,단일로 - 기타,승합,남,38세,상해없음,자전거,남,83세,중상
2021040300100548,2021년 4월 3일 21시,토요일,광주광역시 광산구 흑석동,경상사고,0,0,1,0,차대차 - 추돌,안전운전불이행,젖음/습기,비,교차로 - 교차로부근,승용,여,39세,상해없음,승용,남,49세,경상
2021040300100598,2021년 4월 3일 22시,토요일,광주광역시 서구 벽진동,경상사고,0,0,2,0,차대차 - 추돌,신호위반,젖음/습기,비,교차로 - 교차로안,승용,남,37세,상해없음,화물,남,58세,경상
2021040300100599,2021년 4월 3일 22시,토요일,광주광역시 광산구 운남동,경상사고,0,0,1,0,차대차 - 기타,안전운전불이행,젖음/습기,흐림,단일로 - 기타,승용,남,30세,상해없음,이륜,남,30세,경상
2021040400100039,2021년 4월 4일 03시,일요일,광주광역시 서구 치평동,경상사고,0,0,1,0,차대사람 - 차도통행중,안전운전불이행,건조,맑음,단일로 - 기타,승용,남,39세,상해없음,보행자,여,31세,경상
2021040400100080,2021년 4월 4일 09시,일요일,광주광역시 광산구 도산동,중상사고,0,1,0,0,차대차 - 기타,안전운전불이행,건조,맑음,교차로 - 교차로안,기타불명,기타불명,미분류,기타불명,자전거,여,71세,중상
2021040400100160,2021년 4월 4일 13시,일요일,광주광역시 남구 봉선동,중상사고,0,1,0,0,차대사람 - 기타,안전운전불이행,건조,맑음,교차로 - 교차로안,승용,남,63세,상해없음,보행자,여,73세,중상
2021040400100161,2021년 4월 4일 13시,일요일,광주광역시 남구 진월동,경상사고,0,0,2,0,차대차 - 측면충돌,안전운전불이행,건조,맑음,교차로 - 교차로부근,승용,여,55세,상해없음,화물,남,22세,경상
2021040400100190,2021년 4월 4일 14시,일요일,광주광역시 서구 쌍촌동,경상사고,0,0,1,0,차대차 - 기타,안전운전불이행,젖음/습기,흐림,단일로 - 기타,승용,남,45세,상해없음,이륜,남,46세,경상
2021040400100191,2021년 4월 4일 14시,일요일,광주광역시 남구 주월동,경상사고,0,0,2,0,차대차 - 측면충돌,안전운전불이행,건조,맑음,교차로 - 교차로안,승용,남,22세,상해없음,승합,여,51세,경상
2021040400100192,2021년 4월 4일 14시,일요일,광주광역시 북구 일곡동,경상사고,0,0,1,0,차대사람 - 기타,안전운전불이행,젖음/습기,비,교차로 - 교차로횡단보도내,승용,남,45세,상해없음,보행자,여,18세,경상
2021040400100268,2021년 4월 4일 16시,일요일,광주광역시 남구 봉선동,부상신고사고,0,0,0,1,차대차 - 측면충돌,안전운전불이행,젖음/습기,흐림,교차로 - 교차로안,이륜,남,26세,부상신고,승용,남,65세,상해없음
2021040400100295,2021년 4월 4일 17시,일요일,광주광역시 북구 신용동,경상사고,0,0,2,0,차대차 - 기타,신호위반,젖음/습기,흐림,교차로 - 교차로안,승용,여,44세,상해없음,승용,남,40세,경상
2021040400100296,2021년 4월 4일 17시,일요일,광주광역시 광산구 비아동,경상사고,0,0,1,0,차대차 - 측면충돌,안전운전불이행,건조,맑음,교차로 - 교차로안,화물,남,66세,기타불명,승용,남,52세,경상
2021040400100345,2021년 4월 4일 19시,일요일,광주광역시 동구 학동,경상사고,0,0,1,0,차대차 - 측면충돌,신호위반,건조,맑음,교차로 - 교차로안,화물,여,20세,기타불명,승용,여,60세,경상
2021040400100364,2021년 4월 4일 20시,일요일,광주광역시 서구 치평동,경상사고,0,0,3,0,차대차 - 측면충돌,안전거리미확보,건조,맑음,단일로 - 기타,승용,여,57세,기타불명,승용,남,35세,경상
2021040400100365,2021년 4월 4일 20시,일요일,광주광역시 서구 벽진동,중상사고,0,1,2,0,차대차 - 기타,안전거리미확보,건조,맑음,단일로 - 기타,승용,여,27세,중상,승용,남,44세,경상
2021040400100389,2021년 4월 4일 21시,일요일,광주광역시 광산구 흑석동,경상사고,0,0,3,0,차대차 - 측면충돌,신호위반,건조,맑음,교차로 - 교차로안,승용,남,53세,상해없음,승용,남,39세,경상
2021040500100007,2021년 4월 5일 00시,월요일,광주광역시 북구 용봉동,경상사고,0,0,1,0,차대차 - 측면충돌,안전운전불이행,건조,흐림,단일로 - 기타,승용,남,25세,상해없음,이륜,남,53세,경상
2021040500100055,2021년 4월 5일 06시,월요일,광주광역시 광산구 비아동,경상사고,0,0,1,0,차량단독 - 기타,안전운전불이행,건조,맑음,교차로 - 교차로안,승합,남,65세,상해없음,,,,
2021040500100081,2021년 4월 5일 07시,월요일,광주광역시 광산구 비아동,경상사고,0,0,1,0,차대사람 - 횡단중,보행자보호의무위반,건조,맑음,교차로 - 교차로안,화물,여,32세,상해없음,보행자,남,65세,경상
2021040500100125,2021년 4월 5일 08시,월요일,광주광역시 남구 양림동,경상사고,0,0,1,0,차대사람 - 횡단중,보행자보호의무위반,건조,맑음,교차로 - 교차로횡단보도내,승용,남,78세,상해없음,보행자,여,35세,경상
2021040500100127,2021년 4월 5일 08시,월요일,광주광역시 북구 양산동,경상사고,0,0,1,0,차대차 - 측면충돌,안전운전불이행,건조,맑음,교차로 - 교차로안,승용,여,34세,상해없음,화물,남,63세,경상
2021040500100128,2021년 4월 5일 08시,월요일,광주광역시 광산구 우산동,경상사고,0,0,1,0,차대차 - 측면충돌,교차로운행방법위반,건조,맑음,교차로 - 교차로안,승용,여,66세,기타불명,승용,남,54세,상해없음
2021040500100199,2021년 4월 5일 10시,월요일,광주광역시 서구 치평동,경상사고,0,0,2,0,차대차 - 추돌,안전거리미확보,건조,맑음,단일로 - 기타,화물,남,21세,상해없음,승용,남,50세,경상
2021040500100200,2021년 4월 5일 10시,월요일,광주광역시 서구 유촌동,경상사고,0,0,2,0,차대차 - 추돌,안전거리미확보,건조,맑음,단일로 - 기타,승용,남,63세,상해없음,승용,여,60세,경상
2021040500100201,2021년 4월 5일 10시,월요일,광주광역시 남구 주월동,경상사고,0,0,1,0,차대차 - 측면충돌,안전거리미확보,건조,맑음,단일로 - 기타,건설기계,남,53세,상해없음,승용,남,34세,경상
2021040500100202,2021년 4월 5일 10시,월요일,광주광역시 북구 오치동,중상사고,0,1,0,0,차대사람 - 횡단중,보행자보호의무위반,건조,맑음,교차로 - 교차로횡단보도내,화물,남,53세,상해없음,보행자,남,62세,중상
2021040500100203,2021년 4월 5일 10시,월요일,광주광역시 북구 용두동,경상사고,0,0,1,0,차대차 - 추돌,안전운전불이행,건조,맑음,교차로 - 교차로부근,화물,남,34세,경상,승용,여,57세,상해없음
2021040500100297,2021년 4월 5일 13시,월요일,광주광역시 광산구 산정동,경상사고,0,0,2,0,차대차 - 측면충돌,안전운전불이행,건조,맑음,교차로 - 교차로안,승용,남,40세,경상,승용,남,68세,경상
2021040500100428,2021년 4월 5일 16시,월요일,광주광역시 남구 봉선동,경상사고,0,0,6,0,차대차 - 측면충돌,교차로운행방법위반,건조,맑음,교차로 - 교차로안,승용,남,60세,상해없음,승용,남,51세,경상
2021040500100479,2021년 4월 5일 17시,월요일,광주광역시 서구 금호동,경상사고,0,0,3,0,차대차 - 측면충돌,안전운전불이행,건조,맑음,단일로 - 기타,승용,남,67세,경상,승용,여,29세,경상
2021040500100480,2021년 4월 5일 17시,월요일,광주광역시 북구 오치동,경상사고,0,0,1,0,차대사람 - 기타,안전운전불이행,건조,맑음,단일로 - 기타,승용,남,30세,상해없음,보행자,여,59세,경상
2021040500100481,2021년 4월 5일 17시,월요일,광주광역시 광산구 오선동,경상사고,0,0,2,0,차대차 - 추돌,안전운전불이행,건조,맑음,단일로 - 기타,화물,남,49세,상해없음,승용,남,61세,상해없음
2021040500100528,2021년 4월 5일 18시,월요일,광주광역시 서구 매월동,경상사고,0,0,1,0,차대차 - 기타,신호위반,건조,맑음,교차로 - 교차로안,승용,남,60세,상해없음,승용,여,55세,경상
2021040500100530,2021년 4월 5일 18시,월요일,광주광역시 광산구 소촌동,경상사고,0,0,1,0,차대차 - 측면충돌,안전운전불이행,건조,맑음,교차로 - 교차로안,승용,남,22세,상해없음,이륜,남,48세,경상
2021040500100572,2021년 4월 5일 19시,월요일,광주광역시 광산구 소촌동,경상사고,0,0,4,0,차대차 - 측면충돌,교차로운행방법위반,건조,맑음,교차로 - 교차로안,승용,남,42세,상해없음,승용,남,44세,경상
2021040500100663,2021년 4월 5일 23시,월요일,광주광역시 서구 쌍촌동,중상사고,0,1,0,0,차대사람 - 길가장자리구역통행중,안전운전불이행,건조,맑음,단일로 - 기타,승용,남,46세,상해없음,보행자,남,21세,중상
2021040500100664,2021년 4월 5일 23시,월요일,광주광역시 북구 신안동,경상사고,0,0,1,0,차대차 - 측면충돌,안전운전불이행,건조,맑음,단일로 - 기타,승용,남,50세,상해없음,승용,남,31세,경상
2021040600100099,2021년 4월 6일 08시,화요일,광주광역시 북구 운암동,경상사고,0,0,1,0,차대사람 - 차도통행중,안전운전불이행,건조,맑음,단일로 - 기타,승용,남,52세,상해없음,보행자,여,55세,경상
2021040600100100,2021년 4월 6일 08시,화요일,광주광역시 광산구 선암동,경상사고,0,0,1,0,차대차 - 추돌,안전운전불이행,건조,맑음,단일로 - 교량,건설기계,남,61세,상해없음,승용,남,23세,경상
2021040600100154,2021년 4월 6일 10시,화요일,광주광역시 동구 계림동,경상사고,0,0,1,0,차량단독 - 공작물충돌,안전운전불이행,건조,맑음,단일로 - 기타,승용,남,63세,경상,,,,
2021040600100155,2021년 4월 6일 10시,화요일,광주광역시 서구 금호동,경상사고,0,0,1,0,차대차 - 추돌,안전운전불이행,건조,맑음,단일로 - 기타,화물,남,73세,상해없음,승용,남,36세,경상
2021040600100184,2021년 4월 6일 11시,화요일,광주광역시 북구 운암동,경상사고,0,0,1,0,차대차 - 측면충돌,안전운전불이행,건조,맑음,교차로 - 교차로안,승용,남,50세,기타불명,승용,여,27세,경상
2021040600100185,2021년 4월 6일 11시,화요일,광주광역시 광산구 하산동,경상사고,0,0,2,0,차대차 - 기타,교차로운행방법위반,건조,맑음,교차로 - 교차로안,승용,남,69세,경상,화물,남,67세,경상
2021040600100214,2021년 4월 6일 12시,화요일,광주광역시 서구 치평동,중상사고,0,1,0,0,차대차 - 추돌,안전운전불이행,건조,맑음,교차로 - 교차로안,화물,남,62세,상해없음,이륜,남,36세,중상
2021040600100215,2021년 4월 6일 12시,화요일,광주광역시 서구 쌍촌동,경상사고,0,0,1,0,차대차 - 추돌,불법유턴,건조,맑음,교차로 - 교차로안,승용,남,67세,상해없음,승용,남,29세,경상
2021040600100216,2021년 4월 6일 12시,화요일,광주광역시 서구 벽진동,중상사고,0,1,1,0,차대차 - 기타,안전거리미확보,건조,맑음,단일로 - 기타,승용,남,61세,중상,승용,여,51세,경상
2021040600100217,2021년 4월 6일 12시,화요일,광주광역시 북구 오치동,중상사고,0,1,0,0,차대차 - 측면충돌,안전운전불이행,건조,맑음,교차로 - 교차로부근,승용,남,53세,상해없음,이륜,남,39세,중상
2021040600100218,2021년 4월 6일 12시,화요일,광주광역시 광산구 산정동,경상사고,0,0,2,0,차대차 - 측면충돌,직진우회전진행방해,건조,맑음,교차로 - 교차로안,승용,여,35세,경상,승용,여,62세,경상
2021040600100279,2021년 4월 6일 14시,화요일,광주광역시 북구 지야동,중상사고,0,1,0,0,차량단독 - 기타,안전운전불이행,건조,맑음,단일로 - 기타,이륜,남,79세,중상,,,,
2021040600100280,2021년 4월 6일 14시,화요일,광주광역시 광산구 소촌동,부상신고사고,0,0,0,1,차대차 - 추돌,안전거리미확보,건조,맑음,교차로 - 교차로안,이륜,남,21세,부상신고,승용,남,36세,상해없음
2021040600100281,2021년 4월 6일 14시,화요일,광주광역시 광산구 용곡동,경상사고,0,0,1,0,차대차 - 기타,기타,건조,맑음,단일로 - 기타,특수,남,43세,상해없음,승용,남,63세,경상
2021040600100319,2021년 4월 6일 15시,화요일,광주광역시 서구 동천동,경상사고,0,0,1,0,차대차 - 추돌,안전운전불이행,건조,맑음,단일로 - 기타,승용,남,60세,상해없음,승용,여,40세,상해없음
2021040600100357,2021년 4월 6일 16시,화요일,광주광역시 서구 광천동,경상사고,0,0,1,0,차대차 - 측면충돌,안전운전불이행,건조,맑음,교차로 - 교차로부근,화물,남,72세,상해없음,승용,남,21세,경상
2021040600100358,2021년 4월 6일 16시,화요일,광주광역시 서구 쌍촌동,경상사고,0,0,1,0,차대차 - 후진중충돌,안전운전불이행,건조,맑음,교차로 - 교차로부근,승용,여,69세,상해없음,승용,여,26세,경상
2021040600100359,2021년 4월 6일 16시,화요일,광주광역시 북구 운암동,경상사고,0,0,2,0,차대차 - 추돌,안전거리미확보,건조,맑음,단일로 - 고가도로위,화물,남,57세,상해없음,승용,남,35세,경상
2021040600100360,2021년 4월 6일 16시,화요일,광주광역시 북구 중흥동,경상사고,0,0,1,0,차대사람 - 기타,안전운전불이행,건조,맑음,단일로 - 기타,승용,남,58세,상해없음,보행자,여,19세,경상
2021040600100361,2021년 4월 6일 16시,화요일,광주광역시 광산구 도산동,경상사고,0,0,1,0,차대차 - 후진중충돌,안전운전불이행,건조,맑음,단일로 - 기타,승합,여,55세,상해없음,승용,여,58세,경상
2021040600100405,2021년 4월 6일 17시,화요일,광주광역시 북구 용봉동,경상사고,0,0,1,0,차대차 - 측면충돌,신호위반,건조,맑음,교차로 - 교차로안,승용,여,54세,상해없음,승용,여,48세,경상
2021040600100438,2021년 4월 6일 18시,화요일,광주광역시 동구 산수동,경상사고,0,0,1,1,차대차 - 측면충돌,중앙선침범,건조,맑음,단일로 - 기타,승용,남,35세,상해없음,승용,여,39세,경상
2021040600100486,2021년 4월 6일 19시,화요일,광주광역시 서구 화정동,경상사고,0,0,1,0,차대차 - 후진중충돌,안전운전불이행,건조,맑음,단일로 - 기타,승용,남,64세,상해없음,이륜,남,34세,경상
2021040600100487,2021년 4월 6일 19시,화요일,광주광역시 서구 광천동,경상사고,0,0,1,0,차대차 - 측면충돌,안전운전불이행,건조,맑음,교차로 - 교차로부근,승용,남,29세,상해없음,승용,남,23세,경상
2021040600100565,2021년 4월 6일 22시,화요일,광주광역시 북구 금곡동,중상사고,0,2,1,0,차량단독 - 공작물충돌,기타,건조,맑음,단일로 - 기타,승용,남,20세,중상,,,,
2021040600100577,2021년 4월 6일 23시,화요일,광주광역시 서구 쌍촌동,경상사고,0,0,2,0,차대차 - 측면충돌,안전운전불이행,건조,맑음,교차로 - 교차로안,승용,남,32세,상해없음,승합,남,67세,상해없음
2021040700100019,2021년 4월 7일 03시,수요일,광주광역시 광산구 수완동,부상신고사고,0,0,0,1,차량단독 - 공작물충돌,안전운전불이행,건조,맑음,단일로 - 기타,승용,여,29세,부상신고,,,,