사고번호,사고일시,요일,시군구,사고내용,사망자수,중상자수,경상자수,부상신고자수,사고유형,법규위반,노면상태,기상상태,도로형태,가해운전자 차종,가해운전자 성별,가해운전자 연령,가해운전자 상해정도,피해운전자 차종,피해운전자 성별,피해운전자 연령,피해운전자 상해정도
2021040700100026,2021년 4월 7일 05시,수요일,광주광역시 광산구 수완동,경상사고,0,0,1,0,차대차 - 측면충돌,신호위반,건조,맑음,교차로 - 교차로안,기타불명,기타불명,미분류,기타불명,자전거,여,49세,경상
2021040700100051,2021년 4월 7일 07시,수요일,광주광역시 북구 장등동,중상사고,0,1,0,0,차대차 - 추돌,안전운전불이행,건조,맑음,기타 - 기타,승용,여,54세,상해없음,화물,남,65세,중상
2021040700100058,2021년 4월 7일 07시,수요일,광주광역시 북구 두암동,사망사고,1,0,0,0,차대차 - 측면충돌,안전운전불이행,건조,맑음,단일로 - 기타,화물,남,72세,상해없음,자전거,여,77세,사망
2021040700100059,2021년 4월 7일 07시,수요일,광주광역시 광산구 운남동,중상사고,0,1,2,1,차대차 - 추돌,안전거리미확보,건조,맑음,단일로 - 교량,승합,남,50세,상해없음,승용,남,43세,중상
2021040700100060,2021년 4월 7일 07시,수요일,광주광역시 광산구 소촌동,경상사고,0,0,1,0,차대사람 - 기타,안전운전불이행,건조,맑음,단일로 - 기타,승용,남,65세,상해없음,보행자,남,77세,경상
2021040700100135,2021년 4월 7일 09시,수요일,광주광역시 남구 봉선동,중상사고,0,1,0,0,차대사람 - 기타,안전운전불이행,건조,맑음,기타 - 기타,자전거,남,48세,상해없음,보행자,여,80세,중상
2021040700100136,2021년 4월 7일 09시,수요일,광주광역시 북구 두암동,경상사고,0,0,1,0,차대차 - 기타,신호위반,건조,맑음,교차로 - 교차로안,승용,남,66세,상해없음,승용,여,62세,경상
2021040700100137,2021년 4월 7일 09시,수요일,광주광역시 광산구 장덕동,경상사고,0,0,2,0,차대차 - 측면충돌,교차로운행방법위반,건조,맑음,교차로 - 교차로안,화물,여,46세,경상,승용,여,37세,경상
2021040700100172,2021년 4월 7일 10시,수요일,광주광역시 서구 화정동,경상사고,0,0,1,0,차대차 - 추돌,안전운전불이행,건조,맑음,교차로 - 교차로안,승용,남,36세,상해없음,승용,남,30세,경상
2021040700100200,2021년 4월 7일 11시,수요일,광주광역시 북구 두암동,경상사고,0,0,2,0,차대차 - 추돌,안전거리미확보,건조,맑음,단일로 - 기타,승용,남,74세,기타불명,승용,남,63세,경상
2021040700100234,2021년 4월 7일 12시,수요일,광주광역시 서구 광천동,경상사고,0,0,1,0,차대차 - 측면충돌,교차로운행방법위반,건조,맑음,교차로 - 교차로안,승용,남,79세,상해없음,승용,남,33세,경상
2021040700100290,2021년 4월 7일 14시,수요일,광주광역시 북구 문흥동,경상사고,0,0,1,0,차대차 - 측면충돌,안전운전불이행,건조,맑음,단일로 - 기타,건설기계,남,45세,상해없음,승용,남,31세,경상
2021040700100346,2021년 4월 7일 15시,수요일,광주광역시 남구 양림동,경상사고,0,0,1,0,차대차 - 측면충돌,신호위반,건조,맑음,교차로 - 교차로안,승용,남,50세,상해없음,승용,여,70세,경상
2021040700100347,2021년 4월 7일 15시,수요일,광주광역시 광산구 신창동,중상사고,0,1,0,0,차대사람 - 횡단중,안전운전불이행,건조,맑음,교차로 - 교차로부근,승용,여,33세,상해없음,보행자,여,79세,중상
2021040700100348,2021년 4월 7일 15시,수요일,광주광역시 광산구 소촌동,경상사고,0,0,1,0,차대차 - 측면충돌,안전운전불이행,건조,맑음,단일로 - 기타,건설기계,남,65세,상해없음,자전거,남,83세,경상
2021040700100349,2021년 4월 7일 15시,수요일,광주광역시 광산구 운수동,경상사고,0,0,2,0,차대차 - 측면충돌,차로위반,건조,맑음,단일로 - 기타,화물,남,61세,상해없음,승용,여,42세,경상
2021040700100390,2021년 4월 7일 16시,수요일,광주광역시 북구 두암동,경상사고,0,0,2,0,차대차 - 기타,교차로운행방법위반,건조,맑음,교차로 - 교차로안,승용,여,61세,상해없음,승용,남,42세,경상
2021040700100391,2021년 4월 7일 16시,수요일,광주광역시 광산구 신창동,경상사고,0,0,1,0,차대차 - 측면충돌,안전운전불이행,건조,맑음,단일로 - 기타,승용,남,81세,상해없음,승용,여,40세,경상
2021040700100438,2021년 4월 7일 17시,수요일,광주광역시 북구 동림동,경상사고,0,0,1,0,차대차 - 기타,안전운전불이행,건조,맑음,단일로 - 기타,승용,남,34세,상해없음,이륜,남,32세,경상
2021040700100439,2021년 4월 7일 17시,수요일,광주광역시 광산구 신창동,부상신고사고,0,0,0,1,차대사람 - 기타,안전운전불이행,건조,맑음,단일로 - 기타,기타불명,기타불명,미분류,기타불명,보행자,남,10세,부상신고
2021040700100479,2021년 4월 7일 18시,수요일,광주광역시 북구 문흥동,경상사고,0,0,1,0,차대차 - 측면충돌,안전운전불이행,건조,맑음,기타 - 기타,승용,남,54세,상해없음,승용,남,72세,상해없음
2021040700100495,2021년 4월 7일 18시,수요일,광주광역시 북구 삼각동,중상사고,0,1,0,0,차대차 - 기타,안전운전불이행,건조,맑음,단일로 - 기타,승용,남,50세,상해없음,개인형이동수단(PM),남,25세,중상
2021040700100568,2021년 4월 7일 20시,수요일,광주광역시 서구 화정동,경상사고,0,0,1,0,차대차 - 추돌,안전운전불이행,건조,맑음,단일로 - 기타,승용,남,41세,상해없음,기타불명,여,85세,경상
2021040700100600,2021년 4월 7일 21시,수요일,광주광역시 광산구 월계동,경상사고,0,0,3,0,차대차 - 측면충돌,직진우회전진행방해,건조,맑음,교차로 - 교차로안,승용,남,70세,기타불명,승용,남,27세,경상
2021040700100601,2021년 4월 7일 21시,수요일,광주광역시 광산구 우산동,경상사고,0,0,1,0,차대차 - 측면충돌,안전운전불이행,건조,맑음,단일로 - 기타,승용,여,47세,상해없음,원동기,남,19세,경상
2021040700100602,2021년 4월 7일 21시,수요일,광주광역시 광산구 수완동,경상사고,0,0,3,0,차대차 - 추돌,안전운전불이행,건조,맑음,교차로 - 교차로안,승용,남,18세,상해없음,승용,남,23세,경상
2021040700100645,2021년 4월 7일 23시,수요일,광주광역시 동구 대인동,중상사고,0,1,0,0,차대차 - 측면충돌,직진우회전진행방해,건조,맑음,교차로 - 교차로안,승용,여,24세,상해없음,이륜,남,58세,중상
2021040800100023,2021년 4월 8일 03시,목요일,광주광역시 서구 치평동,경상사고,0,0,2,0,차대차 - 추돌,안전운전불이행,건조,맑음,교차로 - 교차로부근,승용,남,21세,상해없음,승용,남,71세,경상
2021040800100033,2021년 4월 8일 05시,목요일,광주광역시 남구 송하동,중상사고,0,1,0,0,차대차 - 기타,안전운전불이행,건조,맑음,교차로 - 교차로횡단보도내,기타불명,기타불명,미분류,기타불명,개인형이동수단(PM),남,23세,중상
2021040800100116,2021년 4월 8일 08시,목요일,광주광역시 남구 봉선동,경상사고,0,0,1,0,차대차 - 기타,교차로운행방법위반,건조,맑음,교차로 - 교차로안,승용,여,37세,상해없음,승용,여,27세,경상
2021040800100117,2021년 4월 8일 08시,목요일,광주광역시 광산구 장덕동,경상사고,0,0,1,0,차량단독 - 기타,안전운전불이행,건조,맑음,단일로 - 기타,승합,남,46세,상해없음,,,,
2021040800100154,2021년 4월 8일 09시,목요일,광주광역시 서구 덕흥동,경상사고,0,0,1,0,차대차 - 추돌,안전운전불이행,건조,맑음,단일로 - 기타,승용,남,66세,상해없음,승용,여,58세,경상
2021040800100185,2021년 4월 8일 10시,목요일,광주광역시 광산구 송정동,경상사고,0,0,1,0,차대사람 - 기타,안전운전불이행,건조,맑음,단일로 - 기타,승용,남,62세,상해없음,보행자,남,39세,경상
2021040800100223,2021년 4월 8일 11시,목요일,광주광역시 남구 양림동,경상사고,0,0,1,0,차대차 - 측면충돌,교차로운행방법위반,건조,맑음,단일로 - 기타,승용,여,60세,상해없음,승용,남,42세,경상
2021040800100224,2021년 4월 8일 11시,목요일,광주광역시 광산구 쌍암동,경상사고,0,0,2,0,차대차 - 측면충돌,신호위반,건조,맑음,교차로 - 교차로안,승용,남,63세,경상,승용,여,54세,경상
2021040800100251,2021년 4월 8일 12시,목요일,광주광역시 북구 오치동,경상사고,0,0,1,0,차대차 - 기타,안전운전불이행,건조,맑음,교차로 - 교차로안,승용,여,54세,상해없음,이륜,남,25세,경상
2021040800100252,2021년 4월 8일 12시,목요일,광주광역시 북구 동림동,경상사고,0,0,2,0,차량단독 - 공작물충돌,안전운전불이행,건조,맑음,단일로 - 기타,승용,남,44세,경상,,,,
2021040800100286,2021년 4월 8일 13시,목요일,광주광역시 광산구 월계동,경상사고,0,0,1,0,차대차 - 기타,안전거리미확보,건조,맑음,교차로 - 교차로안,승용,남,39세,상해없음,승용,여,54세,경상
2021040800100327,2021년 4월 8일 14시,목요일,광주광역시 북구 대촌동,경상사고,0,0,1,1,차대차 - 측면충돌,교차로운행방법위반,건조,맑음,교차로 - 교차로안,화물,남,20세,부상신고,승용,남,30세,경상
2021040800100358,2021년 4월 8일 15시,목요일,광주광역시 남구 진월동,경상사고,0,0,2,0,차대차 - 측면충돌,안전운전불이행,건조,맑음,단일로 - 기타,이륜,남,17세,상해없음,승용,여,44세,경상
2021040800100400,2021년 4월 8일 16시,목요일,광주광역시 남구 주월동,경상사고,0,0,1,0,차대차 - 측면충돌,신호위반,건조,맑음,교차로 - 교차로안,승용,여,53세,상해없음,이륜,남,20세,경상
2021040800100401,2021년 4월 8일 16시,목요일,광주광역시 광산구 진곡동,경상사고,0,0,1,0,차대차 - 추돌,안전운전불이행,건조,맑음,단일로 - 기타,승용,남,52세,상해없음,승용,남,40세,기타불명
2021040800100451,2021년 4월 8일 17시,목요일,광주광역시 서구 덕흥동,경상사고,0,0,1,5,차대차 - 측면충돌,안전운전불이행,건조,맑음,단일로 - 기타,승용,남,33세,부상신고,승용,여,33세,부상신고
2021040800100452,2021년 4월 8일 17시,목요일,광주광역시 북구 일곡동,경상사고,0,0,1,0,차대차 - 기타,안전운전불이행,건조,맑음,단일로 - 기타,승용,여,28세,기타불명,승합,남,51세,상해없음
2021040800100497,2021년 4월 8일 18시,목요일,광주광역시 동구 학동,경상사고,0,0,2,0,차대차 - 측면충돌,안전운전불이행,건조,맑음,단일로 - 기타,이륜,남,20세,경상,이륜,남,43세,경상
2021040800100498,2021년 4월 8일 18시,목요일,광주광역시 동구 소태동,경상사고,0,0,2,0,차대차 - 추돌,안전거리미확보,건조,맑음,단일로 - 기타,승용,남,46세,상해없음,승용,여,62세,경상
2021040800100499,2021년 4월 8일 18시,목요일,광주광역시 북구 오치동,중상사고,0,1,0,0,차대사람 - 길가장자리구역통행중,안전운전불이행,건조,맑음,단일로 - 기타,승용,남,53세,상해없음,보행자,여,39세,중상
2021040800100501,2021년 4월 8일 18시,목요일,광주광역시 광산구 산월동,경상사고,0,0,1,0,차대차 - 측면충돌,기타,건조,맑음,교차로 - 교차로안,승용,여,57세,상해없음,자전거,남,9세,경상
2021040800100531,2021년 4월 8일 19시,목요일,광주광역시 북구 일곡동,경상사고,0,0,2,0,차대차 - 기타,안전운전불이행,건조,맑음,단일로 - 기타,승용,여,49세,경상,승용,남,43세,경상
2021040800100532,2021년 4월 8일 19시,목요일,광주광역시 북구 용봉동,경상사고,0,0,2,0,차대사람 - 횡단중,신호위반,건조,맑음,교차로 - 교차로횡단보도내,승용,남,29세,상해없음,보행자,여,73세,경상
2021040800100533,2021년 4월 8일 19시,목요일,광주광역시 광산구 산정동,경상사고,0,0,4,0,차대차 - 기타,안전운전불이행,건조,맑음,단일로 - 기타,승용,남,59세,상해없음,승용,남,59세,경상
2021040800100575,2021년 4월 8일 20시,목요일,광주광역시 서구 내방동,경상사고,0,0,3,0,차대차 - 기타,안전운전불이행,건조,맑음,교차로 - 교차로안,승용,여,20세,경상,승용,남,35세,경상
2021040800100576,2021년 4월 8일 20시,목요일,광주광역시 남구 주월동,경상사고,0,0,1,0,차대차 - 측면충돌,신호위반,건조,맑음,교차로 - 교차로안,승용,남,68세,상해없음,승용,여,39세,경상
2021040800100585,2021년 4월 8일 21시,목요일,광주광역시 북구 운암동,경상사고,0,0,2,0,차대차 - 측면충돌,안전운전불이행,건조,맑음,기타 - 기타,특수,남,54세,상해없음,승용,남,35세,경상
2021040800100594,2021년 4월 8일 21시,목요일,광주광역시 서구 금호동,경상사고,0,0,1,0,차대차 - 기타,안전운전불이행,건조,맑음,교차로 - 교차로안,승용,남,33세,상해없음,이륜,남,27세,경상
2021040900100017,2021년 4월 9일 01시,금요일,광주광역시 광산구 도산동,경상사고,0,0,1,0,차량단독 - 공작물충돌,안전운전불이행,건조,맑음,기타 - 기타,승용,남,51세,상해없음,,,,
2021040900100041,2021년 4월 9일 06시,금요일,광주광역시 광산구 운수동,경상사고,0,0,3,0,차대차 - 측면충돌,안전거리미확보,건조,맑음,단일로 - 기타,화물,남,32세,경상,화물,남,71세,경상
2021040900100064,2021년 4월 9일 07시,금요일,광주광역시 남구 진월동,경상사고,0,0,1,0,차대차 - 측면충돌,신호위반,건조,맑음,교차로 - 교차로안,화물,남,33세,상해없음,승용,여,47세,경상
2021040900100108,2021년 4월 9일 08시,금요일,광주광역시 서구 치평동,경상사고,0,0,1,0,차대차 - 측면충돌,안전운전불이행,건조,맑음,단일로 - 기타,승용,여,30세,상해없음,승용,여,57세,경상
2021040900100138,2021년 4월 9일 09시,금요일,광주광역시 광산구 송정동,경상사고,0,0,1,0,차대사람 - 횡단중,안전운전불이행,건조,맑음,교차로 - 교차로안,화물,여,27세,상해없음,보행자,여,63세,경상
2021040900100169,2021년 4월 9일 10시,금요일,광주광역시 북구 용봉동,경상사고,0,0,1,0,차대차 - 측면충돌,안전운전불이행,건조,맑음,단일로 - 기타,승용,남,66세,상해없음,승용,남,51세,경상
2021040900100213,2021년 4월 9일 11시,금요일,광주광역시 북구 신용동,경상사고,0,0,1,0,차대차 - 추돌,안전거리미확보,건조,맑음,단일로 - 기타,승용,여,59세,상해없음,승용,여,42세,경상
2021040900100251,2021년 4월 9일 12시,금요일,광주광역시 서구 농성동,경상사고,0,0,1,0,차대차 - 기타,안전운전불이행,건조,맑음,단일로 - 기타,화물,남,45세,상해없음,승용,남,62세,경상
2021040900100252,2021년 4월 9일 12시,금요일,광주광역시 광산구 선암동,경상사고,0,0,1,0,차대사람 - 기타,안전운전불이행,건조,맑음,단일로 - 기타,승용,여,36세,기타불명,보행자,남,45세,경상
2021040900100280,2021년 4월 9일 13시,금요일,광주광역시 남구 진월동,중상사고,0,1,0,0,차대차 - 측면충돌,교차로운행방법위반,건조,맑음,교차로 - 교차로안,승용,남,42세,상해없음,이륜,남,26세,중상
2021040900100303,2021년 4월 9일 14시,금요일,광주광역시 북구 장등동,경상사고,0,0,1,0,차대차 - 기타,안전운전불이행,건조,맑음,단일로 - 기타,승용,남,49세,상해없음,승용,남,35세,경상
2021040900100306,2021년 4월 9일 14시,금요일,광주광역시 동구 서석동,경상사고,0,0,1,0,차대차 - 추돌,안전거리미확보,건조,맑음,단일로 - 기타,승용,남,27세,상해없음,승용,여,25세,경상
2021040900100307,2021년 4월 9일 14시,금요일,광주광역시 북구 두암동,경상사고,0,0,2,0,차대차 - 측면충돌,신호위반,건조,맑음,교차로 - 교차로안,승용,남,19세,상해없음,승용,여,25세,경상
2021040900100349,2021년 4월 9일 15시,금요일,광주광역시 북구 중흥동,부상신고사고,0,0,0,1,차대사람 - 기타,안전운전불이행,건조,맑음,단일로 - 기타,승용,남,77세,상해없음,보행자,남,51세,부상신고
2021040900100350,2021년 4월 9일 15시,금요일,광주광역시 북구 신안동,경상사고,0,0,1,1,차대차 - 측면충돌,안전운전불이행,건조,맑음,교차로 - 교차로안,승용,여,46세,부상신고,승용,남,36세,경상
2021040900100399,2021년 4월 9일 16시,금요일,광주광역시 서구 매월동,경상사고,0,0,2,0,차대차 - 추돌,안전운전불이행,건조,맑음,단일로 - 기타,승용,남,27세,경상,승용,여,32세,경상
2021040900100400,2021년 4월 9일 16시,금요일,광주광역시 북구 용두동,경상사고,0,0,1,0,차대사람 - 기타,안전운전불이행,건조,맑음,교차로 - 교차로부근,승용,남,71세,상해없음,보행자,남,69세,경상
2021040900100463,2021년 4월 9일 17시,금요일,광주광역시 남구 임암동,경상사고,0,0,1,0,차대차 - 측면충돌,안전거리미확보,건조,맑음,단일로 - 기타,승합,여,38세,상해없음,화물,남,26세,경상
2021040900100464,2021년 4월 9일 17시,금요일,광주광역시 남구 주월동,중상사고,0,1,0,0,차대사람 - 기타,안전운전불이행,건조,맑음,단일로 - 기타,승용,남,47세,상해없음,보행자,남,85세,중상
2021040900100465,2021년 4월 9일 17시,금요일,광주광역시 광산구 도산동,경상사고,0,0,1,0,차대사람 - 기타,안전운전불이행,건조,맑음,교차로 - 교차로안,승용,남,40세,상해없음,보행자,여,68세,경상
2021040900100466,2021년 4월 9일 17시,금요일,광주광역시 광산구 쌍암동,경상사고,0,0,5,0,차대차 - 측면충돌,신호위반,건조,맑음,교차로 - 교차로안,승용,여,66세,경상,승용,남,76세,경상
2021040900100503,2021년 4월 9일 18시,금요일,광주광역시 서구 동천동,경상사고,0,0,1,1,차대차 - 기타,안전거리미확보,건조,맑음,단일로 - 기타,승용,여,26세,부상신고,승용,여,39세,경상
2021040900100504,2021년 4월 9일 18시,금요일,광주광역시 북구 두암동,경상사고,0,0,1,0,차대사람 - 기타,안전운전불이행,건조,맑음,단일로 - 기타,승용,남,59세,상해없음,보행자,여,65세,경상
2021040900100537,2021년 4월 9일 19시,금요일,광주광역시 동구 수기동,경상사고,0,0,4,0,차대차 - 측면충돌,안전거리미확보,건조,맑음,단일로 - 기타,승용,남,65세,상해없음,승용,남,22세,경상
2021040900100574,2021년 4월 9일 20시,금요일,광주광역시 서구 금호동,중상사고,0,1,0,0,차대사람 - 횡단중,보행자보호의무위반,건조,맑음,교차로 - 교차로부근,승용,여,35세,상해없음,보행자,남,67세,중상
2021040900100575,2021년 4월 9일 20시,금요일,광주광역시 남구 백운동,경상사고,0,0,2,0,차대차 - 기타,안전거리미확보,건조,맑음,교차로 - 교차로부근,승용,여,27세,상해없음,승용,남,65세,상해없음
2021040900100603,2021년 4월 9일 21시,금요일,광주광역시 광산구 신가동,중상사고,0,2,0,0,차대차 - 측면충돌,신호위반,건조,맑음,교차로 - 교차로안,승용,여,39세,중상,승용,남,54세,중상
2021040900100604,2021년 4월 9일 21시,금요일,광주광역시 광산구 운남동,중상사고,0,1,0,0,차대차 - 추돌,안전운전불이행,건조,맑음,단일로 - 기타,승용,남,55세,기타불명,이륜,남,45세,중상
2021040900100605,2021년 4월 9일 21시,금요일,광주광역시 광산구 운남동,경상사고,0,0,1,0,차대차 - 측면충돌,차로위반,건조,맑음,단일로 - 기타,승용,여,42세,상해없음,승용,남,47세,경상
2021040900100606,2021년 4월 9일 21시,금요일,광주광역시 광산구 소촌동,경상사고,0,0,1,0,차대차 - 기타,안전운전불이행,건조,맑음,단일로 - 기타,승용,남,59세,상해없음,승용,여,24세,경상
2021040900100633,2021년 4월 9일 22시,금요일,광주광역시 광산구 장덕동,경상사고,0,0,2,0,차대차 - 측면충돌,안전운전불이행,건조,맑음,단일로 - 기타,승용,남,27세,경상,승용,남,22세,기타불명
2021040900100655,2021년 4월 9일 23시,금요일,광주광역시 동구 산수동,경상사고,0,0,1,0,차대차 - 추돌,안전운전불이행,건조,맑음,단일로 - 기타,승용,여,54세,상해없음,승용,남,44세,경상
2021040900100656,2021년 4월 9일 23시,금요일,광주광역시 동구 서석동,경상사고,0,0,2,0,차대차 - 측면충돌,안전운전불이행,건조,맑음,교차로 - 교차로안,승용,남,49세,기타불명,승용,남,25세,경상
2021041000100074,2021년 4월 10일 08시,토요일,광주광역시 남구 주월동,경상사고,0,0,1,0,차대차 - 추돌,안전거리미확보,건조,맑음,단일로 - 기타,승용,남,67세,상해없음,승용,남,86세,상해없음
2021041000100104,2021년 4월 10일 09시,토요일,광주광역시 광산구 연산동,중상사고,0,1,0,0,차대사람 - 기타,안전운전불이행,건조,맑음,단일로 - 기타,승용,남,53세,상해없음,보행자,여,56세,중상
2021041000100135,2021년 4월 10일 10시,토요일,광주광역시 북구 운암동,경상사고,0,0,1,0,차대차 - 추돌,안전운전불이행,건조,기타,단일로 - 기타,화물,남,23세,상해없음,승용,남,51세,경상
2021041000100136,2021년 4월 10일 10시,토요일,광주광역시 광산구 송정동,경상사고,0,0,1,0,차대차 - 기타,안전운전불이행,건조,맑음,단일로 - 기타,승용,남,71세,상해없음,승용,남,44세,경상
2021041000100179,2021년 4월 10일 11시,토요일,광주광역시 남구 월산동,중상사고,0,1,0,0,차대사람 - 횡단중,보행자보호의무위반,건조,맑음,교차로 - 교차로안,승용,여,59세,상해없음,보행자,남,10세,중상
2021041000100180,2021년 4월 10일 11시,토요일,광주광역시 북구 양산동,중상사고,0,1,0,0,차대사람 - 기타,안전운전불이행,건조,맑음,단일로 - 기타,승용,남,29세,상해없음,보행자,여,83세,중상
2021041000100181,2021년 4월 10일 11시,토요일,광주광역시 북구 우산동,경상사고,0,0,1,0,차대차 - 측면충돌,교차로운행방법위반,건조,맑음,교차로 - 교차로안,승용,남,74세,상해없음,승용,여,37세,경상
2021041000100182,2021년 4월 10일 11시,토요일,광주광역시 광산구 장덕동,중상사고,0,1,0,0,차대차 - 측면충돌,안전운전불이행,건조,맑음,단일로 - 기타,승용,남,40세,상해없음,원동기,남,22세,중상
2021041000100226,2021년 4월 10일 12시,토요일,광주광역시 북구 일곡동,경상사고,0,0,1,0,차대차 - 측면충돌,안전운전불이행,건조,맑음,교차로 - 교차로안,승용,남,22세,상해없음,이륜,남,53세,경상
2021041000100227,2021년 4월 10일 12시,토요일,광주광역시 광산구 소촌동,경상사고,0,0,1,1,차대차 - 측면충돌,안전운전불이행,건조,맑음,교차로 - 교차로부근,이륜,남,46세,부상신고,화물,남,48세,경상
2021041000100309,2021년 4월 10일 14시,토요일,광주광역시 광산구 수완동,경상사고,0,0,1,0,차대차 - 기타,안전운전불이행,건조,맑음,단일로 - 기타,이륜,남,26세,경상,승용,남,38세,기타불명
2021041000100353,2021년 4월 10일 15시,토요일,광주광역시 북구 양산동,경상사고,0,0,1,0,차대차 - 측면충돌,기타,건조,맑음,단일로 - 기타,승용,여,44세,상해없음,승용,남,34세,경상
2021041000100398,2021년 4월 10일 16시,토요일,광주광역시 남구 진월동,경상사고,0,0,4,0,차대차 - 정면충돌,교차로운행방법위반,건조,맑음,교차로 - 교차로안,이륜,남,19세,경상,승용,남,45세,경상
2021041000100399,2021년 4월 10일 16시,토요일,광주광역시 북구 운암동,부상신고사고,0,0,0,1,차대사람 - 기타,안전운전불이행,건조,맑음,단일로 - 기타,자전거,남,37세,상해없음,보행자,남,75세,부상신고
2021041000100444,2021년 4월 10일 17시,토요일,광주광역시 동구 계림동,경상사고,0,0,1,0,차대차 - 기타,교차로운행방법위반,건조,맑음,교차로 - 교차로안,승용,남,69세,상해없음,승합,남,64세,상해없음
2021041000100445,2021년 4월 10일 17시,토요일,광주광역시 서구 쌍촌동,경상사고,0,0,1,0,차대차 - 추돌,안전운전불이행,건조,맑음,단일로 - 기타,화물,남,44세,상해없음,원동기,남,42세,경상
2021041000100446,2021년 4월 10일 17시,토요일,광주광역시 북구 양산동,경상사고,0,0,1,0,차대차 - 측면충돌,안전운전불이행,건조,맑음,단일로 - 기타,승용,남,54세,기타불명,이륜,남,65세,경상
2021041000100516,2021년 4월 10일 19시,토요일,광주광역시 북구 임동,경상사고,0,0,3,1,차대차 - 기타,교차로운행방법위반,건조,맑음,교차로 - 교차로안,승용,남,28세,부상신고,승용,남,43세,경상
2021041000100540,2021년 4월 10일 20시,토요일,광주광역시 서구 화정동,경상사고,0,0,1,0,차대차 - 측면충돌,안전운전불이행,건조,맑음,교차로 - 교차로부근,승용,남,32세,상해없음,이륜,남,27세,경상
2021041000100600,2021년 4월 10일 22시,토요일,광주광역시 서구 치평동,중상사고,0,1,0,0,차대차 - 기타,안전거리미확보,건조,맑음,단일로 - 기타,승용,남,27세,상해없음,이륜,남,38세,중상
2021041100100052,2021년 4월 11일 07시,일요일,광주광역시 남구 방림동,경상사고,0,0,2,0,차대차 - 측면충돌,신호위반,건조,맑음,교차로 - 교차로안,승용,남,37세,상해없음,승용,남,49세,경상
2021041100100111,2021년 4월 11일 10시,일요일,광주광역시 남구 임암동,경상사고,0,0,5,0,차대차 - 측면충돌,신호위반,건조,맑음,교차로 - 교차로안,승용,여,62세,경상,승용,남,66세,경상
2021041100100137,2021년 4월 11일 11시,일요일,광주광역시 광산구 장덕동,경상사고,0,0,1,0,차대차 - 측면충돌,안전거리미확보,건조,맑음,단일로 - 기타,특수,남,67세,상해없음,승용,여,45세,경상
2021041100100200,2021년 4월 11일 13시,일요일,광주광역시 북구 운암동,중상사고,0,1,0,0,차대차 - 측면충돌,직진우회전진행방해,건조,맑음,교차로 - 교차로안,승용,남,24세,기타불명,이륜,남,44세,중상
2021041100100201,2021년 4월 11일 13시,일요일,광주광역시 북구 신용동,경상사고,0,0,4,0,차대차 - 측면충돌,신호위반,건조,맑음,단일로 - 지하차도(도로)내,승용,남,32세,상해없음,승용,남,32세,경상
2021041100100202,2021년 4월 11일 13시,일요일,광주광역시 광산구 소촌동,경상사고,0,0,1,1,차대차 - 측면충돌,안전거리미확보,건조,맑음,단일로 - 기타,승용,남,61세,부상신고,승용,남,55세,경상
2021041100100234,2021년 4월 11일 14시,일요일,광주광역시 서구 마륵동,경상사고,0,0,1,1,차대차 - 측면충돌,안전거리미확보,건조,맑음,단일로 - 기타,승용,여,63세,부상신고,승용,남,45세,경상
2021041100100235,2021년 4월 11일 14시,일요일,광주광역시 서구 화정동,경상사고,0,0,1,0,차대차 - 측면충돌,안전운전불이행,건조,맑음,교차로 - 교차로안,승용,남,31세,상해없음,승용,여,52세,경상
2021041100100236,2021년 4월 11일 14시,일요일,광주광역시 북구 오치동,경상사고,0,0,1,0,차대차 - 기타,신호위반,건조,맑음,교차로 - 교차로안,이륜,남,34세,경상,승용,남,35세,상해없음
2021041100100278,2021년 4월 11일 15시,일요일,광주광역시 북구 일곡동,경상사고,0,0,1,0,차대차 - 기타,안전운전불이행,건조,맑음,단일로 - 기타,이륜,남,28세,경상,승용,남,61세,상해없음
2021041100100314,2021년 4월 11일 16시,일요일,광주광역시 북구 양산동,경상사고,0,0,1,0,차대차 - 측면충돌,직진우회전진행방해,건조,맑음,교차로 - 교차로안,이륜,남,52세,상해없음,승용,여,57세,경상
2021041100100315,2021년 4월 11일 16시,일요일,광주광역시 북구 우산동,경상사고,0,0,1,0,차대사람 - 기타,안전운전불이행,건조,맑음,단일로 - 기타,승용,남,75세,상해없음,보행자,남,71세,경상
2021041100100350,2021년 4월 11일 17시,일요일,광주광역시 북구 용두동,경상사고,0,0,3,0,차대차 - 측면충돌,안전운전불이행,건조,맑음,교차로 - 교차로부근,승용,남,57세,상해없음,승용,남,24세,경상
2021041100100351,2021년 4월 11일 17시,일요일,광주광역시 광산구 운수동,경상사고,0,0,1,0,차대사람 - 기타,안전운전불이행,건조,맑음,기타 - 기타,화물,남,59세,상해없음,보행자,여,82세,경상
2021041100100417,2021년 4월 11일 19시,일요일,광주광역시 북구 용봉동,경상사고,0,0,2,0,차대차 - 기타,안전운전불이행,건조,맑음,교차로 - 교차로안,승용,남,63세,상해없음,승용,남,54세,경상
2021041100100493,2021년 4월 11일 22시,일요일,광주광역시 광산구 쌍암동,부상신고사고,0,0,0,1,차대차 - 측면충돌,안전거리미확보,건조,맑음,단일로 - 기타,이륜,남,30세,부상신고,승용,남,51세,상해없음
2021041100100507,2021년 4월 11일 23시,일요일,광주광역시 서구 쌍촌동,경상사고,0,0,1,0,차대차 - 측면충돌,안전운전불이행,건조,맑음,교차로 - 교차로안,승용,여,23세,상해없음,승용,남,25세,경상