사고번호,사고일시,요일,시군구,사고내용,사망자수,중상자수,경상자수,부상신고자수,사고유형,법규위반,노면상태,기상상태,도로형태,가해운전자 차종,가해운전자 성별,가해운전자 연령,가해운전자 상해정도,피해운전자 차종,피해운전자 성별,피해운전자 연령,피해운전자 상해정도
2021041200100009,2021년 4월 12일 00시,월요일,광주광역시 광산구 장덕동,중상사고,0,1,0,0,차대차 - 추돌,안전거리미확보,건조,맑음,단일로 - 기타,자전거,남,17세,중상,승용,남,68세,상해없음
2021041200100039,2021년 4월 12일 06시,월요일,광주광역시 광산구 옥동,중상사고,0,2,0,0,차대차 - 측면충돌,신호위반,건조,맑음,교차로 - 교차로안,화물,남,60세,중상,승용,여,62세,중상
2021041200100058,2021년 4월 12일 07시,월요일,광주광역시 동구 산수동,중상사고,0,1,0,0,차대차 - 추돌,안전운전불이행,건조,맑음,단일로 - 기타,승용,남,71세,상해없음,이륜,남,71세,중상
2021041200100059,2021년 4월 12일 07시,월요일,광주광역시 서구 금호동,중상사고,0,1,0,0,차대차 - 측면충돌,안전운전불이행,건조,맑음,교차로 - 교차로횡단보도내,승용,남,56세,상해없음,자전거,남,25세,중상
2021041200100097,2021년 4월 12일 08시,월요일,광주광역시 남구 진월동,경상사고,0,0,1,0,차대차 - 기타,안전운전불이행,건조,맑음,단일로 - 기타,승용,남,44세,상해없음,승합,남,58세,경상
2021041200100098,2021년 4월 12일 08시,월요일,광주광역시 남구 봉선동,경상사고,0,0,1,0,차대차 - 추돌,안전운전불이행,건조,흐림,단일로 - 기타,승용,여,47세,상해없음,승용,여,27세,경상
2021041200100099,2021년 4월 12일 08시,월요일,광주광역시 북구 오치동,경상사고,0,0,1,0,차대차 - 측면충돌,교차로운행방법위반,건조,맑음,교차로 - 교차로안,승용,여,44세,상해없음,승용,남,51세,경상
2021041200100247,2021년 4월 12일 13시,월요일,광주광역시 북구 운암동,경상사고,0,0,1,0,차대사람 - 기타,안전운전불이행,젖음/습기,비,단일로 - 기타,승용,남,29세,상해없음,보행자,여,22세,경상
2021041200100248,2021년 4월 12일 13시,월요일,광주광역시 광산구 신촌동,경상사고,0,0,1,0,차대차 - 추돌,안전운전불이행,건조,맑음,교차로 - 교차로부근,기타불명,기타불명,미분류,기타불명,승용,남,58세,상해없음
2021041200100320,2021년 4월 12일 15시,월요일,광주광역시 서구 광천동,경상사고,0,0,2,0,차대차 - 측면충돌,신호위반,건조,맑음,교차로 - 교차로안,승용,여,37세,상해없음,승용,남,69세,경상
2021041200100321,2021년 4월 12일 15시,월요일,광주광역시 북구 신안동,경상사고,0,0,1,0,차대차 - 기타,차로위반,젖음/습기,비,단일로 - 기타,승용,여,58세,상해없음,승용,여,27세,경상
2021041200100322,2021년 4월 12일 15시,월요일,광주광역시 북구 삼각동,경상사고,0,0,2,0,차대차 - 측면충돌,안전운전불이행,건조,맑음,단일로 - 기타,승용,남,40세,경상,승용,여,44세,경상
2021041200100363,2021년 4월 12일 16시,월요일,광주광역시 북구 삼각동,경상사고,0,0,3,0,차대차 - 기타,신호위반,젖음/습기,비,교차로 - 교차로안,승용,남,65세,경상,화물,남,39세,경상
2021041200100404,2021년 4월 12일 17시,월요일,광주광역시 북구 두암동,경상사고,0,0,1,0,차대차 - 기타,불법유턴,젖음/습기,비,단일로 - 기타,승용,남,53세,상해없음,승용,남,62세,경상
2021041200100440,2021년 4월 12일 18시,월요일,광주광역시 서구 쌍촌동,경상사고,0,0,1,0,차대차 - 기타,안전운전불이행,건조,맑음,교차로 - 교차로부근,승용,남,58세,상해없음,이륜,남,41세,경상
2021041200100441,2021년 4월 12일 18시,월요일,광주광역시 남구 백운동,경상사고,0,0,2,0,차대차 - 측면충돌,안전운전불이행,젖음/습기,비,교차로 - 교차로부근,승용,여,29세,상해없음,승용,남,28세,경상
2021041200100442,2021년 4월 12일 18시,월요일,광주광역시 광산구 수완동,경상사고,0,0,1,0,차대차 - 정면충돌,안전운전불이행,건조,맑음,단일로 - 기타,화물,남,47세,상해없음,승용,여,63세,경상
2021041200100443,2021년 4월 12일 18시,월요일,광주광역시 광산구 선암동,경상사고,0,0,1,0,차대사람 - 기타,안전운전불이행,젖음/습기,비,단일로 - 기타,승용,여,49세,상해없음,보행자,남,31세,경상
2021041200100490,2021년 4월 12일 19시,월요일,광주광역시 서구 내방동,경상사고,0,0,1,0,차대사람 - 횡단중,보행자보호의무위반,젖음/습기,비,교차로 - 교차로횡단보도내,화물,남,45세,상해없음,보행자,남,44세,경상
2021041200100491,2021년 4월 12일 19시,월요일,광주광역시 서구 치평동,경상사고,0,0,2,0,차대차 - 측면충돌,신호위반,젖음/습기,비,교차로 - 교차로안,승용,남,32세,상해없음,승용,남,53세,경상
2021041200100492,2021년 4월 12일 19시,월요일,광주광역시 남구 주월동,경상사고,0,0,7,0,차대차 - 기타,신호위반,젖음/습기,비,교차로 - 교차로안,이륜,남,18세,경상,승합,남,38세,경상
2021041200100493,2021년 4월 12일 19시,월요일,광주광역시 북구 양산동,경상사고,0,0,5,0,차대차 - 측면충돌,안전운전불이행,젖음/습기,비,교차로 - 교차로안,승용,남,34세,경상,승합,남,55세,경상
2021041200100494,2021년 4월 12일 19시,월요일,광주광역시 북구 운암동,경상사고,0,0,2,0,차대차 - 측면충돌,안전거리미확보,젖음/습기,비,단일로 - 기타,승용,남,69세,상해없음,승용,남,28세,상해없음
2021041200100580,2021년 4월 12일 21시,월요일,광주광역시 북구 용두동,경상사고,0,0,1,0,차대사람 - 횡단중,안전운전불이행,건조,맑음,교차로 - 교차로안,승용,여,44세,상해없음,보행자,남,17세,경상
2021041300100022,2021년 4월 13일 01시,화요일,광주광역시 북구 일곡동,경상사고,0,0,1,0,차대차 - 측면충돌,차로위반,건조,맑음,단일로 - 기타,승용,남,22세,상해없음,승용,남,35세,경상
2021041300100031,2021년 4월 13일 04시,화요일,광주광역시 광산구 운남동,경상사고,0,0,2,0,차대차 - 측면충돌,안전운전불이행,건조,맑음,단일로 - 기타,승합,남,40세,상해없음,승용,남,51세,경상
2021041300100079,2021년 4월 13일 07시,화요일,광주광역시 남구 이장동,경상사고,0,0,3,0,차대차 - 추돌,기타,젖음/습기,흐림,단일로 - 기타,화물,남,69세,상해없음,화물,남,35세,경상
2021041300100116,2021년 4월 13일 08시,화요일,광주광역시 북구 운정동,경상사고,0,0,1,0,차량단독 - 전도전복 - 전도,안전운전불이행,건조,맑음,단일로 - 기타,이륜,남,59세,경상,,,,
2021041300100144,2021년 4월 13일 09시,화요일,광주광역시 동구 황금동,경상사고,0,0,1,0,차대사람 - 기타,신호위반,건조,맑음,단일로 - 기타,승합,여,39세,상해없음,보행자,여,39세,경상
2021041300100198,2021년 4월 13일 11시,화요일,광주광역시 남구 송하동,중상사고,0,1,0,0,차대차 - 측면충돌,안전운전불이행,건조,맑음,단일로 - 기타,승용,남,64세,상해없음,자전거,남,65세,중상
2021041300100199,2021년 4월 13일 11시,화요일,광주광역시 북구 동림동,중상사고,0,1,1,0,차대사람 - 보도통행중,기타,건조,맑음,단일로 - 기타,자전거,여,55세,경상,보행자,여,29세,중상
2021041300100200,2021년 4월 13일 11시,화요일,광주광역시 광산구 선암동,경상사고,0,0,4,0,차대차 - 추돌,안전운전불이행,건조,맑음,단일로 - 지하차도(도로)내,승용,남,27세,경상,승용,여,43세,경상
2021041300100223,2021년 4월 13일 12시,화요일,광주광역시 동구 계림동,경상사고,0,0,1,0,차대차 - 정면충돌,교차로운행방법위반,건조,맑음,교차로 - 교차로안,승용,남,59세,상해없음,이륜,남,27세,경상
2021041300100295,2021년 4월 13일 14시,화요일,광주광역시 서구 풍암동,경상사고,0,0,1,0,차대차 - 측면충돌,차로위반,건조,맑음,단일로 - 기타,승용,여,19세,상해없음,이륜,남,35세,경상
2021041300100296,2021년 4월 13일 14시,화요일,광주광역시 광산구 도천동,경상사고,0,0,5,0,차대차 - 측면충돌,교차로운행방법위반,건조,맑음,교차로 - 교차로안,승용,남,70세,경상,승합,남,62세,경상
2021041300100334,2021년 4월 13일 15시,화요일,광주광역시 북구 운암동,경상사고,0,0,2,0,차대차 - 측면충돌,안전운전불이행,건조,맑음,교차로 - 교차로안,승용,여,52세,경상,승용,남,56세,경상
2021041300100385,2021년 4월 13일 16시,화요일,광주광역시 서구 풍암동,경상사고,0,0,6,0,차대차 - 기타,안전거리미확보,건조,맑음,단일로 - 기타,화물,남,44세,상해없음,승합,남,65세,경상
2021041300100386,2021년 4월 13일 16시,화요일,광주광역시 남구 월산동,경상사고,0,0,3,0,차대차 - 기타,안전운전불이행,건조,맑음,교차로 - 교차로안,승용,남,73세,상해없음,승용,여,37세,경상
2021041300100387,2021년 4월 13일 16시,화요일,광주광역시 북구 양산동,경상사고,0,0,2,0,차대차 - 측면충돌,안전운전불이행,건조,흐림,단일로 - 기타,승용,여,63세,경상,승용,남,32세,경상
2021041300100481,2021년 4월 13일 18시,화요일,광주광역시 서구 유촌동,경상사고,0,0,1,0,차대차 - 측면충돌,안전운전불이행,건조,맑음,교차로 - 교차로부근,승용,남,35세,상해없음,승용,남,50세,경상
2021041300100482,2021년 4월 13일 18시,화요일,광주광역시 북구 신용동,부상신고사고,0,0,0,1,차대사람 - 기타,안전운전불이행,건조,맑음,단일로 - 기타,이륜,남,16세,부상신고,보행자,여,12세,상해없음
2021041300100483,2021년 4월 13일 18시,화요일,광주광역시 북구 용봉동,경상사고,0,0,1,0,차대차 - 측면충돌,차로위반,건조,맑음,단일로 - 기타,승용,여,59세,상해없음,승용,여,49세,경상
2021041300100550,2021년 4월 13일 20시,화요일,광주광역시 서구 쌍촌동,경상사고,0,0,3,0,차대차 - 기타,안전운전불이행,건조,맑음,단일로 - 기타,승용,여,28세,상해없음,승용,남,61세,경상
2021041300100551,2021년 4월 13일 20시,화요일,광주광역시 남구 백운동,부상신고사고,0,0,0,1,차대사람 - 기타,안전운전불이행,건조,맑음,교차로 - 교차로부근,기타불명,기타불명,미분류,기타불명,보행자,남,37세,부상신고
2021041300100579,2021년 4월 13일 21시,화요일,광주광역시 북구 오치동,경상사고,0,0,1,0,차대차 - 측면충돌,교차로운행방법위반,건조,맑음,교차로 - 교차로안,승용,여,62세,상해없음,이륜,남,52세,경상
2021041300100580,2021년 4월 13일 21시,화요일,광주광역시 광산구 장덕동,중상사고,0,1,1,0,차대차 - 측면충돌,신호위반,건조,맑음,교차로 - 교차로안,이륜,남,24세,중상,승용,남,25세,경상
2021041300100611,2021년 4월 13일 22시,화요일,광주광역시 광산구 산정동,경상사고,0,0,1,1,차대차 - 측면충돌,안전운전불이행,건조,맑음,단일로 - 기타,승용,남,24세,부상신고,승용,여,36세,경상
2021041300100623,2021년 4월 13일 23시,화요일,광주광역시 북구 문흥동,경상사고,0,0,1,0,차대차 - 기타,교차로운행방법위반,건조,맑음,교차로 - 교차로안,승용,남,30세,상해없음,이륜,남,26세,경상
2021041400100030,2021년 4월 14일 06시,수요일,광주광역시 북구 두암동,경상사고,0,0,1,0,차대차 - 측면충돌,교차로운행방법위반,건조,맑음,교차로 - 교차로안,화물,남,50세,기타불명,화물,남,27세,경상
2021041400100056,2021년 4월 14일 07시,수요일,광주광역시 북구 문흥동,중상사고,0,1,0,0,차대사람 - 횡단중,보행자보호의무위반,건조,맑음,교차로 - 교차로횡단보도내,승용,남,38세,상해없음,보행자,여,25세,중상
2021041400100120,2021년 4월 14일 09시,수요일,광주광역시 서구 쌍촌동,경상사고,0,0,2,1,차대차 - 기타,교차로운행방법위반,건조,맑음,교차로 - 교차로안,승용,남,52세,부상신고,승용,남,48세,경상
2021041400100121,2021년 4월 14일 09시,수요일,광주광역시 남구 임암동,경상사고,0,0,2,0,차대차 - 측면충돌,신호위반,건조,맑음,단일로 - 기타,화물,남,63세,상해없음,승용,남,27세,경상
2021041400100122,2021년 4월 14일 09시,수요일,광주광역시 북구 누문동,경상사고,0,0,2,0,차대차 - 측면충돌,안전거리미확보,건조,맑음,교차로 - 교차로부근,승용,여,52세,경상,화물,남,41세,경상
2021041400100166,2021년 4월 14일 11시,수요일,광주광역시 광산구 운수동,경상사고,0,0,1,0,차대차 - 측면충돌,안전운전불이행,건조,맑음,단일로 - 기타,화물,남,57세,상해없음,승용,남,36세,경상
2021041400100204,2021년 4월 14일 12시,수요일,광주광역시 북구 운암동,경상사고,0,0,1,0,차대차 - 측면충돌,신호위반,건조,기타,교차로 - 교차로안,승용,여,56세,상해없음,승용,남,50세,경상
2021041400100306,2021년 4월 14일 15시,수요일,광주광역시 서구 화정동,중상사고,0,1,0,0,차대사람 - 보도통행중,안전운전불이행,건조,맑음,단일로 - 기타,승용,남,68세,상해없음,보행자,여,82세,중상
2021041400100389,2021년 4월 14일 17시,수요일,광주광역시 북구 일곡동,중상사고,0,1,0,0,차대사람 - 차도통행중,신호위반,건조,맑음,교차로 - 교차로안,개인형이동수단(PM),남,15세,기타불명,보행자,여,66세,중상
2021041400100390,2021년 4월 14일 17시,수요일,광주광역시 북구 문흥동,경상사고,0,0,3,0,차대차 - 기타,안전거리미확보,건조,맑음,단일로 - 기타,승용,남,62세,경상,화물,남,39세,경상
2021041400100391,2021년 4월 14일 17시,수요일,광주광역시 광산구 소촌동,중상사고,0,1,0,0,차대사람 - 횡단중,안전운전불이행,건조,맑음,단일로 - 기타,승용,남,43세,상해없음,보행자,여,55세,중상
2021041400100435,2021년 4월 14일 18시,수요일,광주광역시 동구 대인동,경상사고,0,0,2,0,차대차 - 측면충돌,신호위반,건조,맑음,교차로 - 교차로안,승용,여,22세,경상,승합,남,52세,경상
2021041400100436,2021년 4월 14일 18시,수요일,광주광역시 광산구 신가동,중상사고,0,1,1,0,차대차 - 기타,안전운전불이행,건조,맑음,교차로 - 교차로부근,화물,남,44세,중상,화물,남,51세,경상
2021041400100472,2021년 4월 14일 19시,수요일,광주광역시 서구 쌍촌동,경상사고,0,0,1,0,차대차 - 측면충돌,안전거리미확보,건조,맑음,교차로 - 교차로부근,승용,남,62세,상해없음,이륜,남,48세,경상
2021041400100473,2021년 4월 14일 19시,수요일,광주광역시 광산구 우산동,경상사고,0,0,1,0,차대차 - 측면충돌,안전운전불이행,건조,맑음,교차로 - 교차로안,승용,남,56세,상해없음,이륜,남,37세,경상
2021041400100523,2021년 4월 14일 21시,수요일,광주광역시 북구 두암동,경상사고,0,0,1,0,차대차 - 정면충돌,안전운전불이행,건조,맑음,주차장 - 주차장,승용,여,57세,상해없음,승용,여,46세,경상
2021041400100524,2021년 4월 14일 21시,수요일,광주광역시 광산구 신가동,경상사고,0,0,3,0,차대차 - 측면충돌,안전운전불이행,건조,맑음,교차로 - 교차로안,승용,남,29세,경상,승용,남,28세,경상
2021041400100572,2021년 4월 14일 23시,수요일,광주광역시 서구 풍암동,경상사고,0,0,1,0,차대차 - 추돌,안전운전불이행,건조,맑음,교차로 - 교차로부근,승용,남,26세,상해없음,승용,남,42세,경상
2021041400100573,2021년 4월 14일 23시,수요일,광주광역시 북구 운암동,경상사고,0,0,3,0,차대차 - 측면충돌,안전운전불이행,건조,맑음,기타 - 기타,승용,남,39세,상해없음,승용,남,38세,경상
2021041500100014,2021년 4월 15일 01시,목요일,광주광역시 광산구 장덕동,중상사고,0,1,0,0,차대차 - 추돌,안전운전불이행,건조,맑음,교차로 - 교차로부근,승용,남,38세,상해없음,이륜,남,45세,중상
2021041500100063,2021년 4월 15일 07시,목요일,광주광역시 광산구 신가동,경상사고,0,0,1,0,차대차 - 측면충돌,신호위반,건조,맑음,교차로 - 교차로안,승용,남,63세,상해없음,승용,남,31세,경상
2021041500100131,2021년 4월 15일 09시,목요일,광주광역시 북구 양산동,경상사고,0,0,1,1,차대차 - 측면충돌,안전운전불이행,건조,맑음,교차로 - 교차로안,승용,여,32세,부상신고,승용,남,35세,경상
2021041500100223,2021년 4월 15일 12시,목요일,광주광역시 동구 지산동,경상사고,0,0,2,0,차대차 - 측면충돌,안전운전불이행,건조,맑음,교차로 - 교차로안,승용,여,43세,경상,승용,남,46세,경상
2021041500100290,2021년 4월 15일 14시,목요일,광주광역시 광산구 선암동,중상사고,0,1,0,0,차대차 - 측면충돌,안전거리미확보,건조,맑음,단일로 - 기타,화물,남,46세,상해없음,이륜,남,26세,중상
2021041500100291,2021년 4월 15일 14시,목요일,광주광역시 광산구 안청동,중상사고,0,1,1,0,차대차 - 기타,신호위반,건조,맑음,교차로 - 교차로안,승용,여,63세,기타불명,승용,여,19세,중상
2021041500100323,2021년 4월 15일 15시,목요일,광주광역시 동구 산수동,경상사고,0,0,1,0,차량단독 - 기타,기타,건조,맑음,기타 - 기타,승합,남,50세,상해없음,,,,
2021041500100324,2021년 4월 15일 15시,목요일,광주광역시 광산구 신창동,경상사고,0,0,2,0,차대차 - 측면충돌,안전운전불이행,건조,맑음,교차로 - 교차로안,승용,여,19세,상해없음,승용,남,50세,경상
2021041500100363,2021년 4월 15일 16시,목요일,광주광역시 북구 운암동,경상사고,0,0,3,0,차대차 - 측면충돌,차로위반,건조,맑음,단일로 - 고가도로위,승용,남,22세,상해없음,승용,남,28세,경상
2021041500100409,2021년 4월 15일 17시,목요일,광주광역시 광산구 수완동,경상사고,0,0,2,0,차대차 - 측면충돌,안전운전불이행,건조,맑음,단일로 - 기타,개인형이동수단(PM),여,14세,경상,승용,남,36세,상해없음
2021041500100410,2021년 4월 15일 17시,목요일,광주광역시 광산구 안청동,경상사고,0,0,2,0,차대차 - 기타,안전거리미확보,건조,맑음,단일로 - 기타,승용,남,37세,경상,화물,남,36세,경상
2021041500100411,2021년 4월 15일 17시,목요일,광주광역시 광산구 운남동,경상사고,0,0,1,0,차대사람 - 기타,안전운전불이행,건조,맑음,단일로 - 기타,승용,남,58세,상해없음,보행자,남,55세,경상
2021041500100464,2021년 4월 15일 18시,목요일,광주광역시 서구 유촌동,경상사고,0,0,4,0,차대차 - 측면충돌,차로위반,건조,맑음,단일로 - 기타,승용,남,46세,상해없음,승용,남,19세,경상
2021041500100465,2021년 4월 15일 18시,목요일,광주광역시 남구 봉선동,경상사고,0,0,1,0,차대사람 - 횡단중,신호위반,건조,맑음,교차로 - 교차로횡단보도내,승용,남,67세,상해없음,보행자,여,27세,경상
2021041500100466,2021년 4월 15일 18시,목요일,광주광역시 남구 주월동,경상사고,0,0,1,0,차대차 - 측면충돌,안전운전불이행,건조,맑음,단일로 - 기타,승용,남,58세,상해없음,승용,남,50세,경상
2021041500100467,2021년 4월 15일 18시,목요일,광주광역시 광산구 월곡동,중상사고,0,1,0,0,차대사람 - 횡단중,안전운전불이행,건조,맑음,단일로 - 기타,승용,여,35세,상해없음,보행자,남,7세,중상
2021041500100509,2021년 4월 15일 19시,목요일,광주광역시 동구 수기동,부상신고사고,0,0,0,1,차대차 - 측면충돌,안전운전불이행,건조,맑음,단일로 - 기타,승용,남,78세,상해없음,승용,남,73세,부상신고
2021041500100510,2021년 4월 15일 19시,목요일,광주광역시 북구 동림동,경상사고,0,0,1,0,차대차 - 측면충돌,안전운전불이행,건조,맑음,단일로 - 기타,승용,여,39세,상해없음,이륜,남,40세,경상
2021041500100550,2021년 4월 15일 20시,목요일,광주광역시 서구 쌍촌동,경상사고,0,0,1,0,차대차 - 측면충돌,신호위반,건조,맑음,교차로 - 교차로안,승용,남,27세,상해없음,이륜,남,30세,경상
2021041600100015,2021년 4월 16일 01시,금요일,광주광역시 북구 삼각동,중상사고,0,1,0,0,차대차 - 측면충돌,신호위반,건조,맑음,교차로 - 교차로안,승용,남,59세,상해없음,이륜,남,19세,중상
2021041600100067,2021년 4월 16일 07시,금요일,광주광역시 남구 화장동,경상사고,0,0,1,0,차대차 - 추돌,기타,건조,맑음,교차로 - 교차로안,승용,남,23세,상해없음,승용,여,49세,경상
2021041600100109,2021년 4월 16일 08시,금요일,광주광역시 서구 마륵동,경상사고,0,0,2,0,차대차 - 기타,안전운전불이행,건조,맑음,교차로 - 교차로안,승용,남,46세,상해없음,승용,남,53세,경상
2021041600100134,2021년 4월 16일 09시,금요일,광주광역시 광산구 월곡동,중상사고,0,1,0,0,차대사람 - 횡단중,보행자보호의무위반,건조,맑음,교차로 - 교차로횡단보도내,화물,남,64세,상해없음,보행자,여,54세,중상
2021041600100156,2021년 4월 16일 10시,금요일,광주광역시 광산구 소촌동,경상사고,0,0,2,1,차대차 - 측면충돌,직진우회전진행방해,건조,맑음,교차로 - 교차로안,승용,여,53세,경상,승용,여,37세,경상
2021041600100180,2021년 4월 16일 11시,금요일,광주광역시 남구 서동,경상사고,0,0,1,0,차대차 - 후진중충돌,안전운전불이행,건조,맑음,교차로 - 교차로안,승용,여,41세,상해없음,이륜,남,60세,경상
2021041600100181,2021년 4월 16일 11시,금요일,광주광역시 광산구 월전동,중상사고,0,1,2,0,차대차 - 기타,중앙선침범,건조,맑음,교차로 - 교차로부근,승용,남,57세,경상,승용,남,38세,중상
2021041600100266,2021년 4월 16일 14시,금요일,광주광역시 북구 용봉동,경상사고,0,0,1,0,차대차 - 측면충돌,신호위반,건조,맑음,교차로 - 교차로안,화물,남,74세,상해없음,승용,남,28세,경상
2021041600100267,2021년 4월 16일 14시,금요일,광주광역시 광산구 월곡동,중상사고,0,1,0,0,차대사람 - 횡단중,안전운전불이행,건조,맑음,단일로 - 기타,화물,남,59세,상해없음,보행자,여,85세,중상
2021041600100345,2021년 4월 16일 16시,금요일,광주광역시 서구 치평동,경상사고,0,0,3,0,차대차 - 기타,안전운전불이행,건조,맑음,교차로 - 교차로안,이륜,남,33세,경상,승용,여,43세,경상
2021041600100376,2021년 4월 16일 17시,금요일,광주광역시 북구 운암동,경상사고,0,0,1,0,차대차 - 측면충돌,교차로운행방법위반,건조,맑음,교차로 - 교차로안,승용,남,63세,상해없음,승용,남,56세,경상
2021041600100377,2021년 4월 16일 17시,금요일,광주광역시 광산구 도산동,경상사고,0,0,1,0,차대차 - 기타,직진우회전진행방해,건조,맑음,교차로 - 교차로안,승용,남,28세,상해없음,승용,남,22세,경상
2021041600100426,2021년 4월 16일 18시,금요일,광주광역시 북구 동림동,중상사고,0,1,0,0,차대사람 - 보도통행중,안전운전불이행,건조,맑음,기타 - 기타,화물,남,29세,상해없음,보행자,남,7세,중상
2021041600100427,2021년 4월 16일 18시,금요일,광주광역시 북구 두암동,경상사고,0,0,1,0,차대차 - 기타,안전운전불이행,건조,맑음,교차로 - 교차로안,승용,남,73세,기타불명,승용,여,38세,경상
2021041600100428,2021년 4월 16일 18시,금요일,광주광역시 광산구 신가동,경상사고,0,0,1,0,차대사람 - 차도통행중,안전운전불이행,건조,맑음,단일로 - 기타,이륜,남,53세,상해없음,보행자,남,33세,경상
2021041600100470,2021년 4월 16일 19시,금요일,광주광역시 북구 중흥동,경상사고,0,0,1,0,차대차 - 기타,안전거리미확보,건조,맑음,교차로 - 교차로부근,승용,남,72세,상해없음,이륜,남,35세,경상
2021041600100498,2021년 4월 16일 20시,금요일,광주광역시 광산구 하남동,경상사고,0,0,1,0,차대사람 - 차도통행중,안전운전불이행,건조,맑음,교차로 - 교차로안,승용,여,50세,상해없음,보행자,남,56세,경상
2021041600100589,2021년 4월 16일 23시,금요일,광주광역시 서구 쌍촌동,경상사고,0,0,1,0,차대차 - 측면충돌,신호위반,건조,맑음,교차로 - 교차로안,이륜,남,16세,상해없음,승용,여,52세,경상
2021041700100010,2021년 4월 17일 00시,토요일,광주광역시 광산구 도산동,경상사고,0,0,1,0,차대차 - 측면충돌,신호위반,건조,맑음,교차로 - 교차로안,승용,남,21세,상해없음,승용,남,29세,경상
2021041700100035,2021년 4월 17일 03시,토요일,광주광역시 동구 대인동,중상사고,0,1,2,0,차대차 - 측면충돌,신호위반,건조,맑음,교차로 - 교차로안,승용,남,26세,상해없음,승용,여,30세,중상
2021041700100050,2021년 4월 17일 05시,토요일,광주광역시 서구 매월동,경상사고,0,0,3,0,차량단독 - 공작물충돌,안전운전불이행,건조,맑음,교차로 - 교차로안,승용,남,71세,상해없음,,,,
2021041700100073,2021년 4월 17일 07시,토요일,광주광역시 남구 월산동,부상신고사고,0,0,0,1,차대차 - 기타,안전운전불이행,건조,맑음,단일로 - 기타,개인형이동수단(PM),남,21세,부상신고,승용,남,60세,상해없음
2021041700100093,2021년 4월 17일 08시,토요일,광주광역시 북구 동림동,경상사고,0,0,1,0,차대차 - 추돌,안전운전불이행,건조,기타,단일로 - 기타,화물,남,64세,상해없음,승용,남,30세,경상
2021041700100117,2021년 4월 17일 09시,토요일,광주광역시 서구 치평동,경상사고,0,0,2,1,차대차 - 측면충돌,교차로운행방법위반,건조,맑음,교차로 - 교차로안,승용,남,69세,부상신고,승용,남,65세,경상
2021041700100118,2021년 4월 17일 09시,토요일,광주광역시 광산구 송촌동,경상사고,0,0,1,0,차대차 - 측면충돌,신호위반,건조,맑음,교차로 - 교차로안,화물,남,55세,상해없음,승용,남,52세,경상
2021041700100221,2021년 4월 17일 12시,토요일,광주광역시 광산구 신가동,경상사고,0,0,2,0,차대차 - 측면충돌,차로위반,건조,맑음,교차로 - 교차로안,승용,남,74세,상해없음,승용,남,71세,경상
2021041700100265,2021년 4월 17일 13시,토요일,광주광역시 남구 봉선동,경상사고,0,0,1,0,차대차 - 기타,안전운전불이행,건조,맑음,단일로 - 기타,승용,남,33세,상해없음,승용,남,25세,경상
2021041700100266,2021년 4월 17일 13시,토요일,광주광역시 광산구 송정동,경상사고,0,0,1,0,차대사람 - 횡단중,안전운전불이행,건조,맑음,교차로 - 교차로부근,승용,남,75세,상해없음,보행자,남,70세,경상
2021041700100267,2021년 4월 17일 13시,토요일,광주광역시 광산구 도산동,경상사고,0,0,3,0,차대차 - 기타,안전운전불이행,건조,맑음,교차로 - 교차로안,화물,남,68세,경상,승용,남,22세,경상
2021041700100307,2021년 4월 17일 14시,토요일,광주광역시 동구 금동,중상사고,0,1,0,0,차대차 - 측면충돌,안전운전불이행,건조,맑음,교차로 - 교차로안,화물,여,67세,상해없음,자전거,여,23세,중상
2021041700100308,2021년 4월 17일 14시,토요일,광주광역시 북구 운암동,경상사고,0,0,4,0,차대차 - 측면충돌,안전거리미확보,건조,맑음,교차로 - 교차로부근,승용,남,38세,경상,승용,남,29세,경상
2021041700100357,2021년 4월 17일 15시,토요일,광주광역시 서구 내방동,경상사고,0,0,2,0,차대차 - 기타,교차로운행방법위반,건조,맑음,교차로 - 교차로안,기타불명,기타불명,미분류,기타불명,승용,남,34세,경상
2021041700100358,2021년 4월 17일 15시,토요일,광주광역시 북구 양산동,중상사고,0,1,0,0,차대차 - 기타,교차로운행방법위반,건조,맑음,교차로 - 교차로안,승용,여,60세,기타불명,이륜,남,44세,중상
2021041700100359,2021년 4월 17일 15시,토요일,광주광역시 북구 삼각동,경상사고,0,0,2,0,차대차 - 추돌,안전운전불이행,건조,맑음,단일로 - 기타,승용,남,41세,상해없음,승용,남,58세,경상
2021041700100360,2021년 4월 17일 15시,토요일,광주광역시 광산구 비아동,부상신고사고,0,0,0,1,차대차 - 기타,안전운전불이행,건조,맑음,단일로 - 기타,승용,남,38세,상해없음,개인형이동수단(PM),남,74세,부상신고
2021041700100361,2021년 4월 17일 15시,토요일,광주광역시 광산구 장수동,경상사고,0,0,2,0,차대차 - 측면충돌,신호위반,건조,맑음,단일로 - 기타,승용,여,35세,기타불명,승용,남,32세,경상
2021041700100394,2021년 4월 17일 16시,토요일,광주광역시 광산구 월곡동,경상사고,0,0,1,0,차대차 - 측면충돌,안전운전불이행,건조,맑음,단일로 - 기타,원동기,남,18세,경상,승용,남,47세,상해없음
2021041700100442,2021년 4월 17일 17시,토요일,광주광역시 북구 운암동,중상사고,0,1,0,0,차대사람 - 보도통행중,기타,건조,맑음,단일로 - 기타,개인형이동수단(PM),여,16세,상해없음,보행자,남,30세,중상