사고번호,사고일시,요일,시군구,사고내용,사망자수,중상자수,경상자수,부상신고자수,사고유형,법규위반,노면상태,기상상태,도로형태,가해운전자 차종,가해운전자 성별,가해운전자 연령,가해운전자 상해정도,피해운전자 차종,피해운전자 성별,피해운전자 연령,피해운전자 상해정도
2021041700100472,2021년 4월 17일 18시,토요일,광주광역시 북구 중흥동,부상신고사고,0,0,0,1,차대사람 - 기타,안전운전불이행,건조,맑음,단일로 - 기타,승용,남,59세,상해없음,보행자,남,63세,부상신고
2021041700100473,2021년 4월 17일 18시,토요일,광주광역시 북구 삼각동,경상사고,0,0,2,0,차대차 - 추돌,안전운전불이행,건조,맑음,단일로 - 기타,화물,남,55세,상해없음,승용,남,29세,경상
2021041700100474,2021년 4월 17일 18시,토요일,광주광역시 광산구 비아동,경상사고,0,0,5,0,차대차 - 기타,신호위반,건조,맑음,교차로 - 교차로안,승용,여,46세,경상,승용,여,46세,경상
2021041700100529,2021년 4월 17일 20시,토요일,광주광역시 광산구 월계동,경상사고,0,0,1,0,차대차 - 후진중충돌,안전운전불이행,건조,맑음,단일로 - 기타,승용,남,57세,상해없음,승용,남,55세,경상
2021041700100558,2021년 4월 17일 21시,토요일,광주광역시 남구 임암동,경상사고,0,0,2,0,차대차 - 측면충돌,신호위반,건조,맑음,교차로 - 교차로안,이륜,남,20세,상해없음,승용,남,29세,경상
2021041700100559,2021년 4월 17일 21시,토요일,광주광역시 북구 용두동,중상사고,0,1,0,0,차대차 - 측면충돌,차로위반,건조,맑음,단일로 - 기타,화물,남,25세,상해없음,이륜,남,55세,중상
2021041700100596,2021년 4월 17일 23시,토요일,광주광역시 남구 봉선동,경상사고,0,0,1,0,차대차 - 측면충돌,교차로운행방법위반,건조,맑음,교차로 - 교차로안,승용,남,24세,상해없음,이륜,남,21세,경상
2021041800100008,2021년 4월 18일 00시,일요일,광주광역시 북구 두암동,경상사고,0,0,1,0,차대차 - 기타,안전운전불이행,건조,맑음,기타 - 기타,승용,남,43세,상해없음,승용,남,69세,경상
2021041800100009,2021년 4월 18일 00시,일요일,광주광역시 광산구 월계동,경상사고,0,0,2,0,차대차 - 기타,안전거리미확보,건조,맑음,단일로 - 기타,승용,남,24세,상해없음,승용,여,26세,경상
2021041800100024,2021년 4월 18일 02시,일요일,광주광역시 동구 불로동,경상사고,0,0,2,0,차대차 - 측면충돌,신호위반,건조,맑음,교차로 - 교차로안,승용,남,23세,상해없음,승용,남,36세,경상
2021041800100025,2021년 4월 18일 02시,일요일,광주광역시 서구 쌍촌동,경상사고,0,0,1,0,차대차 - 추돌,안전운전불이행,건조,맑음,교차로 - 교차로부근,승용,남,63세,상해없음,승용,남,25세,상해없음
2021041800100026,2021년 4월 18일 02시,일요일,광주광역시 광산구 하남동,경상사고,0,0,1,0,차대사람 - 기타,안전운전불이행,건조,맑음,교차로 - 교차로안,승용,남,67세,상해없음,보행자,여,22세,경상
2021041800100034,2021년 4월 18일 04시,일요일,광주광역시 서구 치평동,경상사고,0,0,1,0,차대차 - 기타,신호위반,건조,맑음,교차로 - 교차로안,승용,남,25세,상해없음,승용,남,56세,상해없음
2021041800100129,2021년 4월 18일 12시,일요일,광주광역시 서구 치평동,경상사고,0,0,1,0,차대사람 - 횡단중,안전운전불이행,건조,맑음,단일로 - 기타,원동기,남,44세,상해없음,보행자,남,24세,경상
2021041800100130,2021년 4월 18일 12시,일요일,광주광역시 광산구 장덕동,중상사고,0,2,1,0,차대차 - 측면충돌,직진우회전진행방해,건조,맑음,교차로 - 교차로안,승용,여,48세,중상,승용,여,37세,경상
2021041800100161,2021년 4월 18일 13시,일요일,광주광역시 광산구 운수동,경상사고,0,0,2,2,차대차 - 추돌,안전거리미확보,건조,맑음,교차로 - 교차로부근,승용,여,31세,부상신고,승용,남,72세,경상
2021041800100191,2021년 4월 18일 14시,일요일,광주광역시 남구 주월동,경상사고,0,0,1,0,차대차 - 측면충돌,신호위반,건조,맑음,교차로 - 교차로횡단보도내,승용,남,56세,상해없음,자전거,남,11세,경상
2021041800100192,2021년 4월 18일 14시,일요일,광주광역시 북구 중흥동,경상사고,0,0,1,0,차대차 - 측면충돌,안전운전불이행,건조,맑음,단일로 - 기타,승용,남,29세,상해없음,승용,남,21세,경상
2021041800100252,2021년 4월 18일 16시,일요일,광주광역시 광산구 송정동,경상사고,0,0,1,0,차대사람 - 기타,기타,건조,맑음,단일로 - 기타,승용,남,56세,상해없음,보행자,여,56세,경상
2021041800100318,2021년 4월 18일 18시,일요일,광주광역시 광산구 우산동,부상신고사고,0,0,0,1,차대차 - 측면충돌,교차로운행방법위반,건조,맑음,교차로 - 교차로안,자전거,남,12세,부상신고,승용,여,55세,상해없음
2021041800100345,2021년 4월 18일 19시,일요일,광주광역시 서구 농성동,경상사고,0,0,1,0,차대차 - 기타,안전운전불이행,건조,맑음,단일로 - 기타,이륜,남,21세,상해없음,이륜,남,27세,경상
2021041800100346,2021년 4월 18일 19시,일요일,광주광역시 북구 문흥동,경상사고,0,0,2,0,차대차 - 기타,안전운전불이행,건조,맑음,교차로 - 교차로안,승용,여,41세,상해없음,승용,남,48세,경상
2021041800100364,2021년 4월 18일 20시,일요일,광주광역시 남구 주월동,중상사고,0,1,0,0,차대차 - 측면충돌,신호위반,건조,흐림,교차로 - 교차로안,승용,남,26세,상해없음,이륜,남,38세,중상
2021041800100365,2021년 4월 18일 20시,일요일,광주광역시 북구 오치동,경상사고,0,0,1,0,차대차 - 측면충돌,기타,건조,맑음,단일로 - 기타,이륜,남,35세,경상,승용,여,47세,상해없음
2021041800100366,2021년 4월 18일 20시,일요일,광주광역시 광산구 신창동,중상사고,0,1,1,0,차대차 - 측면충돌,신호위반,건조,맑음,교차로 - 교차로안,이륜,남,23세,중상,승용,남,24세,경상
2021041800100392,2021년 4월 18일 21시,일요일,광주광역시 북구 문흥동,경상사고,0,0,1,1,차대차 - 추돌,안전운전불이행,건조,맑음,단일로 - 기타,이륜,남,34세,부상신고,승용,남,58세,경상
2021041800100393,2021년 4월 18일 21시,일요일,광주광역시 광산구 쌍암동,경상사고,0,0,2,0,차대차 - 측면충돌,차로위반,건조,맑음,교차로 - 교차로부근,승용,남,65세,경상,이륜,남,16세,경상
2021041800100409,2021년 4월 18일 22시,일요일,광주광역시 북구 임동,경상사고,0,0,2,0,차대차 - 측면충돌,신호위반,건조,맑음,교차로 - 교차로안,승용,남,53세,경상,승용,남,65세,경상
2021041900100022,2021년 4월 19일 03시,월요일,광주광역시 북구 용봉동,경상사고,0,0,1,0,차대차 - 기타,신호위반,건조,맑음,교차로 - 교차로안,승용,여,56세,상해없음,승용,남,41세,경상
2021041900100065,2021년 4월 19일 07시,월요일,광주광역시 남구 주월동,경상사고,0,0,1,0,차대차 - 기타,기타,건조,맑음,교차로 - 교차로안,자전거,여,68세,경상,승용,남,49세,상해없음
2021041900100152,2021년 4월 19일 09시,월요일,광주광역시 광산구 장덕동,경상사고,0,0,2,0,차대차 - 측면충돌,중앙선침범,건조,맑음,단일로 - 기타,승용,여,35세,상해없음,승용,여,23세,경상
2021041900100183,2021년 4월 19일 10시,월요일,광주광역시 북구 신안동,중상사고,0,1,0,0,차대사람 - 기타,안전운전불이행,건조,맑음,단일로 - 기타,화물,남,23세,상해없음,보행자,여,22세,중상
2021041900100264,2021년 4월 19일 13시,월요일,광주광역시 북구 운암동,경상사고,0,0,3,0,차대차 - 측면충돌,안전거리미확보,건조,맑음,단일로 - 기타,승용,여,65세,상해없음,승용,여,45세,경상
2021041900100304,2021년 4월 19일 14시,월요일,광주광역시 동구 호남동,경상사고,0,0,2,0,차대차 - 측면충돌,안전거리미확보,건조,맑음,교차로 - 교차로안,승용,여,48세,상해없음,승용,여,36세,경상
2021041900100305,2021년 4월 19일 14시,월요일,광주광역시 서구 벽진동,경상사고,0,0,1,0,차대차 - 측면충돌,신호위반,건조,맑음,교차로 - 교차로안,승용,여,40세,상해없음,건설기계,남,43세,경상
2021041900100338,2021년 4월 19일 15시,월요일,광주광역시 서구 치평동,경상사고,0,0,1,0,차대차 - 기타,신호위반,건조,맑음,교차로 - 교차로안,승용,여,44세,상해없음,승용,남,47세,경상
2021041900100339,2021년 4월 19일 15시,월요일,광주광역시 북구 두암동,중상사고,0,1,0,0,차대사람 - 길가장자리구역통행중,안전운전불이행,건조,맑음,단일로 - 기타,승용,남,74세,상해없음,보행자,여,71세,중상
2021041900100430,2021년 4월 19일 17시,월요일,광주광역시 동구 학동,경상사고,0,0,1,0,차대차 - 기타,안전운전불이행,건조,맑음,단일로 - 기타,승용,남,80세,상해없음,이륜,남,41세,경상
2021041900100463,2021년 4월 19일 18시,월요일,광주광역시 북구 신안동,경상사고,0,0,1,0,차대차 - 추돌,안전운전불이행,건조,맑음,교차로 - 교차로부근,승용,남,34세,상해없음,승용,남,31세,상해없음
2021041900100464,2021년 4월 19일 18시,월요일,광주광역시 북구 운암동,경상사고,0,0,1,0,차대사람 - 기타,안전운전불이행,건조,맑음,교차로 - 교차로안,승용,여,53세,상해없음,보행자,여,20세,경상
2021041900100493,2021년 4월 19일 19시,월요일,광주광역시 북구 임동,경상사고,0,0,2,0,차대차 - 측면충돌,안전거리미확보,건조,맑음,단일로 - 기타,승용,여,56세,상해없음,화물,남,53세,경상
2021041900100494,2021년 4월 19일 19시,월요일,광주광역시 북구 삼각동,경상사고,0,0,2,0,차대차 - 측면충돌,차로위반,건조,맑음,단일로 - 기타,승용,남,69세,경상,승용,여,62세,경상
2021041900100526,2021년 4월 19일 20시,월요일,광주광역시 북구 양산동,경상사고,0,0,2,0,차대차 - 기타,안전운전불이행,건조,맑음,단일로 - 기타,승용,여,47세,경상,승용,남,23세,경상
2021042000100018,2021년 4월 20일 03시,화요일,광주광역시 서구 쌍촌동,경상사고,0,0,1,0,차대차 - 측면충돌,안전운전불이행,건조,맑음,교차로 - 교차로안,승용,남,55세,상해없음,승용,남,45세,경상
2021042000100030,2021년 4월 20일 05시,화요일,광주광역시 서구 쌍촌동,경상사고,0,0,1,0,차대차 - 측면충돌,신호위반,건조,맑음,교차로 - 교차로안,승용,남,24세,상해없음,승용,남,50세,경상
2021042000100037,2021년 4월 20일 06시,화요일,광주광역시 광산구 도천동,경상사고,0,0,2,0,차대차 - 측면충돌,안전운전불이행,건조,맑음,단일로 - 기타,승용,남,56세,경상,화물,남,55세,경상
2021042000100038,2021년 4월 20일 06시,화요일,광주광역시 광산구 산월동,경상사고,0,0,1,0,차대차 - 측면충돌,안전운전불이행,건조,맑음,교차로 - 교차로안,승용,남,55세,기타불명,승용,여,53세,경상
2021042000100061,2021년 4월 20일 07시,화요일,광주광역시 광산구 송촌동,경상사고,0,0,1,0,차대차 - 기타,안전운전불이행,건조,맑음,교차로 - 교차로안,원동기,남,53세,경상,건설기계,남,45세,상해없음
2021042000100103,2021년 4월 20일 08시,화요일,광주광역시 북구 임동,경상사고,0,0,1,0,차대차 - 기타,교차로운행방법위반,건조,맑음,교차로 - 교차로안,건설기계,남,37세,상해없음,승용,여,40세,경상
2021042000100145,2021년 4월 20일 09시,화요일,광주광역시 남구 주월동,경상사고,0,0,1,0,차대차 - 기타,교차로운행방법위반,건조,맑음,단일로 - 기타,승용,남,69세,상해없음,승용,남,38세,경상
2021042000100255,2021년 4월 20일 12시,화요일,광주광역시 서구 유촌동,경상사고,0,0,1,0,차대차 - 측면충돌,안전운전불이행,건조,맑음,단일로 - 기타,승용,여,55세,상해없음,승용,여,49세,경상
2021042000100256,2021년 4월 20일 12시,화요일,광주광역시 서구 농성동,경상사고,0,0,1,0,차대차 - 측면충돌,차로위반,건조,맑음,단일로 - 기타,승용,여,57세,상해없음,승용,남,63세,경상
2021042000100290,2021년 4월 20일 13시,화요일,광주광역시 광산구 산정동,경상사고,0,0,1,0,차대차 - 추돌,안전운전불이행,건조,맑음,교차로 - 교차로부근,화물,남,19세,상해없음,승용,여,32세,경상
2021042000100328,2021년 4월 20일 14시,화요일,광주광역시 남구 봉선동,경상사고,0,0,1,0,차대사람 - 횡단중,신호위반,건조,맑음,단일로 - 기타,화물,여,56세,상해없음,보행자,여,8세,경상
2021042000100364,2021년 4월 20일 15시,화요일,광주광역시 북구 매곡동,중상사고,0,1,0,0,차대차 - 측면충돌,안전운전불이행,건조,맑음,단일로 - 기타,자전거,남,62세,중상,승용,여,63세,상해없음
2021042000100365,2021년 4월 20일 15시,화요일,광주광역시 광산구 진곡동,경상사고,0,0,2,0,차대차 - 기타,기타,건조,맑음,단일로 - 기타,승용,남,26세,경상,화물,남,41세,경상
2021042000100450,2021년 4월 20일 17시,화요일,광주광역시 남구 월산동,부상신고사고,0,0,0,1,차대사람 - 기타,안전운전불이행,건조,맑음,단일로 - 기타,기타불명,기타불명,미분류,기타불명,보행자,남,10세,부상신고
2021042000100451,2021년 4월 20일 17시,화요일,광주광역시 광산구 신촌동,중상사고,0,1,0,0,차대사람 - 차도통행중,안전운전불이행,건조,맑음,단일로 - 기타,승용,여,33세,상해없음,보행자,여,69세,중상
2021042000100452,2021년 4월 20일 17시,화요일,광주광역시 광산구 오선동,경상사고,0,0,2,0,차대차 - 측면충돌,안전거리미확보,건조,맑음,단일로 - 기타,화물,남,51세,상해없음,승용,여,42세,경상
2021042000100491,2021년 4월 20일 18시,화요일,광주광역시 서구 쌍촌동,경상사고,0,0,1,0,차대사람 - 보도통행중,보행자보호의무위반,건조,맑음,교차로 - 교차로횡단보도내,이륜,남,20세,상해없음,보행자,남,26세,경상
2021042000100525,2021년 4월 20일 19시,화요일,광주광역시 북구 삼각동,부상신고사고,0,0,0,1,차대차 - 기타,교차로운행방법위반,건조,맑음,교차로 - 교차로안,자전거,남,19세,부상신고,이륜,남,35세,상해없음
2021042000100526,2021년 4월 20일 19시,화요일,광주광역시 광산구 산정동,경상사고,0,0,2,0,차대차 - 측면충돌,안전운전불이행,건조,맑음,단일로 - 기타,승용,남,54세,경상,승용,남,68세,경상
2021042000100556,2021년 4월 20일 20시,화요일,광주광역시 서구 치평동,경상사고,0,0,1,0,차대차 - 기타,안전운전불이행,건조,맑음,교차로 - 교차로안,승합,남,56세,상해없음,이륜,남,46세,경상
2021042000100615,2021년 4월 20일 23시,화요일,광주광역시 북구 양산동,경상사고,0,0,1,0,차대차 - 측면충돌,신호위반,건조,맑음,교차로 - 교차로안,화물,남,33세,상해없음,승용,남,50세,경상
2021042100100007,2021년 4월 21일 00시,수요일,광주광역시 서구 치평동,경상사고,0,0,1,0,차대사람 - 횡단중,신호위반,건조,맑음,교차로 - 교차로부근,이륜,남,38세,상해없음,보행자,여,44세,경상
2021042100100028,2021년 4월 21일 04시,수요일,광주광역시 동구 금남로4가,중상사고,0,1,0,0,차량단독 - 전도전복 - 전도,안전운전불이행,건조,맑음,단일로 - 기타,이륜,남,22세,상해없음,,,,
2021042100100029,2021년 4월 21일 04시,수요일,광주광역시 광산구 쌍암동,경상사고,0,0,2,0,차대차 - 측면충돌,교차로운행방법위반,건조,맑음,교차로 - 교차로안,승용,남,22세,상해없음,승용,남,43세,경상
2021042100100068,2021년 4월 21일 07시,수요일,광주광역시 서구 벽진동,중상사고,0,1,4,0,차대차 - 추돌,안전운전불이행,건조,맑음,단일로 - 기타,화물,남,46세,상해없음,승용,남,42세,경상
2021042100100069,2021년 4월 21일 07시,수요일,광주광역시 광산구 운수동,경상사고,0,0,1,0,차대차 - 기타,신호위반,건조,맑음,단일로 - 기타,승용,남,61세,기타불명,화물,남,34세,경상
2021042100100106,2021년 4월 21일 08시,수요일,광주광역시 서구 내방동,경상사고,0,0,1,0,차대차 - 측면충돌,안전운전불이행,건조,맑음,교차로 - 교차로횡단보도내,승용,여,52세,상해없음,자전거,남,69세,경상
2021042100100107,2021년 4월 21일 08시,수요일,광주광역시 서구 금호동,경상사고,0,0,3,0,차대차 - 측면충돌,안전운전불이행,건조,맑음,단일로 - 기타,승용,여,38세,경상,승용,남,33세,경상
2021042100100108,2021년 4월 21일 08시,수요일,광주광역시 광산구 신촌동,경상사고,0,0,2,2,차대차 - 추돌,안전거리미확보,건조,맑음,교차로 - 교차로안,승용,여,55세,기타불명,승용,남,74세,경상
2021042100100200,2021년 4월 21일 11시,수요일,광주광역시 남구 진월동,중상사고,0,1,0,0,차대차 - 측면충돌,신호위반,건조,맑음,단일로 - 기타,승용,남,52세,상해없음,이륜,남,47세,중상
2021042100100201,2021년 4월 21일 11시,수요일,광주광역시 광산구 수완동,중상사고,0,1,0,0,차대차 - 측면충돌,신호위반,건조,맑음,교차로 - 교차로안,승용,남,38세,기타불명,승용,남,35세,중상
2021042100100202,2021년 4월 21일 11시,수요일,광주광역시 광산구 수완동,경상사고,0,0,1,1,차대차 - 측면충돌,안전운전불이행,건조,맑음,단일로 - 기타,승용,남,31세,부상신고,승용,여,35세,경상
2021042100100234,2021년 4월 21일 12시,수요일,광주광역시 동구 소태동,경상사고,0,0,1,0,차대차 - 측면충돌,안전운전불이행,건조,맑음,교차로 - 교차로안,승용,여,48세,상해없음,승용,여,60세,경상
2021042100100268,2021년 4월 21일 13시,수요일,광주광역시 북구 운암동,경상사고,0,0,1,0,차대사람 - 차도통행중,안전운전불이행,건조,맑음,단일로 - 기타,자전거,남,68세,상해없음,보행자,여,76세,경상
2021042100100310,2021년 4월 21일 14시,수요일,광주광역시 동구 지산동,경상사고,0,0,1,0,차대차 - 측면충돌,안전운전불이행,건조,맑음,기타 - 기타,승용,남,38세,상해없음,승용,남,29세,경상
2021042100100311,2021년 4월 21일 14시,수요일,광주광역시 북구 각화동,경상사고,0,0,2,0,차대차 - 측면충돌,안전거리미확보,건조,맑음,단일로 - 기타,화물,남,64세,상해없음,승용,남,66세,경상
2021042100100312,2021년 4월 21일 14시,수요일,광주광역시 광산구 수완동,경상사고,0,0,1,0,차대사람 - 기타,기타,건조,맑음,단일로 - 기타,승합,남,57세,상해없음,보행자,남,18세,경상
2021042100100351,2021년 4월 21일 15시,수요일,광주광역시 북구 매곡동,경상사고,0,0,1,0,차대차 - 측면충돌,신호위반,건조,맑음,교차로 - 교차로안,승용,남,40세,상해없음,이륜,남,37세,경상
2021042100100444,2021년 4월 21일 17시,수요일,광주광역시 광산구 수완동,경상사고,0,0,1,0,차대사람 - 기타,안전운전불이행,건조,맑음,교차로 - 교차로안,승용,여,43세,상해없음,보행자,여,7세,경상
2021042100100445,2021년 4월 21일 17시,수요일,광주광역시 광산구 산월동,경상사고,0,0,1,0,차대차 - 추돌,안전운전불이행,건조,맑음,교차로 - 교차로부근,승용,남,62세,상해없음,승용,여,40세,경상
2021042100100493,2021년 4월 21일 18시,수요일,광주광역시 남구 진월동,경상사고,0,0,2,0,차대차 - 측면충돌,신호위반,건조,맑음,교차로 - 교차로안,승용,남,58세,상해없음,승용,남,35세,경상
2021042100100494,2021년 4월 21일 18시,수요일,광주광역시 광산구 옥동,경상사고,0,0,1,0,차대사람 - 기타,불법유턴,건조,맑음,주차장 - 주차장,승용,남,55세,상해없음,보행자,남,38세,경상
2021042100100532,2021년 4월 21일 19시,수요일,광주광역시 서구 쌍촌동,경상사고,0,0,1,0,차대차 - 기타,신호위반,건조,맑음,교차로 - 교차로안,승용,여,36세,상해없음,승용,남,30세,경상
2021042100100568,2021년 4월 21일 20시,수요일,광주광역시 서구 내방동,경상사고,0,0,1,0,차량단독 - 기타,안전운전불이행,건조,맑음,교차로 - 교차로부근,승용,남,68세,상해없음,,,,
2021042100100615,2021년 4월 21일 22시,수요일,광주광역시 서구 쌍촌동,경상사고,0,0,2,0,차대차 - 측면충돌,안전운전불이행,건조,맑음,단일로 - 기타,개인형이동수단(PM),남,17세,경상,승용,남,26세,상해없음
2021042200100019,2021년 4월 22일 01시,목요일,광주광역시 남구 월산동,경상사고,0,0,2,0,차대차 - 추돌,안전운전불이행,건조,맑음,단일로 - 기타,승용,남,35세,상해없음,승용,남,33세,경상
2021042200100035,2021년 4월 22일 05시,목요일,광주광역시 광산구 소촌동,경상사고,0,0,1,0,차대차 - 추돌,안전운전불이행,건조,맑음,교차로 - 교차로안,승용,남,28세,상해없음,승용,남,66세,경상
2021042200100097,2021년 4월 22일 08시,목요일,광주광역시 서구 양동,경상사고,0,0,1,0,차대차 - 추돌,기타,건조,맑음,단일로 - 기타,승용,남,55세,상해없음,승용,여,40세,경상
2021042200100168,2021년 4월 22일 10시,목요일,광주광역시 서구 유촌동,중상사고,0,1,0,0,차대차 - 기타,교차로운행방법위반,건조,맑음,교차로 - 교차로안,화물,남,60세,상해없음,자전거,남,84세,중상
2021042200100169,2021년 4월 22일 10시,목요일,광주광역시 서구 매월동,경상사고,0,0,1,0,차대차 - 측면충돌,안전거리미확보,건조,맑음,교차로 - 교차로안,화물,남,79세,상해없음,화물,남,44세,경상
2021042200100170,2021년 4월 22일 10시,목요일,광주광역시 서구 매월동,경상사고,0,0,1,0,차대차 - 측면충돌,신호위반,건조,맑음,단일로 - 기타,화물,여,71세,상해없음,승용,남,28세,경상
2021042200100206,2021년 4월 22일 11시,목요일,광주광역시 광산구 송정동,부상신고사고,0,0,0,1,차대차 - 기타,기타,건조,맑음,단일로 - 기타,화물,남,47세,기타불명,자전거,남,85세,부상신고
2021042200100237,2021년 4월 22일 12시,목요일,광주광역시 북구 용봉동,경상사고,0,0,1,0,차대사람 - 기타,안전운전불이행,건조,맑음,기타 - 기타,승용,남,61세,상해없음,보행자,남,40세,경상
2021042200100276,2021년 4월 22일 13시,목요일,광주광역시 동구 서석동,경상사고,0,0,1,0,차대차 - 추돌,안전운전불이행,건조,맑음,단일로 - 기타,승용,여,54세,상해없음,자전거,남,76세,경상
2021042200100277,2021년 4월 22일 13시,목요일,광주광역시 광산구 신촌동,경상사고,0,0,2,0,차대차 - 측면충돌,신호위반,건조,맑음,교차로 - 교차로안,화물,남,65세,상해없음,승용,남,70세,경상
2021042200100343,2021년 4월 22일 15시,목요일,광주광역시 남구 진월동,경상사고,0,0,1,0,차대차 - 측면충돌,교차로운행방법위반,건조,맑음,교차로 - 교차로안,승용,남,30세,상해없음,개인형이동수단(PM),여,13세,경상
2021042200100374,2021년 4월 22일 16시,목요일,광주광역시 서구 풍암동,경상사고,0,0,2,0,차대차 - 기타,기타,건조,맑음,단일로 - 기타,승용,남,52세,상해없음,승용,남,45세,상해없음
2021042200100375,2021년 4월 22일 16시,목요일,광주광역시 북구 임동,경상사고,0,0,2,0,차대차 - 기타,중앙선침범,건조,맑음,단일로 - 기타,승용,여,33세,경상,승용,남,48세,경상
2021042200100408,2021년 4월 22일 17시,목요일,광주광역시 서구 유촌동,경상사고,0,0,1,0,차대사람 - 횡단중,보행자보호의무위반,건조,맑음,교차로 - 교차로부근,승용,남,61세,상해없음,보행자,남,16세,경상
2021042200100409,2021년 4월 22일 17시,목요일,광주광역시 북구 두암동,경상사고,0,0,3,0,차대차 - 기타,교차로운행방법위반,건조,맑음,교차로 - 교차로안,이륜,남,66세,경상,승용,남,57세,경상
2021042200100457,2021년 4월 22일 18시,목요일,광주광역시 남구 월산동,경상사고,0,0,1,0,차대차 - 후진중충돌,안전운전불이행,건조,맑음,교차로 - 교차로안,승용,남,27세,상해없음,승용,남,36세,경상
2021042200100458,2021년 4월 22일 18시,목요일,광주광역시 광산구 우산동,경상사고,0,0,1,0,차대차 - 기타,중앙선침범,건조,맑음,교차로 - 교차로안,승용,남,65세,상해없음,승용,남,25세,경상
2021042200100459,2021년 4월 22일 18시,목요일,광주광역시 광산구 우산동,경상사고,0,0,2,0,차대차 - 정면충돌,중앙선침범,건조,맑음,단일로 - 기타,승용,남,24세,경상,화물,남,50세,경상
2021042200100460,2021년 4월 22일 18시,목요일,광주광역시 광산구 우산동,경상사고,0,0,1,0,차대차 - 기타,중앙선침범,건조,맑음,교차로 - 교차로부근,승용,남,24세,상해없음,승용,남,74세,상해없음
2021042200100492,2021년 4월 22일 19시,목요일,광주광역시 서구 광천동,경상사고,0,0,1,0,차대차 - 측면충돌,교차로운행방법위반,건조,맑음,교차로 - 교차로안,승용,여,40세,상해없음,승용,남,30세,경상
2021042200100494,2021년 4월 22일 19시,목요일,광주광역시 북구 임동,경상사고,0,0,1,0,차대차 - 측면충돌,교차로운행방법위반,건조,맑음,교차로 - 교차로안,승용,여,40세,상해없음,승용,남,30세,경상
2021042200100495,2021년 4월 22일 19시,목요일,광주광역시 북구 운암동,경상사고,0,0,2,0,차대차 - 측면충돌,안전운전불이행,건조,맑음,교차로 - 교차로안,승용,여,56세,상해없음,승용,남,26세,경상
2021042200100548,2021년 4월 22일 21시,목요일,광주광역시 북구 매곡동,경상사고,0,0,2,0,차대차 - 기타,안전운전불이행,건조,맑음,교차로 - 교차로안,승용,남,37세,기타불명,승용,남,19세,경상
2021042200100589,2021년 4월 22일 23시,목요일,광주광역시 남구 주월동,경상사고,0,0,2,0,차대차 - 측면충돌,신호위반,건조,맑음,교차로 - 교차로안,승용,여,63세,상해없음,승용,남,60세,경상
2021042300100023,2021년 4월 23일 03시,금요일,광주광역시 광산구 신가동,경상사고,0,0,1,0,차대차 - 측면충돌,신호위반,건조,맑음,교차로 - 교차로안,승용,남,50세,상해없음,승용,남,23세,경상
2021042300100035,2021년 4월 23일 05시,금요일,광주광역시 북구 일곡동,경상사고,0,0,1,0,차량단독 - 기타,안전운전불이행,건조,맑음,교차로 - 교차로부근,개인형이동수단(PM),남,29세,경상,,,,
2021042300100043,2021년 4월 23일 06시,금요일,광주광역시 서구 화정동,경상사고,0,0,1,0,차대차 - 측면충돌,신호위반,건조,맑음,교차로 - 교차로안,승합,남,65세,상해없음,승용,여,57세,경상
2021042300100105,2021년 4월 23일 08시,금요일,광주광역시 서구 풍암동,경상사고,0,0,1,0,차대차 - 기타,신호위반,건조,맑음,교차로 - 교차로안,승용,남,67세,상해없음,승용,남,60세,경상
2021042300100132,2021년 4월 23일 09시,금요일,광주광역시 북구 운암동,경상사고,0,0,1,0,차대차 - 측면충돌,신호위반,건조,맑음,교차로 - 교차로안,승용,여,58세,상해없음,승용,남,51세,경상
2021042300100163,2021년 4월 23일 10시,금요일,광주광역시 북구 동림동,부상신고사고,0,0,0,1,차대사람 - 기타,안전운전불이행,건조,맑음,단일로 - 기타,승용,남,71세,상해없음,보행자,남,62세,부상신고
2021042300100164,2021년 4월 23일 10시,금요일,광주광역시 광산구 복룡동,경상사고,0,0,1,0,차대차 - 측면충돌,안전운전불이행,건조,맑음,단일로 - 기타,승용,남,62세,상해없음,승합,남,54세,경상
2021042300100208,2021년 4월 23일 11시,금요일,광주광역시 동구 지산동,중상사고,0,1,0,0,차대사람 - 횡단중,중앙선침범,건조,맑음,교차로 - 교차로부근,승용,남,39세,상해없음,보행자,여,77세,중상
2021042300100209,2021년 4월 23일 11시,금요일,광주광역시 북구 누문동,경상사고,0,0,1,0,차대차 - 기타,중앙선침범,건조,맑음,교차로 - 교차로부근,승용,여,53세,상해없음,이륜,남,38세,경상
2021042300100210,2021년 4월 23일 11시,금요일,광주광역시 서구 광천동,경상사고,0,0,1,0,차대차 - 추돌,안전운전불이행,건조,맑음,단일로 - 기타,승용,남,28세,상해없음,승용,남,55세,경상
2021042300100293,2021년 4월 23일 13시,금요일,광주광역시 서구 금호동,경상사고,0,0,1,0,차대차 - 기타,안전거리미확보,건조,맑음,단일로 - 기타,승용,여,35세,상해없음,화물,남,39세,경상
2021042300100294,2021년 4월 23일 13시,금요일,광주광역시 북구 두암동,부상신고사고,0,0,0,1,차량단독 - 공작물충돌,안전운전불이행,건조,맑음,단일로 - 기타,승용,여,54세,부상신고,,,,