사고번호,사고일시,요일,시군구,사고내용,사망자수,중상자수,경상자수,부상신고자수,사고유형,법규위반,노면상태,기상상태,도로형태,가해운전자 차종,가해운전자 성별,가해운전자 연령,가해운전자 상해정도,피해운전자 차종,피해운전자 성별,피해운전자 연령,피해운전자 상해정도
2021042900100228,2021년 4월 29일 12시,목요일,광주광역시 서구 쌍촌동,중상사고,0,1,1,0,차대차 - 기타,안전거리미확보,건조,맑음,단일로 - 기타,승용,여,50세,상해없음,이륜,남,39세,중상
2021042900100302,2021년 4월 29일 14시,목요일,광주광역시 북구 신안동,경상사고,0,0,1,0,차대차 - 기타,신호위반,건조,맑음,교차로 - 교차로안,승용,여,50세,상해없음,이륜,남,34세,경상
2021042900100303,2021년 4월 29일 14시,목요일,광주광역시 북구 두암동,경상사고,0,0,3,0,차대차 - 측면충돌,교차로운행방법위반,건조,맑음,교차로 - 교차로안,화물,남,63세,경상,승용,남,25세,경상
2021042900100336,2021년 4월 29일 15시,목요일,광주광역시 서구 화정동,경상사고,0,0,1,0,차대사람 - 기타,안전운전불이행,건조,맑음,교차로 - 교차로부근,승용,남,54세,상해없음,보행자,여,19세,경상
2021042900100376,2021년 4월 29일 16시,목요일,광주광역시 광산구 수완동,경상사고,0,0,2,0,차대차 - 기타,안전거리미확보,건조,맑음,단일로 - 기타,승용,여,23세,기타불명,승용,남,31세,경상
2021042900100424,2021년 4월 29일 17시,목요일,광주광역시 북구 운암동,경상사고,0,0,1,0,차대차 - 측면충돌,안전거리미확보,건조,맑음,단일로 - 교량,승용,남,33세,상해없음,화물,남,39세,경상
2021042900100486,2021년 4월 29일 18시,목요일,광주광역시 서구 금호동,경상사고,0,0,2,0,차대차 - 측면충돌,안전운전불이행,건조,맑음,교차로 - 교차로부근,이륜,남,27세,상해없음,승용,여,58세,경상
2021042900100487,2021년 4월 29일 18시,목요일,광주광역시 북구 중흥동,중상사고,0,1,1,0,차대차 - 측면충돌,중앙선침범,건조,맑음,단일로 - 기타,이륜,남,24세,중상,승용,남,28세,경상
2021042900100488,2021년 4월 29일 18시,목요일,광주광역시 광산구 월계동,경상사고,0,0,1,0,차대차 - 기타,교차로운행방법위반,건조,맑음,교차로 - 교차로부근,승용,남,33세,상해없음,이륜,남,17세,경상
2021042900100489,2021년 4월 29일 18시,목요일,광주광역시 광산구 흑석동,중상사고,0,1,0,0,차대차 - 측면충돌,교차로운행방법위반,건조,맑음,교차로 - 교차로안,승용,여,29세,상해없음,승용,남,33세,중상
2021042900100550,2021년 4월 29일 20시,목요일,광주광역시 광산구 소촌동,경상사고,0,0,1,0,차대차 - 정면충돌,안전운전불이행,건조,맑음,교차로 - 교차로안,승용,남,41세,상해없음,이륜,남,17세,경상
2021042900100615,2021년 4월 29일 22시,목요일,광주광역시 서구 쌍촌동,중상사고,0,1,0,0,차대사람 - 횡단중,신호위반,젖음/습기,비,교차로 - 교차로부근,승용,여,43세,상해없음,보행자,여,53세,중상
2021042900100616,2021년 4월 29일 22시,목요일,광주광역시 남구 진월동,중상사고,0,1,0,0,차대사람 - 횡단중,안전운전불이행,젖음/습기,비,단일로 - 기타,자전거,남,12세,기타불명,보행자,여,66세,중상
2021042900100617,2021년 4월 29일 22시,목요일,광주광역시 광산구 월계동,경상사고,0,0,1,0,차대차 - 기타,교차로운행방법위반,건조,맑음,교차로 - 교차로안,승용,여,43세,상해없음,이륜,남,24세,경상
2021042900100618,2021년 4월 29일 22시,목요일,광주광역시 광산구 쌍암동,경상사고,0,0,2,0,차대차 - 기타,신호위반,건조,맑음,교차로 - 교차로안,승용,남,43세,상해없음,승용,남,38세,경상
2021042900100645,2021년 4월 29일 23시,목요일,광주광역시 서구 마륵동,경상사고,0,0,1,0,차대차 - 추돌,안전거리미확보,젖음/습기,흐림,교차로 - 교차로안,승용,남,26세,상해없음,승용,남,61세,경상
2021042900100646,2021년 4월 29일 23시,목요일,광주광역시 북구 각화동,경상사고,0,0,1,0,차대차 - 기타,중앙선침범,건조,맑음,단일로 - 기타,승용,남,38세,상해없음,승용,남,35세,경상
2021042900100647,2021년 4월 29일 23시,목요일,광주광역시 광산구 월계동,경상사고,0,0,1,0,차대차 - 기타,직진우회전진행방해,건조,맑음,교차로 - 교차로부근,승용,남,21세,상해없음,이륜,남,21세,경상
2021043000100013,2021년 4월 30일 01시,금요일,광주광역시 서구 유촌동,경상사고,0,0,2,0,차대차 - 기타,신호위반,건조,맑음,교차로 - 교차로안,이륜,남,21세,경상,승용,남,40세,경상
2021043000100081,2021년 4월 30일 07시,금요일,광주광역시 광산구 도천동,경상사고,0,0,1,0,차대차 - 기타,안전거리미확보,건조,맑음,교차로 - 교차로부근,승용,남,59세,상해없음,화물,남,26세,경상
2021043000100116,2021년 4월 30일 08시,금요일,광주광역시 북구 풍향동,경상사고,0,0,2,0,차대차 - 측면충돌,신호위반,건조,맑음,교차로 - 교차로안,승용,여,26세,경상,승용,남,67세,경상
2021043000100142,2021년 4월 30일 09시,금요일,광주광역시 북구 월출동,경상사고,0,0,1,0,차대차 - 정면충돌,중앙선침범,건조,맑음,단일로 - 기타,특수,남,49세,상해없음,화물,남,37세,경상
2021043000100143,2021년 4월 30일 09시,금요일,광주광역시 북구 각화동,경상사고,0,0,1,0,차대차 - 측면충돌,교차로운행방법위반,건조,맑음,단일로 - 기타,건설기계,남,55세,상해없음,승용,여,52세,경상
2021043000100177,2021년 4월 30일 10시,금요일,광주광역시 서구 농성동,경상사고,0,0,1,0,차대차 - 기타,안전거리미확보,건조,맑음,교차로 - 교차로부근,화물,남,44세,상해없음,승용,남,65세,상해없음
2021043000100178,2021년 4월 30일 10시,금요일,광주광역시 서구 풍암동,경상사고,0,0,1,0,차대차 - 기타,안전거리미확보,건조,맑음,단일로 - 기타,승용,여,59세,상해없음,승용,여,33세,경상
2021043000100249,2021년 4월 30일 12시,금요일,광주광역시 북구 연제동,경상사고,0,0,1,0,차대차 - 추돌,안전운전불이행,건조,맑음,교차로 - 교차로부근,승용,남,60세,상해없음,승용,남,24세,경상
2021043000100250,2021년 4월 30일 12시,금요일,광주광역시 광산구 소촌동,경상사고,0,0,1,0,차대사람 - 횡단중,보행자보호의무위반,건조,맑음,교차로 - 교차로횡단보도내,승용,남,68세,상해없음,보행자,여,37세,경상
2021043000100287,2021년 4월 30일 13시,금요일,광주광역시 광산구 월전동,경상사고,0,0,1,0,차대차 - 측면충돌,안전운전불이행,건조,맑음,단일로 - 기타,승용,남,27세,상해없음,화물,남,30세,경상
2021043000100321,2021년 4월 30일 14시,금요일,광주광역시 북구 삼각동,경상사고,0,0,1,0,차대차 - 측면충돌,안전운전불이행,건조,맑음,단일로 - 기타,승용,남,39세,상해없음,승용,남,44세,경상
2021043000100363,2021년 4월 30일 15시,금요일,광주광역시 서구 덕흥동,경상사고,0,0,1,0,차대차 - 추돌,안전운전불이행,건조,맑음,단일로 - 기타,승용,남,53세,상해없음,승용,남,27세,경상
2021043000100364,2021년 4월 30일 15시,금요일,광주광역시 북구 각화동,중상사고,0,1,1,0,차대차 - 추돌,안전거리미확보,건조,맑음,단일로 - 기타,화물,남,56세,상해없음,승용,남,40세,중상
2021043000100365,2021년 4월 30일 15시,금요일,광주광역시 광산구 산월동,중상사고,0,1,0,0,차대사람 - 기타,안전운전불이행,건조,맑음,기타 - 기타,자전거,남,10세,상해없음,보행자,여,62세,중상
2021043000100402,2021년 4월 30일 16시,금요일,광주광역시 서구 양동,경상사고,0,0,1,0,차대사람 - 길가장자리구역통행중,안전운전불이행,건조,맑음,단일로 - 기타,승용,여,64세,상해없음,보행자,남,80세,경상
2021043000100403,2021년 4월 30일 16시,금요일,광주광역시 광산구 신가동,경상사고,0,0,1,0,차대차 - 측면충돌,신호위반,건조,맑음,단일로 - 기타,승용,여,39세,상해없음,승용,남,21세,경상
2021043000100463,2021년 4월 30일 17시,금요일,광주광역시 서구 매월동,경상사고,0,0,1,0,차대차 - 추돌,안전운전불이행,건조,맑음,단일로 - 기타,승용,여,25세,상해없음,승용,여,51세,경상
2021043000100464,2021년 4월 30일 17시,금요일,광주광역시 광산구 운수동,경상사고,0,0,1,0,차대차 - 측면충돌,차로위반,건조,맑음,단일로 - 기타,승합,남,73세,상해없음,승용,남,32세,경상
2021043000100510,2021년 4월 30일 18시,금요일,광주광역시 서구 동천동,경상사고,0,0,1,0,차대차 - 기타,안전운전불이행,건조,맑음,기타 - 기타,화물,남,31세,상해없음,자전거,남,60세,경상
2021043000100552,2021년 4월 30일 19시,금요일,광주광역시 서구 풍암동,중상사고,0,1,1,0,차대차 - 기타,직진우회전진행방해,건조,맑음,교차로 - 교차로안,이륜,남,37세,중상,승용,남,43세,경상
2021043000100554,2021년 4월 30일 19시,금요일,광주광역시 북구 신안동,경상사고,0,0,1,0,차대사람 - 기타,안전운전불이행,건조,맑음,기타 - 기타,승용,남,53세,상해없음,보행자,남,22세,경상
2021043000100605,2021년 4월 30일 20시,금요일,광주광역시 남구 노대동,경상사고,0,0,1,0,차대차 - 측면충돌,신호위반,건조,맑음,교차로 - 교차로안,승합,여,42세,상해없음,승용,남,24세,경상
2021043000100632,2021년 4월 30일 21시,금요일,광주광역시 서구 쌍촌동,경상사고,0,0,1,0,차대차 - 측면충돌,안전운전불이행,젖음/습기,비,교차로 - 교차로부근,승합,남,58세,상해없음,승용,남,59세,경상
2021043000100633,2021년 4월 30일 21시,금요일,광주광역시 서구 쌍촌동,경상사고,0,0,3,0,차대차 - 기타,안전운전불이행,건조,맑음,교차로 - 교차로부근,승용,남,54세,상해없음,승용,여,44세,경상
2021043000100634,2021년 4월 30일 21시,금요일,광주광역시 북구 오룡동,경상사고,0,0,2,0,차대차 - 측면충돌,교차로운행방법위반,젖음/습기,비,교차로 - 교차로부근,승용,여,37세,상해없음,승용,남,30세,경상
2021043000100635,2021년 4월 30일 21시,금요일,광주광역시 광산구 소촌동,부상신고사고,0,0,0,1,차대차 - 기타,안전운전불이행,젖음/습기,비,교차로 - 교차로안,기타불명,기타불명,미분류,기타불명,원동기,남,51세,부상신고
2021043000100672,2021년 4월 30일 22시,금요일,광주광역시 서구 쌍촌동,경상사고,0,0,1,0,차대차 - 기타,안전거리미확보,젖음/습기,비,교차로 - 교차로부근,승용,남,35세,상해없음,승용,여,29세,경상
2021043000100673,2021년 4월 30일 22시,금요일,광주광역시 남구 봉선동,경상사고,0,0,4,0,차대차 - 추돌,안전운전불이행,젖음/습기,비,교차로 - 교차로부근,승용,남,47세,상해없음,승용,여,47세,경상
2021043000100701,2021년 4월 30일 23시,금요일,광주광역시 서구 화정동,경상사고,0,0,3,0,차대차 - 측면충돌,직진우회전진행방해,건조,맑음,교차로 - 교차로안,승용,여,52세,경상,승용,남,27세,경상
2021043000100702,2021년 4월 30일 23시,금요일,광주광역시 북구 용봉동,경상사고,0,0,2,0,차대차 - 기타,안전운전불이행,젖음/습기,비,교차로 - 교차로안,승용,여,39세,상해없음,승용,남,39세,경상
2021043000100703,2021년 4월 30일 23시,금요일,광주광역시 광산구 우산동,경상사고,0,0,1,0,차대차 - 측면충돌,중앙선침범,젖음/습기,비,교차로 - 교차로부근,승용,남,61세,상해없음,원동기,남,37세,경상
2021043000100704,2021년 4월 30일 23시,금요일,광주광역시 광산구 소촌동,중상사고,0,1,0,0,차대사람 - 기타,신호위반,젖음/습기,비,교차로 - 교차로안,승용,남,45세,상해없음,보행자,여,18세,중상
2021043000100705,2021년 4월 30일 23시,금요일,광주광역시 광산구 운남동,경상사고,0,0,1,0,차대사람 - 횡단중,안전운전불이행,건조,맑음,교차로 - 교차로횡단보도내,승용,남,26세,상해없음,보행자,남,61세,경상
2021050100100013,2021년 5월 1일 00시,토요일,광주광역시 서구 치평동,경상사고,0,0,1,1,차대차 - 측면충돌,직진우회전진행방해,건조,맑음,교차로 - 교차로안,승용,여,28세,경상,승용,남,30세,부상신고
2021050100100038,2021년 5월 1일 02시,토요일,광주광역시 동구 동명동,경상사고,0,0,1,0,차대사람 - 횡단중,신호위반,젖음/습기,비,교차로 - 교차로안,이륜,기타불명,미분류,기타불명,보행자,여,20세,경상
2021050100100103,2021년 5월 1일 09시,토요일,광주광역시 북구 두암동,경상사고,0,0,2,0,차대차 - 측면충돌,교차로운행방법위반,건조,흐림,교차로 - 교차로안,승용,남,50세,상해없음,승용,남,50세,경상
2021050100100104,2021년 5월 1일 09시,토요일,광주광역시 동구 계림동,경상사고,0,0,1,0,차대차 - 측면충돌,신호위반,젖음/습기,흐림,교차로 - 교차로안,승용,남,68세,상해없음,화물,남,64세,경상
2021050100100186,2021년 5월 1일 12시,토요일,광주광역시 남구 봉선동,경상사고,0,0,3,0,차대차 - 측면충돌,안전운전불이행,건조,맑음,교차로 - 교차로부근,승용,여,51세,경상,승용,남,62세,경상
2021050100100187,2021년 5월 1일 12시,토요일,광주광역시 북구 용봉동,경상사고,0,0,2,0,차대차 - 기타,차로위반,건조,맑음,단일로 - 기타,승용,남,33세,상해없음,승용,여,34세,경상
2021050100100188,2021년 5월 1일 12시,토요일,광주광역시 북구 운암동,경상사고,0,0,2,0,차대차 - 기타,안전운전불이행,건조,맑음,단일로 - 기타,이륜,남,45세,경상,승용,남,67세,상해없음
2021050100100275,2021년 5월 1일 14시,토요일,광주광역시 동구 계림동,경상사고,0,0,2,0,차대차 - 기타,중앙선침범,건조,맑음,단일로 - 기타,승용,남,26세,상해없음,승용,남,55세,경상
2021050100100309,2021년 5월 1일 15시,토요일,광주광역시 동구 계림동,경상사고,0,0,1,0,차대사람 - 기타,안전운전불이행,건조,맑음,단일로 - 기타,승용,여,51세,상해없음,보행자,여,63세,경상
2021050100100310,2021년 5월 1일 15시,토요일,광주광역시 북구 용강동,중상사고,0,1,0,0,차대사람 - 길가장자리구역통행중,안전운전불이행,건조,흐림,단일로 - 기타,승용,남,46세,상해없음,보행자,여,90세,중상
2021050100100342,2021년 5월 1일 16시,토요일,광주광역시 서구 동천동,경상사고,0,0,3,0,차대차 - 추돌,안전거리미확보,건조,맑음,교차로 - 교차로부근,승용,여,31세,상해없음,승용,여,24세,경상
2021050100100343,2021년 5월 1일 16시,토요일,광주광역시 남구 주월동,경상사고,0,0,2,0,차대차 - 측면충돌,교차로운행방법위반,건조,맑음,교차로 - 교차로안,승용,남,58세,경상,승용,여,57세,경상
2021050100100344,2021년 5월 1일 16시,토요일,광주광역시 북구 신용동,경상사고,0,0,1,0,차대차 - 기타,중앙선침범,건조,맑음,단일로 - 기타,승용,여,38세,상해없음,이륜,남,46세,경상
2021050100100385,2021년 5월 1일 17시,토요일,광주광역시 북구 오치동,경상사고,0,0,1,0,차대차 - 기타,기타,건조,맑음,단일로 - 기타,화물,남,49세,상해없음,개인형이동수단(PM),남,60세,경상
2021050100100386,2021년 5월 1일 17시,토요일,광주광역시 북구 운암동,부상신고사고,0,0,0,1,차대차 - 측면충돌,안전운전불이행,건조,흐림,기타 - 기타,자전거,남,83세,부상신고,승용,여,45세,상해없음
2021050100100413,2021년 5월 1일 18시,토요일,광주광역시 남구 주월동,경상사고,0,0,1,0,차대차 - 측면충돌,안전운전불이행,건조,맑음,교차로 - 교차로안,승용,남,58세,상해없음,이륜,남,60세,경상
2021050100100478,2021년 5월 1일 20시,토요일,광주광역시 광산구 하남동,경상사고,0,0,4,0,차대차 - 측면충돌,안전거리미확보,건조,맑음,단일로 - 교량,승용,남,32세,상해없음,승용,남,25세,경상
2021050100100537,2021년 5월 1일 22시,토요일,광주광역시 동구 서석동,중상사고,0,1,0,0,차대사람 - 횡단중,안전운전불이행,건조,맑음,단일로 - 기타,이륜,남,27세,상해없음,보행자,남,44세,중상
2021050100100556,2021년 5월 1일 23시,토요일,광주광역시 서구 내방동,경상사고,0,0,3,1,차대차 - 추돌,안전운전불이행,건조,맑음,단일로 - 기타,승용,남,19세,상해없음,승용,남,50세,경상
2021050200100034,2021년 5월 2일 03시,일요일,광주광역시 광산구 복룡동,경상사고,0,0,1,0,차량단독 - 공작물충돌,안전운전불이행,건조,맑음,교차로 - 교차로부근,승용,남,38세,경상,,,,
2021050200100111,2021년 5월 2일 10시,일요일,광주광역시 북구 풍향동,중상사고,0,1,0,0,차대사람 - 횡단중,신호위반,건조,맑음,단일로 - 기타,이륜,남,33세,상해없음,보행자,남,77세,중상
2021050200100238,2021년 5월 2일 14시,일요일,광주광역시 서구 풍암동,경상사고,0,0,1,0,차대사람 - 횡단중,보행자보호의무위반,건조,맑음,기타 - 기타,승용,남,60세,상해없음,보행자,남,43세,경상
2021050200100239,2021년 5월 2일 14시,일요일,광주광역시 광산구 쌍암동,경상사고,0,0,1,0,차대차 - 측면충돌,안전운전불이행,건조,맑음,교차로 - 교차로부근,기타불명,남,13세,상해없음,자전거,여,14세,경상
2021050200100308,2021년 5월 2일 16시,일요일,광주광역시 서구 농성동,경상사고,0,0,1,0,차대차 - 측면충돌,교차로운행방법위반,건조,맑음,교차로 - 교차로안,승용,여,39세,상해없음,이륜,남,51세,경상
2021050200100345,2021년 5월 2일 17시,일요일,광주광역시 서구 광천동,경상사고,0,0,1,0,차대차 - 측면충돌,안전운전불이행,건조,맑음,교차로 - 교차로안,승용,남,69세,상해없음,승용,남,23세,경상
2021050200100346,2021년 5월 2일 17시,일요일,광주광역시 북구 용봉동,경상사고,0,0,1,0,차대차 - 측면충돌,신호위반,건조,맑음,교차로 - 교차로안,승용,남,62세,상해없음,이륜,남,28세,경상
2021050200100347,2021년 5월 2일 17시,일요일,광주광역시 북구 용봉동,경상사고,0,0,4,0,차대차 - 측면충돌,안전운전불이행,건조,흐림,단일로 - 기타,승용,남,66세,상해없음,승용,여,51세,경상
2021050200100348,2021년 5월 2일 17시,일요일,광주광역시 광산구 월곡동,중상사고,0,1,3,0,차대차 - 추돌,안전운전불이행,건조,맑음,단일로 - 기타,승용,남,63세,상해없음,승용,여,54세,중상
2021050200100372,2021년 5월 2일 18시,일요일,광주광역시 서구 화정동,경상사고,0,0,2,0,차대차 - 추돌,안전거리미확보,건조,맑음,교차로 - 교차로부근,승용,남,29세,상해없음,승용,남,20세,경상
2021050200100458,2021년 5월 2일 22시,일요일,광주광역시 광산구 도천동,경상사고,0,0,3,0,차대차 - 측면충돌,안전운전불이행,건조,맑음,교차로 - 교차로안,승용,남,22세,상해없음,승용,남,45세,경상
2021050300100017,2021년 5월 3일 02시,월요일,광주광역시 북구 동림동,경상사고,0,0,1,0,차대차 - 측면충돌,안전운전불이행,건조,맑음,교차로 - 교차로부근,승용,남,59세,상해없음,승용,남,28세,경상
2021050300100018,2021년 5월 3일 03시,월요일,광주광역시 서구 화정동,중상사고,0,1,2,0,차대차 - 측면충돌,신호위반,건조,맑음,교차로 - 교차로안,승용,남,29세,상해없음,승용,남,18세,경상
2021050300100040,2021년 5월 3일 06시,월요일,광주광역시 광산구 선암동,경상사고,0,0,1,0,차대차 - 추돌,안전운전불이행,건조,맑음,단일로 - 기타,승용,남,42세,상해없음,승용,남,44세,경상
2021050300100073,2021년 5월 3일 07시,월요일,광주광역시 남구 월산동,경상사고,0,0,2,0,차대차 - 기타,안전거리미확보,건조,맑음,단일로 - 기타,승용,여,37세,상해없음,승용,남,21세,경상
2021050300100107,2021년 5월 3일 08시,월요일,광주광역시 남구 이장동,경상사고,0,0,1,0,차대차 - 추돌,안전거리미확보,건조,맑음,단일로 - 기타,승용,남,32세,상해없음,승용,여,53세,경상
2021050300100148,2021년 5월 3일 09시,월요일,광주광역시 동구 용산동,경상사고,0,0,2,0,차대차 - 후진중충돌,직진우회전진행방해,건조,맑음,교차로 - 교차로안,승용,여,67세,경상,승용,남,60세,경상
2021050300100149,2021년 5월 3일 09시,월요일,광주광역시 북구 용봉동,경상사고,0,0,2,0,차대차 - 기타,안전운전불이행,건조,맑음,단일로 - 기타,승용,여,63세,경상,승용,여,48세,경상
2021050300100228,2021년 5월 3일 11시,월요일,광주광역시 동구 학동,중상사고,0,1,1,0,차대차 - 정면충돌,신호위반,건조,맑음,교차로 - 교차로안,승용,여,59세,기타불명,화물,남,30세,경상
2021050300100265,2021년 5월 3일 12시,월요일,광주광역시 서구 화정동,경상사고,0,0,2,0,차대차 - 측면충돌,안전운전불이행,건조,맑음,교차로 - 교차로안,승용,여,47세,경상,승합,남,59세,상해없음
2021050300100312,2021년 5월 3일 13시,월요일,광주광역시 서구 양동,중상사고,0,1,3,0,차대차 - 기타,안전운전불이행,건조,맑음,단일로 - 기타,승용,남,36세,경상,승용,남,79세,중상
2021050300100313,2021년 5월 3일 13시,월요일,광주광역시 서구 쌍촌동,경상사고,0,0,1,0,차대사람 - 기타,안전운전불이행,건조,맑음,단일로 - 기타,기타불명,기타불명,미분류,기타불명,보행자,여,71세,경상
2021050300100314,2021년 5월 3일 13시,월요일,광주광역시 서구 화정동,경상사고,0,0,1,0,차대차 - 추돌,안전운전불이행,건조,맑음,단일로 - 기타,승용,남,59세,상해없음,승용,남,42세,경상
2021050300100349,2021년 5월 3일 14시,월요일,광주광역시 광산구 송정동,경상사고,0,0,1,0,차대차 - 기타,안전운전불이행,건조,맑음,단일로 - 기타,승용,여,65세,상해없음,승용,남,63세,경상
2021050300100384,2021년 5월 3일 15시,월요일,광주광역시 남구 월산동,중상사고,0,1,0,0,차대사람 - 기타,중앙선침범,건조,맑음,단일로 - 기타,승용,여,44세,상해없음,보행자,여,71세,중상
2021050300100385,2021년 5월 3일 15시,월요일,광주광역시 광산구 송정동,중상사고,0,1,0,0,차대사람 - 기타,안전운전불이행,건조,맑음,단일로 - 기타,승용,남,26세,상해없음,보행자,여,78세,중상
2021050300100386,2021년 5월 3일 15시,월요일,광주광역시 광산구 신창동,중상사고,0,1,0,0,차대사람 - 기타,안전운전불이행,건조,맑음,단일로 - 기타,개인형이동수단(PM),여,14세,상해없음,보행자,남,42세,중상
2021050300100430,2021년 5월 3일 16시,월요일,광주광역시 북구 동림동,경상사고,0,0,1,0,차대차 - 측면충돌,안전운전불이행,건조,맑음,교차로 - 교차로부근,승용,남,28세,상해없음,승용,여,59세,경상
2021050300100613,2021년 5월 3일 21시,월요일,광주광역시 서구 쌍촌동,경상사고,0,0,1,0,차대차 - 측면충돌,안전운전불이행,건조,맑음,단일로 - 기타,승용,여,19세,기타불명,승용,여,26세,경상
2021050300100643,2021년 5월 3일 22시,월요일,광주광역시 북구 월출동,중상사고,0,1,1,0,차대차 - 추돌,기타,건조,맑음,교차로 - 교차로부근,화물,남,33세,중상,화물,남,51세,경상
2021050400100058,2021년 5월 4일 07시,화요일,광주광역시 서구 농성동,경상사고,0,0,1,0,차대차 - 기타,안전거리미확보,건조,맑음,단일로 - 기타,승용,남,27세,상해없음,승합,여,56세,상해없음
2021050400100059,2021년 5월 4일 07시,화요일,광주광역시 광산구 월계동,경상사고,0,0,3,0,차대차 - 측면충돌,교차로운행방법위반,건조,맑음,교차로 - 교차로안,승용,남,61세,경상,승합,남,57세,경상
2021050400100095,2021년 5월 4일 08시,화요일,광주광역시 남구 행암동,경상사고,0,0,2,0,차대차 - 기타,안전거리미확보,건조,맑음,단일로 - 기타,승용,남,65세,상해없음,승용,남,38세,경상
2021050400100115,2021년 5월 4일 09시,화요일,광주광역시 서구 광천동,경상사고,0,0,1,0,차량단독 - 기타,안전운전불이행,건조,맑음,단일로 - 기타,승용,여,68세,기타불명,,,,
2021050400100116,2021년 5월 4일 09시,화요일,광주광역시 남구 임암동,경상사고,0,0,1,0,차대사람 - 횡단중,신호위반,건조,맑음,교차로 - 교차로횡단보도내,승용,여,45세,상해없음,보행자,여,29세,경상
2021050400100147,2021년 5월 4일 10시,화요일,광주광역시 서구 매월동,중상사고,0,1,0,0,차대사람 - 기타,안전운전불이행,건조,맑음,교차로 - 교차로부근,화물,남,32세,상해없음,보행자,여,63세,중상
2021050400100199,2021년 5월 4일 12시,화요일,광주광역시 서구 덕흥동,경상사고,0,0,1,0,차대차 - 기타,안전거리미확보,기타,흐림,단일로 - 기타,특수,남,53세,상해없음,승용,여,47세,경상
2021050400100200,2021년 5월 4일 12시,화요일,광주광역시 서구 금호동,경상사고,0,0,1,0,차대사람 - 길가장자리구역통행중,보행자보호의무위반,건조,맑음,단일로 - 기타,승용,여,63세,상해없음,보행자,여,42세,경상
2021050400100234,2021년 5월 4일 13시,화요일,광주광역시 서구 내방동,중상사고,0,1,2,1,차대차 - 기타,중앙선침범,건조,맑음,단일로 - 기타,이륜,남,20세,중상,승용,여,24세,경상
2021050400100235,2021년 5월 4일 13시,화요일,광주광역시 서구 금호동,경상사고,0,0,1,0,차대사람 - 기타,보행자보호의무위반,건조,맑음,기타 - 기타,승용,남,72세,상해없음,보행자,여,75세,경상
2021050400100236,2021년 5월 4일 13시,화요일,광주광역시 남구 진월동,경상사고,0,0,4,0,차대차 - 측면충돌,안전운전불이행,젖음/습기,비,단일로 - 기타,화물,남,73세,상해없음,승용,여,54세,경상
2021050400100271,2021년 5월 4일 14시,화요일,광주광역시 광산구 운수동,부상신고사고,0,0,0,1,차대차 - 추돌,안전거리미확보,건조,맑음,단일로 - 기타,승용,남,50세,상해없음,승용,여,54세,부상신고
2021050400100315,2021년 5월 4일 15시,화요일,광주광역시 동구 학동,경상사고,0,0,1,0,차대차 - 추돌,안전거리미확보,건조,맑음,단일로 - 기타,승용,남,26세,상해없음,승합,남,55세,경상
2021050400100316,2021년 5월 4일 15시,화요일,광주광역시 서구 동천동,경상사고,0,0,3,0,차대차 - 추돌,안전거리미확보,젖음/습기,비,단일로 - 기타,화물,남,48세,상해없음,승용,남,35세,경상
2021050400100355,2021년 5월 4일 16시,화요일,광주광역시 남구 주월동,경상사고,0,0,3,0,차대차 - 측면충돌,안전거리미확보,건조,맑음,교차로 - 교차로부근,승용,남,50세,상해없음,승용,여,44세,경상
2021050400100399,2021년 5월 4일 17시,화요일,광주광역시 남구 봉선동,경상사고,0,0,1,0,차대차 - 측면충돌,안전거리미확보,젖음/습기,비,단일로 - 기타,승용,남,60세,상해없음,승용,남,45세,경상
2021050400100443,2021년 5월 4일 18시,화요일,광주광역시 동구 소태동,경상사고,0,0,2,0,차대차 - 추돌,안전운전불이행,젖음/습기,비,단일로 - 기타,화물,남,57세,상해없음,승용,여,39세,경상
2021050400100444,2021년 5월 4일 18시,화요일,광주광역시 남구 임암동,경상사고,0,0,5,0,차대차 - 추돌,안전운전불이행,젖음/습기,비,단일로 - 기타,승용,여,54세,상해없음,승용,여,40세,경상
2021050400100445,2021년 5월 4일 18시,화요일,광주광역시 남구 주월동,경상사고,0,0,1,0,차대차 - 측면충돌,안전거리미확보,건조,맑음,단일로 - 기타,승용,남,61세,상해없음,승용,남,37세,경상
2021050400100446,2021년 5월 4일 18시,화요일,광주광역시 북구 임동,경상사고,0,0,3,0,차대차 - 기타,안전운전불이행,젖음/습기,비,교차로 - 교차로안,승용,여,60세,경상,승용,남,34세,경상
2021050400100447,2021년 5월 4일 18시,화요일,광주광역시 광산구 연산동,경상사고,0,0,1,0,차대차 - 측면충돌,안전운전불이행,젖음/습기,비,단일로 - 기타,승용,남,47세,상해없음,승용,여,28세,경상
2021050400100448,2021년 5월 4일 18시,화요일,광주광역시 광산구 월계동,경상사고,0,0,1,0,차대차 - 측면충돌,차로위반,건조,맑음,단일로 - 기타,승용,남,58세,상해없음,이륜,남,24세,경상
2021050400100513,2021년 5월 4일 19시,화요일,광주광역시 광산구 소촌동,경상사고,0,0,1,0,차대차 - 기타,안전운전불이행,건조,맑음,단일로 - 기타,승용,여,36세,상해없음,승용,남,35세,경상
2021050400100567,2021년 5월 4일 20시,화요일,광주광역시 서구 내방동,경상사고,0,0,1,0,차대차 - 기타,안전운전불이행,건조,맑음,교차로 - 교차로안,승용,여,53세,상해없음,이륜,남,24세,경상