사고번호,사고일시,요일,시군구,사고내용,사망자수,중상자수,경상자수,부상신고자수,사고유형,법규위반,노면상태,기상상태,도로형태,가해운전자 차종,가해운전자 성별,가해운전자 연령,가해운전자 상해정도,피해운전자 차종,피해운전자 성별,피해운전자 연령,피해운전자 상해정도
2021051100100089,2021년 5월 11일 07시,화요일,광주광역시 북구 용두동,경상사고,0,0,3,0,차대차 - 추돌,안전운전불이행,건조,맑음,단일로 - 기타,승합,남,51세,경상,승용,남,73세,상해없음
2021051100100130,2021년 5월 11일 08시,화요일,광주광역시 동구 동명동,경상사고,0,0,3,1,차대차 - 추돌,안전거리미확보,건조,맑음,단일로 - 기타,승용,남,80세,부상신고,화물,남,27세,경상
2021051100100131,2021년 5월 11일 08시,화요일,광주광역시 광산구 용곡동,경상사고,0,0,2,0,차대차 - 측면충돌,중앙선침범,건조,흐림,단일로 - 기타,화물,남,68세,상해없음,화물,남,64세,경상
2021051100100169,2021년 5월 11일 09시,화요일,광주광역시 동구 산수동,경상사고,0,0,1,0,차대차 - 측면충돌,교차로운행방법위반,건조,맑음,교차로 - 교차로안,승용,여,33세,상해없음,개인형이동수단(PM),남,25세,경상
2021051100100170,2021년 5월 11일 09시,화요일,광주광역시 북구 문흥동,경상사고,0,0,1,1,차대차 - 측면충돌,차로위반,건조,맑음,단일로 - 기타,화물,남,70세,상해없음,승용,여,39세,경상
2021051100100171,2021년 5월 11일 09시,화요일,광주광역시 북구 용봉동,경상사고,0,0,1,0,차대차 - 측면충돌,안전거리미확보,건조,맑음,단일로 - 기타,승합,남,58세,상해없음,승용,여,46세,경상
2021051100100237,2021년 5월 11일 11시,화요일,광주광역시 광산구 우산동,경상사고,0,0,1,0,차대사람 - 횡단중,보행자보호의무위반,건조,맑음,교차로 - 교차로횡단보도내,승용,남,61세,상해없음,보행자,남,7세,경상
2021051100100267,2021년 5월 11일 12시,화요일,광주광역시 광산구 월계동,중상사고,0,1,0,0,차대차 - 정면충돌,신호위반,건조,맑음,교차로 - 교차로안,승용,남,41세,상해없음,승용,남,43세,중상
2021051100100313,2021년 5월 11일 13시,화요일,광주광역시 동구 용산동,경상사고,0,0,2,0,차대차 - 측면충돌,교차로운행방법위반,건조,맑음,교차로 - 교차로부근,승용,여,52세,상해없음,승용,여,38세,경상
2021051100100314,2021년 5월 11일 13시,화요일,광주광역시 남구 송하동,경상사고,0,0,2,0,차대차 - 추돌,안전거리미확보,건조,맑음,교차로 - 교차로안,건설기계,남,47세,상해없음,승용,여,57세,경상
2021051100100354,2021년 5월 11일 14시,화요일,광주광역시 남구 주월동,중상사고,0,1,0,0,차대사람 - 횡단중,보행자보호의무위반,건조,맑음,교차로 - 교차로횡단보도내,승용,남,67세,상해없음,보행자,여,72세,중상
2021051100100355,2021년 5월 11일 14시,화요일,광주광역시 북구 오치동,중상사고,0,1,0,0,차대사람 - 기타,안전운전불이행,건조,맑음,단일로 - 기타,특수,남,34세,상해없음,보행자,여,52세,중상
2021051100100434,2021년 5월 11일 16시,화요일,광주광역시 북구 중흥동,경상사고,0,0,1,0,차대차 - 기타,안전운전불이행,건조,맑음,단일로 - 기타,승용,남,50세,상해없음,원동기,남,49세,경상
2021051100100474,2021년 5월 11일 17시,화요일,광주광역시 남구 월산동,경상사고,0,0,1,0,차대사람 - 기타,안전운전불이행,건조,맑음,기타 - 기타,화물,남,48세,상해없음,보행자,남,68세,경상
2021051100100475,2021년 5월 11일 17시,화요일,광주광역시 남구 봉선동,경상사고,0,0,1,0,차대사람 - 기타,안전운전불이행,건조,맑음,단일로 - 기타,승용,여,56세,상해없음,보행자,여,22세,경상
2021051100100638,2021년 5월 11일 22시,화요일,광주광역시 남구 진월동,경상사고,0,0,1,0,차대사람 - 기타,안전운전불이행,건조,맑음,단일로 - 기타,승용,여,45세,상해없음,보행자,남,60세,경상
2021051100100639,2021년 5월 11일 22시,화요일,광주광역시 광산구 신가동,중상사고,0,1,1,0,차대차 - 정면충돌,신호위반,건조,맑음,교차로 - 교차로안,원동기,남,21세,중상,화물,남,51세,경상
2021051200100009,2021년 5월 12일 00시,수요일,광주광역시 동구 용산동,경상사고,0,0,1,0,차대사람 - 기타,불법유턴,건조,맑음,기타 - 기타,승용,남,62세,상해없음,보행자,남,37세,경상
2021051200100010,2021년 5월 12일 00시,수요일,광주광역시 북구 오치동,경상사고,0,0,1,1,차대차 - 측면충돌,교차로운행방법위반,건조,흐림,교차로 - 교차로안,이륜,남,49세,부상신고,승용,남,51세,경상
2021051200100096,2021년 5월 12일 08시,수요일,광주광역시 광산구 월계동,부상신고사고,0,0,0,1,차대사람 - 횡단중,보행자보호의무위반,건조,맑음,교차로 - 교차로횡단보도내,승용,남,71세,상해없음,보행자,남,10세,부상신고
2021051200100129,2021년 5월 12일 09시,수요일,광주광역시 북구 중흥동,경상사고,0,0,1,0,차대차 - 기타,안전운전불이행,건조,맑음,단일로 - 기타,승용,남,37세,상해없음,개인형이동수단(PM),여,22세,경상
2021051200100165,2021년 5월 12일 10시,수요일,광주광역시 동구 남동,경상사고,0,0,3,0,차대차 - 추돌,교차로운행방법위반,건조,맑음,교차로 - 교차로안,건설기계,남,59세,기타불명,승용,남,36세,경상
2021051200100195,2021년 5월 12일 11시,수요일,광주광역시 동구 호남동,경상사고,0,0,1,0,차대차 - 측면충돌,교차로운행방법위반,건조,맑음,교차로 - 교차로부근,승용,남,74세,상해없음,승용,여,39세,경상
2021051200100227,2021년 5월 12일 12시,수요일,광주광역시 북구 일곡동,경상사고,0,0,3,0,차대차 - 기타,안전운전불이행,건조,맑음,기타 - 기타,승용,남,32세,경상,개인형이동수단(PM),여,20세,경상
2021051200100265,2021년 5월 12일 13시,수요일,광주광역시 서구 동천동,경상사고,0,0,1,0,차대차 - 기타,안전운전불이행,건조,맑음,단일로 - 기타,승용,남,55세,상해없음,승용,여,27세,경상
2021051200100266,2021년 5월 12일 13시,수요일,광주광역시 북구 중흥동,경상사고,0,0,1,0,차대차 - 기타,교차로운행방법위반,건조,맑음,교차로 - 교차로안,승용,남,45세,상해없음,화물,남,68세,경상
2021051200100337,2021년 5월 12일 15시,수요일,광주광역시 북구 운암동,경상사고,0,0,1,0,차대사람 - 기타,안전운전불이행,건조,맑음,단일로 - 기타,화물,남,48세,상해없음,보행자,여,60세,경상
2021051200100389,2021년 5월 12일 16시,수요일,광주광역시 북구 신용동,경상사고,0,0,1,0,차대차 - 측면충돌,교차로운행방법위반,건조,맑음,교차로 - 교차로안,승용,여,32세,상해없음,승용,남,33세,경상
2021051200100438,2021년 5월 12일 17시,수요일,광주광역시 광산구 소촌동,경상사고,0,0,1,0,차대차 - 추돌,안전거리미확보,건조,맑음,단일로 - 기타,승용,남,28세,상해없음,승용,남,45세,경상
2021051200100497,2021년 5월 12일 18시,수요일,광주광역시 북구 삼각동,경상사고,0,0,1,0,차대차 - 측면충돌,안전거리미확보,건조,맑음,단일로 - 기타,화물,남,33세,상해없음,원동기,남,53세,경상
2021051200100528,2021년 5월 12일 19시,수요일,광주광역시 서구 풍암동,경상사고,0,0,1,0,차대차 - 기타,안전거리미확보,건조,맑음,단일로 - 기타,이륜,남,31세,경상,승용,여,27세,상해없음
2021051200100530,2021년 5월 12일 19시,수요일,광주광역시 광산구 수완동,경상사고,0,0,2,0,차대차 - 측면충돌,안전운전불이행,건조,맑음,단일로 - 기타,승용,남,63세,상해없음,화물,남,33세,경상
2021051200100600,2021년 5월 12일 22시,수요일,광주광역시 동구 광산동,경상사고,0,0,1,0,차대사람 - 차도통행중,신호위반,건조,맑음,단일로 - 기타,승용,남,19세,상해없음,보행자,여,22세,경상
2021051200100619,2021년 5월 12일 23시,수요일,광주광역시 광산구 소촌동,중상사고,0,1,0,0,차대차 - 측면충돌,신호위반,건조,맑음,교차로 - 교차로안,자전거,여,65세,중상,승용,남,39세,상해없음
2021051300100045,2021년 5월 13일 06시,목요일,광주광역시 광산구 월곡동,중상사고,0,1,0,1,차대차 - 측면충돌,신호위반,건조,맑음,교차로 - 교차로안,이륜,남,32세,부상신고,승용,남,57세,상해없음
2021051300100046,2021년 5월 13일 06시,목요일,광주광역시 광산구 송정동,경상사고,0,0,1,0,차대차 - 측면충돌,안전운전불이행,건조,맑음,교차로 - 교차로안,승용,여,46세,상해없음,승용,여,61세,경상
2021051300100067,2021년 5월 13일 07시,목요일,광주광역시 북구 연제동,경상사고,0,0,1,0,차대차 - 측면충돌,안전운전불이행,건조,맑음,단일로 - 기타,건설기계,남,52세,상해없음,승용,남,52세,경상
2021051300100115,2021년 5월 13일 08시,목요일,광주광역시 북구 양산동,경상사고,0,0,1,0,차대차 - 측면충돌,신호위반,건조,맑음,교차로 - 교차로안,승용,남,25세,상해없음,승용,남,35세,경상
2021051300100149,2021년 5월 13일 09시,목요일,광주광역시 남구 봉선동,경상사고,0,0,1,0,차대차 - 측면충돌,안전운전불이행,건조,맑음,교차로 - 교차로안,건설기계,남,44세,상해없음,승용,여,49세,경상
2021051300100181,2021년 5월 13일 10시,목요일,광주광역시 서구 치평동,경상사고,0,0,1,0,차대차 - 기타,교차로운행방법위반,건조,맑음,교차로 - 교차로안,승용,남,45세,상해없음,승용,여,32세,상해없음
2021051300100182,2021년 5월 13일 10시,목요일,광주광역시 광산구 송정동,경상사고,0,0,1,0,차대차 - 측면충돌,안전운전불이행,건조,맑음,교차로 - 교차로부근,화물,남,53세,상해없음,자전거,여,68세,경상
2021051300100208,2021년 5월 13일 11시,목요일,광주광역시 동구 광산동,부상신고사고,0,0,0,2,차대차 - 측면충돌,안전운전불이행,건조,맑음,단일로 - 기타,승용,남,25세,상해없음,승용,남,21세,부상신고
2021051300100209,2021년 5월 13일 11시,목요일,광주광역시 광산구 쌍암동,경상사고,0,0,1,0,차대차 - 기타,교차로운행방법위반,건조,맑음,교차로 - 교차로안,승합,남,40세,상해없음,이륜,남,24세,경상
2021051300100241,2021년 5월 13일 12시,목요일,광주광역시 광산구 수완동,중상사고,0,1,1,0,차대차 - 측면충돌,교차로운행방법위반,건조,맑음,교차로 - 교차로안,이륜,남,17세,경상,이륜,남,39세,중상
2021051300100280,2021년 5월 13일 13시,목요일,광주광역시 서구 쌍촌동,경상사고,0,0,2,0,차대차 - 측면충돌,안전운전불이행,건조,맑음,교차로 - 교차로안,승용,여,26세,상해없음,승용,여,50세,경상
2021051300100281,2021년 5월 13일 13시,목요일,광주광역시 남구 봉선동,경상사고,0,0,1,0,차대차 - 측면충돌,교차로운행방법위반,건조,맑음,교차로 - 교차로안,승용,남,31세,상해없음,승용,여,33세,경상
2021051300100282,2021년 5월 13일 13시,목요일,광주광역시 북구 문흥동,경상사고,0,0,1,0,차대사람 - 차도통행중,안전운전불이행,건조,맑음,단일로 - 기타,승용,남,65세,상해없음,보행자,여,23세,경상
2021051300100328,2021년 5월 13일 14시,목요일,광주광역시 북구 중흥동,경상사고,0,0,1,0,차대차 - 기타,안전운전불이행,건조,맑음,단일로 - 기타,승용,여,61세,상해없음,승용,여,42세,경상
2021051300100402,2021년 5월 13일 16시,목요일,광주광역시 서구 화정동,경상사고,0,0,2,0,차대차 - 기타,교차로운행방법위반,건조,맑음,교차로 - 교차로안,화물,남,48세,상해없음,승용,여,45세,경상
2021051300100451,2021년 5월 13일 17시,목요일,광주광역시 동구 소태동,경상사고,0,0,3,0,차대차 - 측면충돌,안전운전불이행,건조,맑음,단일로 - 기타,승용,여,54세,상해없음,승용,여,42세,경상
2021051300100498,2021년 5월 13일 18시,목요일,광주광역시 남구 주월동,경상사고,0,0,1,0,차대차 - 추돌,안전거리미확보,건조,맑음,단일로 - 기타,승용,남,29세,상해없음,승용,남,24세,경상
2021051300100499,2021년 5월 13일 18시,목요일,광주광역시 광산구 본덕동,경상사고,0,0,1,0,차대차 - 측면충돌,차로위반,건조,맑음,단일로 - 교량,승용,남,67세,상해없음,승용,남,33세,경상
2021051300100597,2021년 5월 13일 21시,목요일,광주광역시 남구 진월동,경상사고,0,0,2,0,차대차 - 추돌,안전운전불이행,건조,맑음,교차로 - 교차로부근,승용,남,46세,상해없음,승용,여,48세,경상
2021051300100598,2021년 5월 13일 21시,목요일,광주광역시 광산구 수완동,중상사고,0,1,1,0,차대차 - 측면충돌,안전거리미확보,건조,맑음,단일로 - 기타,이륜,남,21세,중상,승용,남,61세,경상
2021051300100619,2021년 5월 13일 22시,목요일,광주광역시 북구 용두동,경상사고,0,0,2,0,차대차 - 추돌,안전거리미확보,건조,맑음,교차로 - 교차로부근,이륜,남,29세,경상,승용,여,34세,경상
2021051400100012,2021년 5월 14일 00시,금요일,광주광역시 북구 임동,경상사고,0,0,1,0,차대차 - 측면충돌,안전운전불이행,건조,맑음,단일로 - 기타,승용,남,23세,상해없음,승용,남,59세,경상
2021051400100052,2021년 5월 14일 06시,금요일,광주광역시 북구 누문동,중상사고,0,1,0,0,차대차 - 측면충돌,교차로운행방법위반,건조,맑음,교차로 - 교차로부근,승용,남,62세,상해없음,승용,남,69세,중상
2021051400100077,2021년 5월 14일 07시,금요일,광주광역시 광산구 신촌동,경상사고,0,0,1,1,차대차 - 추돌,안전거리미확보,건조,맑음,교차로 - 교차로부근,승용,남,25세,부상신고,승용,여,52세,경상
2021051400100078,2021년 5월 14일 07시,금요일,광주광역시 광산구 진곡동,경상사고,0,0,1,0,차대차 - 기타,안전운전불이행,건조,맑음,교차로 - 교차로안,승용,남,63세,상해없음,화물,남,32세,경상
2021051400100116,2021년 5월 14일 08시,금요일,광주광역시 서구 쌍촌동,경상사고,0,0,2,0,차대차 - 측면충돌,안전거리미확보,건조,맑음,교차로 - 교차로부근,승용,남,35세,경상,승용,남,40세,경상
2021051400100117,2021년 5월 14일 08시,금요일,광주광역시 남구 월산동,경상사고,0,0,1,0,차대사람 - 횡단중,안전운전불이행,건조,맑음,단일로 - 기타,승용,여,43세,상해없음,보행자,남,9세,경상
2021051400100118,2021년 5월 14일 08시,금요일,광주광역시 북구 용두동,경상사고,0,0,1,0,차대사람 - 기타,안전운전불이행,건조,맑음,단일로 - 기타,승용,여,26세,상해없음,보행자,남,28세,경상
2021051400100256,2021년 5월 14일 12시,금요일,광주광역시 동구 지산동,중상사고,0,1,1,0,차대차 - 추돌,안전거리미확보,건조,맑음,교차로 - 교차로부근,승용,여,48세,상해없음,이륜,남,55세,중상
2021051400100257,2021년 5월 14일 12시,금요일,광주광역시 북구 본촌동,경상사고,0,0,2,0,차대차 - 기타,안전운전불이행,건조,맑음,기타 - 기타,승용,남,55세,상해없음,승용,여,60세,경상
2021051400100291,2021년 5월 14일 13시,금요일,광주광역시 북구 중흥동,경상사고,0,0,1,0,차대차 - 기타,교차로운행방법위반,건조,맑음,교차로 - 교차로안,승용,남,58세,기타불명,이륜,남,34세,경상
2021051400100335,2021년 5월 14일 14시,금요일,광주광역시 동구 산수동,중상사고,0,1,1,0,차대차 - 추돌,안전운전불이행,건조,맑음,교차로 - 교차로부근,승용,남,65세,상해없음,승합,남,26세,경상
2021051400100337,2021년 5월 14일 14시,금요일,광주광역시 광산구 월계동,중상사고,0,1,0,0,차대사람 - 횡단중,보행자보호의무위반,건조,맑음,교차로 - 교차로횡단보도내,화물,남,76세,상해없음,보행자,여,78세,중상
2021051400100338,2021년 5월 14일 14시,금요일,광주광역시 광산구 도산동,경상사고,0,0,2,0,차대차 - 측면충돌,직진우회전진행방해,건조,맑음,교차로 - 교차로안,승용,남,40세,경상,승용,남,62세,경상
2021051400100381,2021년 5월 14일 15시,금요일,광주광역시 서구 쌍촌동,경상사고,0,0,1,0,차대차 - 측면충돌,안전운전불이행,건조,맑음,단일로 - 기타,승용,남,17세,상해없음,승용,남,24세,경상
2021051400100382,2021년 5월 14일 15시,금요일,광주광역시 서구 금호동,경상사고,0,0,1,0,차대사람 - 기타,안전운전불이행,건조,맑음,단일로 - 기타,승용,남,55세,상해없음,보행자,남,5세,경상
2021051400100383,2021년 5월 14일 15시,금요일,광주광역시 서구 농성동,경상사고,0,0,1,0,차대사람 - 횡단중,안전운전불이행,건조,맑음,교차로 - 교차로안,화물,남,62세,상해없음,보행자,남,72세,경상
2021051400100384,2021년 5월 14일 15시,금요일,광주광역시 서구 매월동,경상사고,0,0,1,0,차대차 - 측면충돌,안전운전불이행,건조,맑음,단일로 - 기타,승용,남,52세,상해없음,자전거,남,16세,경상
2021051400100385,2021년 5월 14일 15시,금요일,광주광역시 광산구 우산동,경상사고,0,0,1,0,차대차 - 측면충돌,차로위반,건조,맑음,단일로 - 터널,승용,여,67세,상해없음,화물,남,36세,경상
2021051400100440,2021년 5월 14일 16시,금요일,광주광역시 북구 용봉동,경상사고,0,0,1,0,차대차 - 측면충돌,안전운전불이행,건조,맑음,단일로 - 기타,승용,여,31세,상해없음,승용,남,67세,상해없음
2021051400100508,2021년 5월 14일 17시,금요일,광주광역시 광산구 월곡동,경상사고,0,0,1,0,차대차 - 추돌,안전운전불이행,건조,맑음,단일로 - 기타,화물,남,59세,상해없음,이륜,남,44세,경상
2021051400100509,2021년 5월 14일 17시,금요일,광주광역시 광산구 우산동,경상사고,0,0,1,0,차대차 - 추돌,안전운전불이행,건조,맑음,기타 - 기타,승용,남,61세,상해없음,승용,여,29세,경상
2021051400100559,2021년 5월 14일 18시,금요일,광주광역시 서구 광천동,경상사고,0,0,1,0,차대차 - 측면충돌,안전운전불이행,건조,맑음,교차로 - 교차로부근,화물,남,60세,상해없음,승용,남,76세,경상
2021051400100560,2021년 5월 14일 18시,금요일,광주광역시 북구 두암동,경상사고,0,0,2,0,차대차 - 측면충돌,안전운전불이행,건조,맑음,교차로 - 교차로안,개인형이동수단(PM),남,18세,경상,화물,남,68세,상해없음
2021051400100561,2021년 5월 14일 18시,금요일,광주광역시 광산구 송촌동,경상사고,0,0,1,0,차대차 - 측면충돌,신호위반,건조,맑음,교차로 - 교차로안,승용,남,68세,상해없음,승용,남,32세,경상
2021051400100637,2021년 5월 14일 20시,금요일,광주광역시 남구 구동,경상사고,0,0,1,0,차대차 - 정면충돌,신호위반,건조,맑음,교차로 - 교차로안,승용,남,83세,상해없음,자전거,남,20세,경상
2021051400100638,2021년 5월 14일 20시,금요일,광주광역시 남구 봉선동,중상사고,0,1,1,0,차대차 - 측면충돌,안전운전불이행,건조,맑음,단일로 - 기타,이륜,남,20세,중상,승용,남,28세,경상
2021051400100639,2021년 5월 14일 20시,금요일,광주광역시 광산구 신창동,경상사고,0,0,1,0,차대차 - 기타,안전운전불이행,건조,맑음,단일로 - 기타,승용,남,29세,상해없음,이륜,남,23세,경상
2021051400100670,2021년 5월 14일 21시,금요일,광주광역시 북구 오치동,경상사고,0,0,1,0,차대차 - 측면충돌,신호위반,건조,맑음,교차로 - 교차로안,승용,남,60세,상해없음,이륜,남,24세,경상
2021051400100715,2021년 5월 14일 23시,금요일,광주광역시 남구 월산동,경상사고,0,0,2,0,차대차 - 기타,안전운전불이행,건조,맑음,단일로 - 기타,승용,남,24세,상해없음,승용,남,63세,상해없음
2021051500100012,2021년 5월 15일 00시,토요일,광주광역시 북구 운암동,경상사고,0,0,1,0,차대사람 - 횡단중,보행자보호의무위반,젖음/습기,비,교차로 - 교차로횡단보도내,승용,남,71세,상해없음,보행자,여,45세,경상
2021051500100029,2021년 5월 15일 02시,토요일,광주광역시 북구 용봉동,경상사고,0,0,1,0,차대사람 - 기타,안전운전불이행,건조,맑음,교차로 - 교차로안,승용,남,31세,상해없음,보행자,남,60세,경상
2021051500100042,2021년 5월 15일 04시,토요일,광주광역시 동구 동명동,경상사고,0,0,1,0,차대차 - 측면충돌,신호위반,젖음/습기,비,교차로 - 교차로안,승용,여,45세,상해없음,승용,여,27세,경상
2021051500100057,2021년 5월 15일 05시,토요일,광주광역시 광산구 신가동,경상사고,0,0,1,0,차대차 - 추돌,안전운전불이행,젖음/습기,비,교차로 - 교차로부근,승용,남,30세,상해없음,화물,남,53세,경상
2021051500100071,2021년 5월 15일 06시,토요일,광주광역시 광산구 쌍암동,경상사고,0,0,1,0,차대차 - 측면충돌,중앙선침범,젖음/습기,비,교차로 - 교차로안,승용,남,61세,상해없음,승용,여,62세,경상
2021051500100078,2021년 5월 15일 07시,토요일,광주광역시 남구 월산동,경상사고,0,0,2,0,차대차 - 추돌,신호위반,건조,맑음,교차로 - 교차로안,승용,여,60세,상해없음,승용,남,43세,경상
2021051500100120,2021년 5월 15일 09시,토요일,광주광역시 광산구 신촌동,경상사고,0,0,2,0,차대차 - 측면충돌,안전거리미확보,건조,맑음,단일로 - 기타,승용,남,54세,상해없음,승용,남,73세,경상
2021051500100151,2021년 5월 15일 10시,토요일,광주광역시 광산구 송정동,중상사고,0,1,1,0,차대차 - 측면충돌,교차로운행방법위반,건조,맑음,교차로 - 교차로안,승용,여,27세,상해없음,승용,남,23세,중상
2021051500100185,2021년 5월 15일 11시,토요일,광주광역시 북구 장등동,경상사고,0,0,2,0,차대차 - 측면충돌,안전운전불이행,건조,맑음,단일로 - 기타,화물,남,64세,상해없음,승용,여,38세,경상
2021051500100269,2021년 5월 15일 13시,토요일,광주광역시 북구 용봉동,경상사고,0,0,1,0,차대차 - 기타,안전운전불이행,건조,맑음,단일로 - 기타,승용,남,47세,상해없음,승합,남,55세,상해없음
2021051500100270,2021년 5월 15일 13시,토요일,광주광역시 북구 용봉동,경상사고,0,0,1,0,차대차 - 측면충돌,안전운전불이행,건조,맑음,교차로 - 교차로안,승용,남,23세,상해없음,화물,남,40세,경상
2021051500100309,2021년 5월 15일 14시,토요일,광주광역시 서구 양동,경상사고,0,0,1,0,차대사람 - 기타,안전운전불이행,젖음/습기,비,단일로 - 기타,승용,여,64세,상해없음,보행자,여,74세,경상
2021051500100310,2021년 5월 15일 14시,토요일,광주광역시 북구 각화동,경상사고,0,0,1,0,차대차 - 측면충돌,안전운전불이행,건조,맑음,교차로 - 교차로부근,승용,남,39세,기타불명,승용,여,40세,경상
2021051500100379,2021년 5월 15일 16시,토요일,광주광역시 서구 쌍촌동,경상사고,0,0,1,0,차대사람 - 기타,안전운전불이행,건조,흐림,단일로 - 기타,승용,여,65세,상해없음,보행자,남,25세,경상
2021051500100421,2021년 5월 15일 17시,토요일,광주광역시 북구 삼각동,경상사고,0,0,1,0,차대차 - 기타,교차로운행방법위반,건조,맑음,교차로 - 교차로안,승용,남,28세,상해없음,화물,남,40세,경상
2021051500100491,2021년 5월 15일 19시,토요일,광주광역시 서구 광천동,경상사고,0,0,1,0,차대차 - 측면충돌,안전거리미확보,건조,맑음,교차로 - 교차로부근,승용,남,58세,상해없음,화물,남,30세,경상
2021051500100492,2021년 5월 15일 19시,토요일,광주광역시 남구 월산동,경상사고,0,0,4,0,차대차 - 측면충돌,교차로운행방법위반,건조,맑음,교차로 - 교차로안,승용,남,42세,상해없음,승용,남,21세,경상
2021051500100493,2021년 5월 15일 19시,토요일,광주광역시 북구 오치동,경상사고,0,0,1,0,차대차 - 측면충돌,안전운전불이행,건조,맑음,단일로 - 기타,화물,남,51세,상해없음,이륜,남,32세,경상
2021051500100566,2021년 5월 15일 21시,토요일,광주광역시 서구 쌍촌동,경상사고,0,0,2,0,차대차 - 기타,안전운전불이행,건조,맑음,교차로 - 교차로부근,승용,남,55세,상해없음,승용,남,24세,경상
2021051500100567,2021년 5월 15일 21시,토요일,광주광역시 광산구 운남동,경상사고,0,0,1,0,차대사람 - 기타,안전운전불이행,건조,맑음,교차로 - 교차로부근,승용,남,58세,상해없음,보행자,남,49세,경상
2021051500100625,2021년 5월 15일 23시,토요일,광주광역시 북구 연제동,중상사고,0,1,0,0,차대차 - 기타,신호위반,젖음/습기,비,교차로 - 교차로안,승용,남,73세,상해없음,승용,남,54세,중상
2021051600100017,2021년 5월 16일 00시,일요일,광주광역시 서구 쌍촌동,경상사고,0,0,4,0,차대차 - 후진중충돌,안전운전불이행,젖음/습기,비,교차로 - 교차로안,승용,여,38세,상해없음,승용,남,25세,경상
2021051600100018,2021년 5월 16일 00시,일요일,광주광역시 서구 치평동,중상사고,0,2,2,0,차대차 - 기타,신호위반,젖음/습기,비,교차로 - 교차로안,승용,남,26세,상해없음,승용,남,43세,경상
2021051600100019,2021년 5월 16일 00시,일요일,광주광역시 남구 월산동,부상신고사고,0,0,0,1,차대사람 - 기타,안전운전불이행,젖음/습기,비,단일로 - 기타,기타불명,기타불명,미분류,기타불명,보행자,남,63세,부상신고
2021051600100020,2021년 5월 16일 00시,일요일,광주광역시 북구 양산동,경상사고,0,0,1,0,차대차 - 추돌,안전운전불이행,젖음/습기,비,단일로 - 기타,승용,남,25세,상해없음,승용,남,22세,경상
2021051600100021,2021년 5월 16일 00시,일요일,광주광역시 북구 운암동,경상사고,0,0,2,0,차대차 - 후진중충돌,중앙선침범,젖음/습기,비,교차로 - 교차로안,승용,남,38세,상해없음,승합,남,61세,경상
2021051600100022,2021년 5월 16일 00시,일요일,광주광역시 북구 오치동,중상사고,0,1,0,0,차대사람 - 차도통행중,안전운전불이행,젖음/습기,비,단일로 - 기타,승용,여,23세,상해없음,보행자,여,56세,중상
2021051600100050,2021년 5월 16일 02시,일요일,광주광역시 서구 풍암동,경상사고,0,0,1,0,차대차 - 기타,안전운전불이행,젖음/습기,비,단일로 - 기타,기타불명,기타불명,미분류,기타불명,이륜,남,35세,경상
2021051600100059,2021년 5월 16일 03시,일요일,광주광역시 광산구 신촌동,중상사고,0,2,2,0,차대차 - 측면충돌,중앙선침범,젖음/습기,비,단일로 - 기타,이륜,남,39세,경상,승용,남,19세,중상
2021051600100061,2021년 5월 16일 04시,일요일,광주광역시 광산구 신가동,부상신고사고,0,0,0,1,차량단독 - 공작물충돌,안전운전불이행,젖음/습기,비,단일로 - 교량,승용,남,32세,부상신고,,,,
2021051600100156,2021년 5월 16일 12시,일요일,광주광역시 서구 광천동,경상사고,0,0,1,0,차대차 - 측면충돌,차로위반,건조,맑음,단일로 - 기타,승용,여,48세,상해없음,승용,여,45세,경상
2021051600100210,2021년 5월 16일 14시,일요일,광주광역시 북구 동림동,경상사고,0,0,2,0,차대차 - 기타,기타,젖음/습기,비,단일로 - 기타,승용,남,63세,상해없음,화물,남,58세,경상
2021051600100216,2021년 5월 16일 14시,일요일,광주광역시 서구 광천동,경상사고,0,0,2,0,차대차 - 후진중충돌,안전운전불이행,건조,맑음,기타 - 기타,승용,남,53세,상해없음,승용,남,36세,경상
2021051600100217,2021년 5월 16일 14시,일요일,광주광역시 북구 두암동,경상사고,0,0,1,0,차대차 - 기타,안전운전불이행,건조,맑음,교차로 - 교차로안,승용,남,24세,상해없음,이륜,남,62세,경상
2021051600100218,2021년 5월 16일 14시,일요일,광주광역시 북구 용두동,경상사고,0,0,2,0,차대차 - 기타,안전운전불이행,젖음/습기,비,단일로 - 기타,승용,여,26세,경상,이륜,남,36세,경상
2021051600100219,2021년 5월 16일 14시,일요일,광주광역시 광산구 신창동,중상사고,0,1,0,0,차대차 - 기타,중앙선침범,건조,맑음,단일로 - 기타,승용,남,46세,상해없음,이륜,남,48세,중상
2021051600100271,2021년 5월 16일 16시,일요일,광주광역시 서구 금호동,경상사고,0,0,1,0,차대차 - 측면충돌,신호위반,젖음/습기,비,교차로 - 교차로안,승용,여,59세,기타불명,승용,여,44세,경상
2021051600100288,2021년 5월 16일 17시,일요일,광주광역시 광산구 산정동,경상사고,0,0,1,0,차대차 - 추돌,안전운전불이행,젖음/습기,비,단일로 - 기타,승용,여,49세,상해없음,이륜,남,54세,경상
2021051600100385,2021년 5월 16일 20시,일요일,광주광역시 광산구 도산동,경상사고,0,0,1,0,차대차 - 추돌,안전운전불이행,젖음/습기,비,교차로 - 교차로부근,승용,남,58세,기타불명,화물,남,51세,경상