사고번호,사고일시,요일,시군구,사고내용,사망자수,중상자수,경상자수,부상신고자수,사고유형,법규위반,노면상태,기상상태,도로형태,가해운전자 차종,가해운전자 성별,가해운전자 연령,가해운전자 상해정도,피해운전자 차종,피해운전자 성별,피해운전자 연령,피해운전자 상해정도
2021052300100417,2021년 5월 23일 22시,일요일,광주광역시 광산구 수완동,경상사고,0,0,3,0,차대차 - 추돌,안전운전불이행,건조,맑음,교차로 - 교차로부근,승용,여,28세,상해없음,승용,여,52세,경상
2021052400100012,2021년 5월 24일 04시,월요일,광주광역시 북구 운암동,경상사고,0,0,3,0,차대차 - 정면충돌,중앙선침범,건조,맑음,단일로 - 고가도로위,승용,남,27세,상해없음,승용,남,55세,경상
2021052400100052,2021년 5월 24일 07시,월요일,광주광역시 북구 중흥동,경상사고,0,0,1,0,차대차 - 추돌,안전운전불이행,건조,맑음,단일로 - 기타,승용,남,55세,상해없음,승용,여,61세,경상
2021052400100053,2021년 5월 24일 07시,월요일,광주광역시 광산구 안청동,중상사고,0,1,1,0,차대차 - 측면충돌,중앙선침범,건조,맑음,단일로 - 기타,화물,남,50세,중상,화물,남,60세,경상
2021052400100150,2021년 5월 24일 10시,월요일,광주광역시 남구 주월동,경상사고,0,0,2,0,차대차 - 추돌,안전거리미확보,건조,맑음,단일로 - 기타,승용,남,50세,상해없음,승용,남,79세,경상
2021052400100151,2021년 5월 24일 10시,월요일,광주광역시 북구 신안동,경상사고,0,0,1,0,차대사람 - 보도통행중,기타,건조,맑음,단일로 - 기타,화물,남,61세,상해없음,보행자,여,68세,경상
2021052400100244,2021년 5월 24일 13시,월요일,광주광역시 서구 화정동,경상사고,0,0,1,0,차대차 - 후진중충돌,안전운전불이행,건조,맑음,교차로 - 교차로부근,승용,남,24세,상해없음,승용,여,35세,경상
2021052400100245,2021년 5월 24일 13시,월요일,광주광역시 광산구 송정동,경상사고,0,0,1,0,차대차 - 기타,안전운전불이행,건조,맑음,교차로 - 교차로안,이륜,남,59세,기타불명,이륜,남,43세,경상
2021052400100284,2021년 5월 24일 14시,월요일,광주광역시 북구 우산동,경상사고,0,0,1,0,차대차 - 측면충돌,안전거리미확보,건조,맑음,단일로 - 기타,승용,여,48세,상해없음,승용,남,79세,상해없음
2021052400100329,2021년 5월 24일 15시,월요일,광주광역시 광산구 월곡동,경상사고,0,0,1,0,차대사람 - 횡단중,안전운전불이행,건조,맑음,교차로 - 교차로안,승용,여,49세,상해없음,보행자,여,29세,경상
2021052400100330,2021년 5월 24일 15시,월요일,광주광역시 광산구 우산동,경상사고,0,0,2,0,차대차 - 측면충돌,안전거리미확보,건조,맑음,단일로 - 기타,승용,남,23세,상해없음,승용,남,36세,경상
2021052400100371,2021년 5월 24일 16시,월요일,광주광역시 서구 유촌동,경상사고,0,0,2,0,차대차 - 추돌,안전운전불이행,건조,맑음,단일로 - 기타,승합,남,66세,상해없음,승용,남,29세,경상
2021052400100372,2021년 5월 24일 16시,월요일,광주광역시 서구 매월동,경상사고,0,0,2,0,차대차 - 측면충돌,차로위반,건조,맑음,교차로 - 교차로부근,승용,남,59세,경상,승용,남,53세,경상
2021052400100373,2021년 5월 24일 16시,월요일,광주광역시 서구 금호동,경상사고,0,0,1,0,차대차 - 추돌,안전운전불이행,건조,맑음,교차로 - 교차로부근,승용,여,40세,상해없음,승용,여,50세,경상
2021052400100374,2021년 5월 24일 16시,월요일,광주광역시 광산구 수완동,경상사고,0,0,3,0,차대차 - 기타,안전거리미확보,건조,맑음,단일로 - 기타,승용,여,38세,경상,승용,남,21세,경상
2021052400100375,2021년 5월 24일 16시,월요일,광주광역시 광산구 신창동,중상사고,0,1,0,0,차대차 - 측면충돌,안전운전불이행,건조,맑음,교차로 - 교차로안,승용,남,18세,상해없음,개인형이동수단(PM),여,20세,중상
2021052400100457,2021년 5월 24일 18시,월요일,광주광역시 북구 동림동,중상사고,0,1,0,0,차대차 - 측면충돌,신호위반,건조,맑음,교차로 - 교차로안,승용,여,26세,상해없음,이륜,남,55세,중상
2021052400100510,2021년 5월 24일 20시,월요일,광주광역시 광산구 쌍암동,경상사고,0,0,1,0,차대차 - 측면충돌,안전운전불이행,건조,맑음,교차로 - 교차로안,승용,남,32세,상해없음,이륜,남,16세,경상
2021052400100536,2021년 5월 24일 21시,월요일,광주광역시 서구 내방동,중상사고,0,1,0,0,차량단독 - 기타,안전운전불이행,건조,맑음,교차로 - 교차로부근,개인형이동수단(PM),남,47세,중상,,,,
2021052400100560,2021년 5월 24일 22시,월요일,광주광역시 광산구 소촌동,경상사고,0,0,1,0,차대차 - 측면충돌,안전운전불이행,건조,맑음,단일로 - 기타,승용,남,57세,상해없음,이륜,남,23세,경상
2021052400100561,2021년 5월 24일 22시,월요일,광주광역시 광산구 월계동,중상사고,0,1,0,0,차대차 - 기타,안전거리미확보,건조,맑음,단일로 - 기타,승용,여,54세,상해없음,이륜,남,49세,중상
2021052500100016,2021년 5월 25일 01시,화요일,광주광역시 북구 용봉동,경상사고,0,0,1,0,차대차 - 측면충돌,신호위반,건조,맑음,교차로 - 교차로안,승용,남,46세,상해없음,승용,남,24세,경상
2021052500100048,2021년 5월 25일 06시,화요일,광주광역시 광산구 산정동,경상사고,0,0,1,0,차대차 - 추돌,안전거리미확보,건조,맑음,단일로 - 기타,승용,남,47세,상해없음,화물,남,48세,경상
2021052500100111,2021년 5월 25일 08시,화요일,광주광역시 서구 쌍촌동,경상사고,0,0,1,0,차대사람 - 보도통행중,안전운전불이행,건조,맑음,단일로 - 기타,개인형이동수단(PM),남,20세,상해없음,보행자,여,8세,경상
2021052500100112,2021년 5월 25일 08시,화요일,광주광역시 북구 두암동,경상사고,0,0,1,0,차대사람 - 기타,안전운전불이행,건조,맑음,단일로 - 기타,승용,여,48세,상해없음,보행자,여,24세,경상
2021052500100113,2021년 5월 25일 08시,화요일,광주광역시 북구 중흥동,경상사고,0,0,1,0,차대사람 - 횡단중,보행자보호의무위반,건조,맑음,교차로 - 교차로횡단보도내,승용,남,76세,상해없음,보행자,남,8세,경상
2021052500100179,2021년 5월 25일 10시,화요일,광주광역시 광산구 선암동,중상사고,0,1,1,0,차대차 - 측면충돌,불법유턴,건조,맑음,단일로 - 기타,화물,남,29세,중상,승용,여,62세,경상
2021052500100213,2021년 5월 25일 11시,화요일,광주광역시 남구 양림동,경상사고,0,0,3,0,차대차 - 측면충돌,중앙선침범,건조,맑음,단일로 - 기타,이륜,남,60세,상해없음,승용,남,72세,경상
2021052500100278,2021년 5월 25일 13시,화요일,광주광역시 광산구 월계동,경상사고,0,0,1,0,차대차 - 측면충돌,중앙선침범,건조,맑음,단일로 - 기타,승용,여,48세,상해없음,승용,남,31세,경상
2021052500100279,2021년 5월 25일 13시,화요일,광주광역시 광산구 신창동,경상사고,0,0,2,0,차대차 - 기타,교차로운행방법위반,건조,맑음,교차로 - 교차로안,승용,여,43세,경상,승용,남,47세,경상
2021052500100308,2021년 5월 25일 14시,화요일,광주광역시 남구 행암동,경상사고,0,0,1,0,차대차 - 기타,안전거리미확보,건조,맑음,단일로 - 기타,승용,남,66세,상해없음,이륜,남,43세,경상
2021052500100346,2021년 5월 25일 15시,화요일,광주광역시 북구 운암동,경상사고,0,0,1,0,차대차 - 기타,안전거리미확보,건조,맑음,단일로 - 기타,화물,남,65세,상해없음,승용,남,30세,경상
2021052500100347,2021년 5월 25일 15시,화요일,광주광역시 광산구 신창동,중상사고,0,2,0,0,차대사람 - 기타,중앙선침범,건조,맑음,단일로 - 기타,이륜,남,25세,상해없음,보행자,여,50세,중상
2021052500100442,2021년 5월 25일 17시,화요일,광주광역시 동구 서석동,경상사고,0,0,1,0,차대차 - 추돌,안전운전불이행,건조,맑음,교차로 - 교차로안,승용,남,70세,상해없음,승용,남,60세,상해없음
2021052500100443,2021년 5월 25일 17시,화요일,광주광역시 서구 금호동,중상사고,0,1,0,0,차대사람 - 기타,보행자보호의무위반,건조,맑음,교차로 - 교차로횡단보도내,승용,남,32세,상해없음,보행자,남,70세,중상
2021052500100444,2021년 5월 25일 17시,화요일,광주광역시 서구 쌍촌동,경상사고,0,0,1,0,차대차 - 측면충돌,교차로운행방법위반,건조,맑음,교차로 - 교차로안,승용,남,73세,상해없음,승용,여,61세,경상
2021052500100445,2021년 5월 25일 17시,화요일,광주광역시 서구 광천동,경상사고,0,0,2,0,차대차 - 측면충돌,안전운전불이행,건조,맑음,교차로 - 교차로부근,승용,남,39세,상해없음,승용,남,59세,경상
2021052500100446,2021년 5월 25일 17시,화요일,광주광역시 북구 문흥동,경상사고,0,0,1,0,차대차 - 측면충돌,안전거리미확보,건조,맑음,단일로 - 기타,승용,남,66세,상해없음,이륜,남,47세,경상
2021052500100447,2021년 5월 25일 17시,화요일,광주광역시 북구 임동,중상사고,0,1,0,0,차대차 - 정면충돌,신호위반,건조,맑음,교차로 - 교차로안,승용,남,65세,상해없음,승용,남,50세,중상
2021052500100448,2021년 5월 25일 17시,화요일,광주광역시 광산구 소촌동,경상사고,0,0,3,0,차대차 - 추돌,안전거리미확보,건조,맑음,단일로 - 기타,화물,남,59세,경상,승용,남,35세,상해없음
2021052500100449,2021년 5월 25일 17시,화요일,광주광역시 광산구 송정동,부상신고사고,0,0,0,1,차대차 - 측면충돌,직진우회전진행방해,건조,맑음,교차로 - 교차로안,이륜,남,19세,부상신고,승용,남,75세,상해없음
2021052500100519,2021년 5월 25일 19시,화요일,광주광역시 남구 백운동,경상사고,0,0,3,0,차대차 - 추돌,안전거리미확보,건조,맑음,단일로 - 기타,승용,남,71세,상해없음,승용,여,30세,경상
2021052500100520,2021년 5월 25일 19시,화요일,광주광역시 광산구 장덕동,중상사고,0,1,0,0,차대차 - 측면충돌,직진우회전진행방해,건조,맑음,교차로 - 교차로안,이륜,남,22세,중상,승용,남,44세,상해없음
2021052500100541,2021년 5월 25일 20시,화요일,광주광역시 북구 운암동,경상사고,0,0,1,0,차대사람 - 보도통행중,보행자보호의무위반,건조,맑음,교차로 - 교차로횡단보도내,승용,남,70세,상해없음,보행자,남,8세,경상
2021052500100542,2021년 5월 25일 20시,화요일,광주광역시 광산구 서봉동,경상사고,0,0,1,0,차대차 - 추돌,안전운전불이행,건조,맑음,단일로 - 기타,승용,남,52세,상해없음,승용,남,33세,경상
2021052500100543,2021년 5월 25일 20시,화요일,광주광역시 광산구 쌍암동,경상사고,0,0,1,0,차대차 - 측면충돌,교차로운행방법위반,건조,맑음,교차로 - 교차로안,승용,남,35세,상해없음,승용,여,29세,경상
2021052500100567,2021년 5월 25일 21시,화요일,광주광역시 서구 화정동,경상사고,0,0,1,0,차대차 - 측면충돌,안전거리미확보,건조,흐림,교차로 - 교차로안,승용,남,69세,상해없음,승용,여,37세,경상
2021052600100068,2021년 5월 26일 07시,수요일,광주광역시 북구 양산동,경상사고,0,0,1,0,차대차 - 추돌,안전운전불이행,건조,맑음,교차로 - 교차로부근,승용,남,64세,상해없음,승용,남,52세,경상
2021052600100110,2021년 5월 26일 08시,수요일,광주광역시 북구 두암동,경상사고,0,0,2,0,차대차 - 측면충돌,중앙선침범,건조,맑음,단일로 - 기타,승용,여,43세,상해없음,승용,남,40세,경상
2021052600100192,2021년 5월 26일 11시,수요일,광주광역시 광산구 운수동,경상사고,0,0,1,1,차대차 - 측면충돌,안전운전불이행,건조,맑음,교차로 - 교차로안,승용,여,47세,부상신고,화물,남,58세,경상
2021052600100193,2021년 5월 26일 11시,수요일,광주광역시 광산구 수완동,경상사고,0,0,2,0,차대차 - 측면충돌,신호위반,건조,맑음,교차로 - 교차로안,이륜,남,17세,상해없음,승용,남,64세,경상
2021052600100246,2021년 5월 26일 13시,수요일,광주광역시 광산구 우산동,중상사고,0,1,0,0,차대차 - 측면충돌,직진우회전진행방해,건조,맑음,교차로 - 교차로안,승용,남,40세,상해없음,이륜,남,49세,중상
2021052600100275,2021년 5월 26일 14시,수요일,광주광역시 서구 금호동,경상사고,0,0,1,0,차대차 - 기타,안전운전불이행,건조,맑음,단일로 - 기타,승용,여,61세,상해없음,승용,남,29세,경상
2021052600100276,2021년 5월 26일 14시,수요일,광주광역시 광산구 월계동,부상신고사고,0,0,0,1,차대차 - 기타,안전운전불이행,건조,맑음,단일로 - 기타,이륜,남,22세,부상신고,이륜,남,52세,상해없음
2021052600100340,2021년 5월 26일 16시,수요일,광주광역시 광산구 비아동,경상사고,0,0,1,0,차대차 - 측면충돌,안전거리미확보,건조,맑음,단일로 - 기타,화물,남,69세,상해없음,승용,여,51세,경상
2021052600100341,2021년 5월 26일 16시,수요일,광주광역시 광산구 도천동,경상사고,0,0,3,0,차대차 - 측면충돌,교차로운행방법위반,건조,맑음,교차로 - 교차로안,화물,남,63세,경상,승용,여,28세,경상
2021052600100386,2021년 5월 26일 17시,수요일,광주광역시 서구 화정동,경상사고,0,0,1,0,차대사람 - 기타,안전운전불이행,건조,맑음,단일로 - 기타,화물,남,66세,상해없음,보행자,여,65세,경상
2021052600100387,2021년 5월 26일 17시,수요일,광주광역시 북구 두암동,경상사고,0,0,1,0,차대차 - 기타,기타,건조,맑음,단일로 - 기타,승용,남,61세,상해없음,화물,기타불명,미분류,기타불명
2021052600100388,2021년 5월 26일 17시,수요일,광주광역시 북구 문흥동,경상사고,0,0,1,0,차대사람 - 기타,신호위반,건조,맑음,교차로 - 교차로횡단보도내,승용,여,54세,상해없음,보행자,남,8세,경상
2021052600100438,2021년 5월 26일 18시,수요일,광주광역시 남구 서동,경상사고,0,0,1,0,차대차 - 기타,안전운전불이행,건조,맑음,단일로 - 기타,승용,남,47세,상해없음,승용,여,58세,경상
2021052600100439,2021년 5월 26일 18시,수요일,광주광역시 북구 우산동,경상사고,0,0,1,0,차대차 - 정면충돌,중앙선침범,건조,맑음,단일로 - 기타,승용,남,57세,상해없음,승합,남,44세,경상
2021052600100440,2021년 5월 26일 18시,수요일,광주광역시 북구 오치동,경상사고,0,0,3,0,차대차 - 추돌,안전운전불이행,건조,맑음,단일로 - 기타,승용,여,64세,기타불명,승합,남,54세,경상
2021052600100465,2021년 5월 26일 19시,수요일,광주광역시 북구 매곡동,경상사고,0,0,1,0,차대사람 - 보도통행중,안전운전불이행,건조,맑음,단일로 - 기타,개인형이동수단(PM),남,38세,상해없음,보행자,여,27세,경상
2021052600100491,2021년 5월 26일 20시,수요일,광주광역시 서구 화정동,중상사고,0,1,1,0,차대차 - 측면충돌,신호위반,건조,맑음,교차로 - 교차로안,승용,여,30세,상해없음,승용,남,68세,경상
2021052600100492,2021년 5월 26일 20시,수요일,광주광역시 광산구 송정동,경상사고,0,0,1,0,차대차 - 추돌,안전운전불이행,건조,맑음,교차로 - 교차로부근,승용,남,50세,상해없음,승용,남,58세,경상
2021052600100552,2021년 5월 26일 22시,수요일,광주광역시 북구 운암동,경상사고,0,0,1,0,차대차 - 기타,안전거리미확보,건조,맑음,단일로 - 기타,승합,남,55세,상해없음,승용,여,55세,경상
2021052700100010,2021년 5월 27일 00시,목요일,광주광역시 북구 일곡동,경상사고,0,0,1,0,차대사람 - 기타,안전운전불이행,건조,맑음,교차로 - 교차로부근,승용,남,23세,상해없음,보행자,남,19세,경상
2021052700100044,2021년 5월 27일 06시,목요일,광주광역시 서구 화정동,경상사고,0,0,1,0,차대차 - 기타,안전운전불이행,건조,맑음,기타 - 기타,승용,남,67세,상해없음,승용,남,31세,경상
2021052700100045,2021년 5월 27일 06시,목요일,광주광역시 광산구 도천동,경상사고,0,0,1,0,차대차 - 기타,안전거리미확보,건조,맑음,단일로 - 교량,화물,남,35세,상해없음,승용,남,27세,경상
2021052700100101,2021년 5월 27일 08시,목요일,광주광역시 동구 수기동,경상사고,0,0,1,0,차대차 - 추돌,안전운전불이행,건조,맑음,단일로 - 기타,화물,남,50세,상해없음,승용,남,34세,경상
2021052700100102,2021년 5월 27일 08시,목요일,광주광역시 서구 매월동,경상사고,0,0,1,0,차대차 - 기타,안전운전불이행,건조,맑음,단일로 - 기타,승용,여,50세,상해없음,개인형이동수단(PM),남,22세,경상
2021052700100103,2021년 5월 27일 08시,목요일,광주광역시 서구 양동,경상사고,0,0,1,0,차대차 - 측면충돌,안전운전불이행,건조,맑음,단일로 - 기타,이륜,남,67세,경상,승용,남,44세,상해없음
2021052700100136,2021년 5월 27일 09시,목요일,광주광역시 남구 송하동,경상사고,0,0,1,0,차대차 - 기타,안전거리미확보,건조,맑음,단일로 - 기타,승용,여,32세,상해없음,승용,여,38세,경상
2021052700100137,2021년 5월 27일 09시,목요일,광주광역시 북구 풍향동,경상사고,0,0,1,0,차대차 - 측면충돌,안전운전불이행,건조,맑음,교차로 - 교차로안,승용,남,72세,상해없음,승용,남,22세,상해없음
2021052700100138,2021년 5월 27일 09시,목요일,광주광역시 광산구 비아동,사망사고,1,0,0,0,차대사람 - 횡단중,보행자보호의무위반,건조,맑음,교차로 - 교차로부근,화물,남,62세,상해없음,보행자,여,73세,사망
2021052700100191,2021년 5월 27일 11시,목요일,광주광역시 북구 연제동,경상사고,0,0,1,0,차대차 - 측면충돌,교차로운행방법위반,건조,맑음,교차로 - 교차로안,자전거,남,19세,경상,승용,남,40세,상해없음
2021052700100192,2021년 5월 27일 11시,목요일,광주광역시 광산구 장덕동,경상사고,0,0,1,0,차대차 - 기타,직진우회전진행방해,건조,맑음,교차로 - 교차로안,승용,남,32세,기타불명,승용,여,51세,경상
2021052700100227,2021년 5월 27일 12시,목요일,광주광역시 서구 내방동,경상사고,0,0,1,0,차대차 - 측면충돌,안전운전불이행,건조,맑음,단일로 - 기타,이륜,남,57세,상해없음,이륜,남,37세,경상
2021052700100228,2021년 5월 27일 12시,목요일,광주광역시 남구 주월동,경상사고,0,0,1,0,차대차 - 측면충돌,차로위반,건조,맑음,단일로 - 기타,승용,여,53세,상해없음,이륜,남,44세,경상
2021052700100229,2021년 5월 27일 12시,목요일,광주광역시 북구 동림동,경상사고,0,0,1,0,차대사람 - 기타,안전운전불이행,건조,맑음,단일로 - 기타,승용,여,41세,상해없음,보행자,여,72세,경상
2021052700100292,2021년 5월 27일 14시,목요일,광주광역시 북구 두암동,경상사고,0,0,1,0,차대차 - 측면충돌,안전운전불이행,건조,맑음,교차로 - 교차로안,승용,여,55세,상해없음,이륜,남,42세,경상
2021052700100293,2021년 5월 27일 14시,목요일,광주광역시 광산구 선암동,경상사고,0,0,2,0,차대차 - 측면충돌,신호위반,건조,맑음,단일로 - 기타,승용,여,78세,상해없음,승용,남,30세,경상
2021052700100327,2021년 5월 27일 15시,목요일,광주광역시 광산구 장덕동,중상사고,0,1,0,1,차대사람 - 보도통행중,기타,건조,맑음,단일로 - 기타,개인형이동수단(PM),여,17세,부상신고,보행자,여,11세,중상
2021052700100328,2021년 5월 27일 15시,목요일,광주광역시 광산구 우산동,경상사고,0,0,2,0,차대차 - 측면충돌,교차로운행방법위반,건조,맑음,교차로 - 교차로안,승용,남,56세,경상,승용,여,65세,경상
2021052700100365,2021년 5월 27일 16시,목요일,광주광역시 광산구 월곡동,경상사고,0,0,2,0,차대차 - 기타,안전거리미확보,건조,맑음,단일로 - 기타,화물,남,23세,상해없음,승용,여,38세,경상
2021052700100400,2021년 5월 27일 17시,목요일,광주광역시 남구 월산동,경상사고,0,0,2,0,차대차 - 측면충돌,안전거리미확보,건조,맑음,단일로 - 기타,승용,여,57세,상해없음,승용,남,31세,경상
2021052700100401,2021년 5월 27일 17시,목요일,광주광역시 광산구 소촌동,경상사고,0,0,1,0,차대사람 - 기타,보행자보호의무위반,건조,맑음,단일로 - 기타,승용,남,51세,상해없음,보행자,남,8세,경상
2021052700100402,2021년 5월 27일 17시,목요일,광주광역시 광산구 장덕동,경상사고,0,0,1,0,차대사람 - 횡단중,보행자보호의무위반,건조,흐림,교차로 - 교차로횡단보도내,승용,남,66세,상해없음,보행자,남,76세,경상
2021052700100444,2021년 5월 27일 18시,목요일,광주광역시 광산구 장덕동,경상사고,0,0,1,0,차대차 - 측면충돌,중앙선침범,건조,맑음,단일로 - 기타,승용,여,34세,상해없음,승용,남,42세,경상
2021052700100482,2021년 5월 27일 19시,목요일,광주광역시 남구 봉선동,경상사고,0,0,4,0,차대차 - 측면충돌,안전운전불이행,건조,맑음,단일로 - 기타,승합,남,23세,상해없음,승용,여,32세,경상
2021052700100516,2021년 5월 27일 20시,목요일,광주광역시 북구 매곡동,경상사고,0,0,1,0,차대사람 - 차도통행중,안전운전불이행,건조,맑음,단일로 - 기타,승용,남,21세,상해없음,보행자,여,13세,경상
2021052700100517,2021년 5월 27일 20시,목요일,광주광역시 광산구 신창동,중상사고,0,1,0,0,차대차 - 기타,직진우회전진행방해,건조,맑음,교차로 - 교차로안,승용,남,30세,상해없음,이륜,남,56세,중상
2021052700100542,2021년 5월 27일 21시,목요일,광주광역시 서구 치평동,경상사고,0,0,2,0,차대차 - 측면충돌,안전운전불이행,건조,맑음,단일로 - 기타,승용,여,33세,상해없음,승용,남,27세,경상
2021052700100543,2021년 5월 27일 21시,목요일,광주광역시 북구 문흥동,경상사고,0,0,1,0,차대사람 - 기타,안전운전불이행,건조,맑음,단일로 - 기타,승합,남,70세,상해없음,보행자,남,56세,경상
2021052700100563,2021년 5월 27일 22시,목요일,광주광역시 서구 쌍촌동,경상사고,0,0,1,0,차대차 - 측면충돌,교차로운행방법위반,건조,맑음,교차로 - 교차로안,승용,남,30세,상해없음,이륜,남,23세,경상
2021052700100564,2021년 5월 27일 22시,목요일,광주광역시 북구 용두동,경상사고,0,0,1,0,차대차 - 추돌,안전거리미확보,건조,맑음,교차로 - 교차로부근,승용,남,32세,상해없음,승용,남,58세,경상
2021052700100576,2021년 5월 27일 23시,목요일,광주광역시 북구 삼각동,부상신고사고,0,0,0,1,차대차 - 기타,안전운전불이행,건조,맑음,단일로 - 기타,승용,남,50세,상해없음,개인형이동수단(PM),남,23세,부상신고
2021052700100577,2021년 5월 27일 23시,목요일,광주광역시 북구 양산동,경상사고,0,0,1,0,차대차 - 추돌,안전운전불이행,건조,맑음,단일로 - 기타,승용,여,49세,상해없음,승용,남,26세,경상
2021052800100038,2021년 5월 28일 05시,금요일,광주광역시 서구 쌍촌동,경상사고,0,0,1,0,차대사람 - 기타,안전운전불이행,건조,맑음,기타 - 기타,승용,남,45세,상해없음,보행자,남,24세,경상
2021052800100046,2021년 5월 28일 06시,금요일,광주광역시 남구 월산동,중상사고,0,1,0,0,차대차 - 후진중충돌,안전운전불이행,건조,맑음,단일로 - 기타,화물,남,51세,상해없음,이륜,남,61세,중상
2021052800100078,2021년 5월 28일 07시,금요일,광주광역시 서구 양동,경상사고,0,0,1,0,차대차 - 측면충돌,교차로운행방법위반,건조,맑음,교차로 - 교차로안,건설기계,남,53세,상해없음,승용,남,68세,경상
2021052800100079,2021년 5월 28일 07시,금요일,광주광역시 광산구 운수동,경상사고,0,0,1,0,차대차 - 측면충돌,차로위반,건조,맑음,교차로 - 교차로안,승용,남,32세,상해없음,승용,남,45세,경상
2021052800100117,2021년 5월 28일 08시,금요일,광주광역시 광산구 신가동,경상사고,0,0,1,0,차대차 - 후진중충돌,불법유턴,건조,맑음,교차로 - 교차로안,승용,남,72세,상해없음,승용,남,29세,경상
2021052800100118,2021년 5월 28일 08시,금요일,광주광역시 광산구 운수동,경상사고,0,0,2,0,차대차 - 측면충돌,안전거리미확보,건조,맑음,단일로 - 기타,화물,남,61세,상해없음,화물,남,67세,경상
2021052800100168,2021년 5월 28일 10시,금요일,광주광역시 남구 백운동,경상사고,0,0,2,0,차대차 - 측면충돌,안전운전불이행,건조,맑음,단일로 - 기타,승용,남,72세,상해없음,승용,남,28세,경상
2021052800100169,2021년 5월 28일 10시,금요일,광주광역시 북구 오치동,경상사고,0,0,1,0,차대사람 - 기타,안전운전불이행,건조,맑음,교차로 - 교차로부근,승합,남,43세,상해없음,보행자,여,49세,경상
2021052800100170,2021년 5월 28일 10시,금요일,광주광역시 북구 동림동,경상사고,0,0,3,0,차대차 - 추돌,안전운전불이행,건조,맑음,교차로 - 교차로부근,승용,여,43세,기타불명,승용,여,52세,경상
2021052800100204,2021년 5월 28일 11시,금요일,광주광역시 북구 양산동,경상사고,0,0,1,0,차대사람 - 기타,안전운전불이행,건조,맑음,단일로 - 기타,승용,여,34세,상해없음,보행자,여,79세,경상
2021052800100230,2021년 5월 28일 12시,금요일,광주광역시 광산구 수완동,경상사고,0,0,1,0,차대차 - 추돌,안전거리미확보,건조,맑음,교차로 - 교차로안,승용,남,61세,상해없음,승용,남,55세,경상
2021052800100275,2021년 5월 28일 13시,금요일,광주광역시 북구 중흥동,중상사고,0,2,4,0,차대차 - 측면충돌,신호위반,건조,맑음,교차로 - 교차로안,승용,여,49세,상해없음,승용,남,69세,경상
2021052800100343,2021년 5월 28일 15시,금요일,광주광역시 서구 화정동,경상사고,0,0,1,0,차대사람 - 기타,기타,기타,맑음,기타 - 기타,승합,남,52세,상해없음,보행자,남,67세,경상
2021052800100344,2021년 5월 28일 15시,금요일,광주광역시 서구 광천동,경상사고,0,0,2,0,차대차 - 측면충돌,안전운전불이행,건조,맑음,교차로 - 교차로안,승용,여,47세,상해없음,승용,남,28세,경상
2021052800100384,2021년 5월 28일 16시,금요일,광주광역시 광산구 장덕동,경상사고,0,0,2,0,차대차 - 추돌,안전운전불이행,건조,맑음,교차로 - 교차로부근,승용,남,60세,상해없음,승용,남,41세,경상
2021052800100442,2021년 5월 28일 17시,금요일,광주광역시 남구 양과동,경상사고,0,0,1,0,차대차 - 추돌,안전운전불이행,건조,맑음,단일로 - 기타,승용,여,54세,상해없음,승용,남,51세,경상
2021052800100443,2021년 5월 28일 17시,금요일,광주광역시 광산구 송정동,경상사고,0,0,1,0,차대차 - 측면충돌,교차로운행방법위반,건조,맑음,교차로 - 교차로안,화물,남,62세,상해없음,승용,남,61세,경상
2021052800100479,2021년 5월 28일 18시,금요일,광주광역시 동구 산수동,경상사고,0,0,1,0,차대사람 - 기타,안전운전불이행,건조,맑음,단일로 - 기타,승용,여,64세,상해없음,보행자,여,14세,경상
2021052800100481,2021년 5월 28일 18시,금요일,광주광역시 북구 오치동,경상사고,0,0,1,1,차대차 - 측면충돌,안전운전불이행,건조,맑음,교차로 - 교차로안,승용,여,55세,부상신고,승용,남,19세,경상
2021052800100482,2021년 5월 28일 18시,금요일,광주광역시 북구 중흥동,경상사고,0,0,1,0,차대사람 - 길가장자리구역통행중,안전운전불이행,건조,맑음,단일로 - 기타,승용,남,65세,상해없음,보행자,여,45세,경상
2021052800100527,2021년 5월 28일 19시,금요일,광주광역시 동구 학동,경상사고,0,0,1,0,차대차 - 추돌,안전거리미확보,건조,맑음,교차로 - 교차로안,승용,남,58세,상해없음,승용,여,27세,경상
2021052800100556,2021년 5월 28일 20시,금요일,광주광역시 광산구 월계동,경상사고,0,0,1,0,차대차 - 기타,안전운전불이행,건조,맑음,단일로 - 기타,승용,남,41세,상해없음,이륜,남,40세,경상
2021052800100557,2021년 5월 28일 20시,금요일,광주광역시 광산구 신창동,경상사고,0,0,2,0,차대차 - 측면충돌,안전운전불이행,건조,맑음,교차로 - 교차로안,승용,남,30세,경상,승용,여,44세,경상
2021052800100603,2021년 5월 28일 22시,금요일,광주광역시 북구 각화동,경상사고,0,0,1,0,차대차 - 측면충돌,안전운전불이행,건조,맑음,교차로 - 교차로부근,승용,남,52세,상해없음,승용,여,49세,경상
2021052900100009,2021년 5월 29일 00시,토요일,광주광역시 남구 임암동,중상사고,0,1,0,0,차대차 - 측면충돌,차로위반,건조,맑음,단일로 - 기타,승용,남,18세,상해없음,승용,남,50세,중상