사고번호,사고일시,요일,시군구,사고내용,사망자수,중상자수,경상자수,부상신고자수,사고유형,법규위반,노면상태,기상상태,도로형태,가해운전자 차종,가해운전자 성별,가해운전자 연령,가해운전자 상해정도,피해운전자 차종,피해운전자 성별,피해운전자 연령,피해운전자 상해정도
2021052900100031,2021년 5월 29일 03시,토요일,광주광역시 북구 용두동,중상사고,0,2,0,1,차대차 - 추돌,안전운전불이행,건조,맑음,단일로 - 기타,승용,남,28세,부상신고,승합,남,60세,중상
2021052900100077,2021년 5월 29일 07시,토요일,광주광역시 광산구 비아동,경상사고,0,0,1,0,차대차 - 측면충돌,교차로운행방법위반,건조,맑음,교차로 - 교차로안,승용,남,56세,기타불명,승용,여,35세,경상
2021052900100146,2021년 5월 29일 10시,토요일,광주광역시 북구 양산동,경상사고,0,0,1,0,차대사람 - 기타,안전운전불이행,건조,맑음,단일로 - 기타,승용,남,68세,상해없음,보행자,여,16세,경상
2021052900100184,2021년 5월 29일 11시,토요일,광주광역시 광산구 흑석동,경상사고,0,0,1,0,차대차 - 추돌,안전운전불이행,건조,맑음,교차로 - 교차로부근,승용,남,55세,상해없음,승용,남,20세,경상
2021052900100262,2021년 5월 29일 13시,토요일,광주광역시 서구 매월동,경상사고,0,0,2,0,차대차 - 측면충돌,직진우회전진행방해,건조,맑음,교차로 - 교차로안,원동기,남,49세,상해없음,승용,남,34세,경상
2021052900100263,2021년 5월 29일 13시,토요일,광주광역시 서구 금호동,경상사고,0,0,4,0,차대차 - 측면충돌,안전거리미확보,건조,맑음,교차로 - 교차로부근,승용,여,42세,경상,승용,여,36세,경상
2021052900100264,2021년 5월 29일 13시,토요일,광주광역시 광산구 월계동,경상사고,0,0,1,0,차대차 - 측면충돌,차로위반,건조,맑음,단일로 - 기타,승용,여,46세,상해없음,승용,여,54세,경상
2021052900100300,2021년 5월 29일 14시,토요일,광주광역시 서구 금호동,경상사고,0,0,2,0,차대차 - 측면충돌,안전운전불이행,건조,맑음,기타 - 기타,건설기계,남,50세,상해없음,승용,남,43세,경상
2021052900100334,2021년 5월 29일 15시,토요일,광주광역시 광산구 신창동,중상사고,0,1,2,0,차대차 - 측면충돌,차로위반,건조,맑음,단일로 - 기타,승용,여,41세,경상,이륜,남,18세,경상
2021052900100369,2021년 5월 29일 16시,토요일,광주광역시 서구 치평동,경상사고,0,0,1,0,차대차 - 측면충돌,안전거리미확보,건조,맑음,단일로 - 교량,승용,남,62세,상해없음,승용,남,36세,경상
2021052900100370,2021년 5월 29일 16시,토요일,광주광역시 광산구 월계동,경상사고,0,0,3,0,차대차 - 추돌,안전운전불이행,건조,맑음,단일로 - 기타,승용,남,61세,상해없음,승용,여,45세,상해없음
2021052900100411,2021년 5월 29일 17시,토요일,광주광역시 서구 화정동,경상사고,0,0,1,0,차대차 - 후진중충돌,안전운전불이행,건조,맑음,교차로 - 교차로안,승용,남,76세,상해없음,승용,남,23세,경상
2021052900100412,2021년 5월 29일 17시,토요일,광주광역시 서구 쌍촌동,경상사고,0,0,2,0,차대차 - 기타,안전운전불이행,건조,맑음,교차로 - 교차로부근,승용,남,63세,상해없음,승용,남,28세,경상
2021052900100509,2021년 5월 29일 20시,토요일,광주광역시 서구 금호동,경상사고,0,0,4,0,차대차 - 측면충돌,직진우회전진행방해,건조,맑음,교차로 - 교차로안,화물,여,57세,경상,승용,남,38세,경상
2021052900100532,2021년 5월 29일 21시,토요일,광주광역시 광산구 우산동,경상사고,0,0,3,0,차대차 - 기타,안전운전불이행,건조,맑음,단일로 - 기타,승용,남,39세,기타불명,승용,남,59세,경상
2021052900100561,2021년 5월 29일 22시,토요일,광주광역시 남구 월산동,경상사고,0,0,2,0,차대차 - 측면충돌,안전거리미확보,건조,맑음,단일로 - 기타,승용,남,31세,상해없음,승용,남,62세,경상
2021052900100562,2021년 5월 29일 22시,토요일,광주광역시 광산구 장덕동,경상사고,0,0,2,0,차대차 - 측면충돌,안전운전불이행,건조,맑음,단일로 - 기타,승용,남,58세,기타불명,승용,남,46세,경상
2021052900100584,2021년 5월 29일 23시,토요일,광주광역시 서구 화정동,경상사고,0,0,2,0,차대차 - 기타,안전운전불이행,건조,맑음,교차로 - 교차로안,이륜,남,21세,경상,승용,여,26세,경상
2021053000100010,2021년 5월 30일 00시,일요일,광주광역시 서구 마륵동,중상사고,0,1,1,0,차대차 - 측면충돌,신호위반,건조,맑음,교차로 - 교차로부근,승용,남,36세,상해없음,승용,남,61세,경상
2021053000100023,2021년 5월 30일 03시,일요일,광주광역시 광산구 월전동,경상사고,0,0,1,0,차대차 - 측면충돌,신호위반,건조,맑음,교차로 - 교차로안,승용,여,41세,상해없음,승용,남,42세,경상
2021053000100055,2021년 5월 30일 08시,일요일,광주광역시 서구 농성동,경상사고,0,0,2,0,차대차 - 측면충돌,안전운전불이행,건조,맑음,교차로 - 교차로안,화물,남,58세,상해없음,승용,남,67세,경상
2021053000100056,2021년 5월 30일 08시,일요일,광주광역시 서구 벽진동,경상사고,0,0,4,1,차대차 - 기타,신호위반,건조,맑음,교차로 - 교차로안,승용,여,63세,부상신고,승용,남,61세,경상
2021053000100114,2021년 5월 30일 11시,일요일,광주광역시 북구 오치동,경상사고,0,0,6,0,차대차 - 추돌,안전운전불이행,건조,맑음,단일로 - 기타,승용,남,27세,경상,승용,여,41세,경상
2021053000100120,2021년 5월 30일 11시,일요일,광주광역시 북구 운암동,경상사고,0,0,5,0,차대차 - 측면충돌,교차로운행방법위반,건조,맑음,교차로 - 교차로안,승용,여,40세,경상,승용,여,29세,경상
2021053000100121,2021년 5월 30일 11시,일요일,광주광역시 북구 운암동,경상사고,0,0,1,1,차대차 - 추돌,안전거리미확보,건조,맑음,단일로 - 기타,승용,남,54세,부상신고,승용,여,46세,경상
2021053000100146,2021년 5월 30일 12시,일요일,광주광역시 서구 동천동,중상사고,0,2,6,0,차대차 - 기타,직진우회전진행방해,건조,맑음,교차로 - 교차로안,건설기계,남,47세,상해없음,승합,남,55세,상해없음
2021053000100147,2021년 5월 30일 12시,일요일,광주광역시 광산구 신가동,중상사고,0,1,2,0,차대차 - 측면충돌,안전거리미확보,건조,맑음,단일로 - 기타,승용,남,66세,경상,승용,남,26세,중상
2021053000100183,2021년 5월 30일 13시,일요일,광주광역시 남구 주월동,경상사고,0,0,1,1,차대차 - 측면충돌,교차로운행방법위반,건조,맑음,교차로 - 교차로안,승용,여,59세,상해없음,승용,여,50세,경상
2021053000100223,2021년 5월 30일 14시,일요일,광주광역시 서구 화정동,경상사고,0,0,1,0,차대차 - 후진중충돌,안전운전불이행,건조,맑음,단일로 - 기타,승용,남,59세,상해없음,이륜,남,29세,경상
2021053000100224,2021년 5월 30일 14시,일요일,광주광역시 북구 동림동,경상사고,0,0,2,0,차대차 - 추돌,안전운전불이행,건조,맑음,단일로 - 기타,승용,여,25세,경상,승용,남,40세,경상
2021053000100225,2021년 5월 30일 14시,일요일,광주광역시 광산구 도천동,경상사고,0,0,1,0,차대차 - 측면충돌,신호위반,건조,맑음,교차로 - 교차로안,승용,남,57세,상해없음,승용,남,56세,경상
2021053000100264,2021년 5월 30일 15시,일요일,광주광역시 광산구 고룡동,경상사고,0,0,2,0,차대차 - 기타,중앙선침범,건조,맑음,단일로 - 기타,화물,남,65세,경상,승용,남,49세,경상
2021053000100265,2021년 5월 30일 15시,일요일,광주광역시 광산구 동산동,경상사고,0,0,1,0,차량단독 - 도로외이탈 - 기타,안전운전불이행,건조,맑음,단일로 - 기타,승용,여,50세,경상,,,,
2021053000100296,2021년 5월 30일 16시,일요일,광주광역시 광산구 신촌동,경상사고,0,0,3,0,차대차 - 정면충돌,안전운전불이행,건조,맑음,단일로 - 기타,승용,남,32세,상해없음,승합,남,64세,경상
2021053000100297,2021년 5월 30일 16시,일요일,광주광역시 광산구 도산동,경상사고,0,0,1,0,차대차 - 측면충돌,차로위반,건조,맑음,단일로 - 기타,승용,남,62세,상해없음,승용,여,73세,경상
2021053000100333,2021년 5월 30일 17시,일요일,광주광역시 광산구 월계동,경상사고,0,0,1,0,차대차 - 기타,안전운전불이행,건조,맑음,교차로 - 교차로안,승용,남,27세,상해없음,이륜,남,21세,경상
2021053000100448,2021년 5월 30일 21시,일요일,광주광역시 남구 주월동,경상사고,0,0,1,0,차대차 - 기타,안전거리미확보,건조,맑음,단일로 - 기타,승용,남,81세,상해없음,승용,남,37세,상해없음
2021053000100479,2021년 5월 30일 22시,일요일,광주광역시 서구 쌍촌동,경상사고,0,0,1,0,차대차 - 기타,안전운전불이행,건조,맑음,교차로 - 교차로횡단보도내,자전거,남,55세,경상,이륜,남,24세,상해없음
2021053100100054,2021년 5월 31일 07시,월요일,광주광역시 북구 신안동,중상사고,0,1,0,0,차대사람 - 횡단중,신호위반,건조,맑음,교차로 - 교차로횡단보도내,승용,여,58세,상해없음,보행자,여,61세,중상
2021053100100082,2021년 5월 31일 08시,월요일,광주광역시 북구 두암동,경상사고,0,0,3,0,차대차 - 측면충돌,안전거리미확보,건조,맑음,단일로 - 기타,화물,남,35세,경상,승용,남,53세,경상
2021053100100083,2021년 5월 31일 08시,월요일,광주광역시 광산구 장덕동,경상사고,0,0,1,0,차량단독 - 기타,안전운전불이행,건조,맑음,단일로 - 기타,승용,남,56세,상해없음,,,,
2021053100100117,2021년 5월 31일 09시,월요일,광주광역시 북구 신안동,경상사고,0,0,3,0,차대차 - 측면충돌,신호위반,건조,맑음,교차로 - 교차로안,승용,여,38세,상해없음,승용,남,31세,경상
2021053100100175,2021년 5월 31일 11시,월요일,광주광역시 동구 학동,경상사고,0,0,1,0,차대차 - 측면충돌,중앙선침범,건조,맑음,단일로 - 기타,승용,여,49세,기타불명,화물,남,37세,경상
2021053100100200,2021년 5월 31일 12시,월요일,광주광역시 북구 운암동,경상사고,0,0,1,0,차대사람 - 기타,안전운전불이행,건조,맑음,단일로 - 기타,승용,여,61세,상해없음,보행자,남,21세,경상
2021053100100231,2021년 5월 31일 13시,월요일,광주광역시 남구 주월동,경상사고,0,0,1,0,차대사람 - 기타,안전운전불이행,건조,맑음,교차로 - 교차로부근,화물,남,55세,상해없음,보행자,여,60세,경상
2021053100100232,2021년 5월 31일 13시,월요일,광주광역시 북구 각화동,사망사고,1,0,0,0,차량단독 - 공작물충돌,안전운전불이행,건조,맑음,단일로 - 터널,승용,남,58세,사망,,,,
2021053100100233,2021년 5월 31일 13시,월요일,광주광역시 북구 용봉동,경상사고,0,0,1,0,차대차 - 기타,안전운전불이행,건조,맑음,교차로 - 교차로안,승용,남,61세,상해없음,승용,여,35세,경상
2021053100100265,2021년 5월 31일 14시,월요일,광주광역시 서구 금호동,경상사고,0,0,2,0,차대차 - 추돌,안전운전불이행,건조,맑음,교차로 - 교차로부근,승용,남,20세,상해없음,화물,남,40세,경상
2021053100100304,2021년 5월 31일 15시,월요일,광주광역시 북구 신안동,경상사고,0,0,1,0,차대차 - 측면충돌,차로위반,건조,맑음,단일로 - 기타,승용,남,68세,상해없음,승용,남,56세,경상
2021053100100305,2021년 5월 31일 15시,월요일,광주광역시 광산구 신가동,경상사고,0,0,1,0,차대차 - 측면충돌,안전운전불이행,건조,맑음,단일로 - 기타,승용,남,24세,상해없음,화물,남,28세,경상
2021053100100348,2021년 5월 31일 16시,월요일,광주광역시 서구 광천동,중상사고,0,1,0,0,차대차 - 측면충돌,안전운전불이행,건조,맑음,단일로 - 기타,승용,남,56세,상해없음,이륜,남,71세,중상
2021053100100390,2021년 5월 31일 17시,월요일,광주광역시 서구 풍암동,경상사고,0,0,2,0,차대차 - 측면충돌,안전운전불이행,건조,맑음,단일로 - 기타,화물,남,50세,상해없음,승용,여,35세,경상
2021053100100391,2021년 5월 31일 17시,월요일,광주광역시 북구 운암동,경상사고,0,0,1,0,차대차 - 기타,안전운전불이행,건조,맑음,단일로 - 기타,승용,여,58세,상해없음,승합,남,56세,상해없음
2021053100100392,2021년 5월 31일 17시,월요일,광주광역시 광산구 우산동,경상사고,0,0,1,0,차대차 - 측면충돌,신호위반,건조,맑음,단일로 - 기타,승용,남,18세,상해없음,화물,남,32세,경상
2021053100100393,2021년 5월 31일 17시,월요일,광주광역시 광산구 송정동,경상사고,0,0,1,0,차대차 - 기타,안전운전불이행,건조,맑음,교차로 - 교차로안,승용,남,62세,상해없음,승용,남,52세,상해없음
2021053100100394,2021년 5월 31일 17시,월요일,광주광역시 광산구 수완동,경상사고,0,0,1,0,차대차 - 기타,불법유턴,건조,맑음,교차로 - 교차로부근,승용,남,34세,기타불명,승용,여,28세,경상
2021053100100430,2021년 5월 31일 18시,월요일,광주광역시 북구 동림동,경상사고,0,0,1,0,차대차 - 측면충돌,안전운전불이행,건조,맑음,단일로 - 기타,화물,남,62세,상해없음,자전거,남,13세,경상
2021053100100491,2021년 5월 31일 20시,월요일,광주광역시 광산구 수완동,경상사고,0,0,2,0,차대차 - 후진중충돌,안전운전불이행,건조,맑음,단일로 - 기타,승용,남,55세,상해없음,특수,남,33세,경상
2021060100100028,2021년 6월 1일 02시,화요일,광주광역시 서구 쌍촌동,경상사고,0,0,2,0,차대차 - 측면충돌,신호위반,건조,맑음,교차로 - 교차로안,승용,남,31세,상해없음,승용,남,64세,경상
2021060100100034,2021년 6월 1일 04시,화요일,광주광역시 서구 쌍촌동,경상사고,0,0,2,0,차대차 - 기타,안전운전불이행,건조,맑음,단일로 - 기타,승용,여,33세,경상,이륜,여,20세,경상
2021060100100175,2021년 6월 1일 10시,화요일,광주광역시 북구 각화동,경상사고,0,0,1,0,차대차 - 기타,안전운전불이행,건조,맑음,단일로 - 기타,승용,남,52세,상해없음,승용,여,74세,경상
2021060100100201,2021년 6월 1일 11시,화요일,광주광역시 서구 쌍촌동,중상사고,0,1,0,0,차대차 - 기타,안전거리미확보,건조,맑음,단일로 - 기타,승용,남,26세,상해없음,이륜,남,55세,중상
2021060100100202,2021년 6월 1일 11시,화요일,광주광역시 서구 치평동,경상사고,0,0,2,0,차대차 - 추돌,안전운전불이행,건조,맑음,교차로 - 교차로부근,승용,남,50세,상해없음,승용,남,28세,경상
2021060100100238,2021년 6월 1일 12시,화요일,광주광역시 북구 오치동,경상사고,0,0,1,0,차대차 - 기타,안전운전불이행,건조,맑음,교차로 - 교차로안,이륜,남,58세,경상,승용,남,48세,상해없음
2021060100100316,2021년 6월 1일 14시,화요일,광주광역시 북구 문흥동,경상사고,0,0,1,0,차대차 - 기타,안전운전불이행,건조,맑음,교차로 - 교차로안,승용,남,44세,상해없음,승용,여,56세,경상
2021060100100354,2021년 6월 1일 15시,화요일,광주광역시 남구 진월동,중상사고,0,2,0,0,차대차 - 측면충돌,교차로운행방법위반,건조,맑음,교차로 - 교차로안,승용,남,50세,상해없음,승용,여,63세,중상
2021060100100355,2021년 6월 1일 15시,화요일,광주광역시 북구 운암동,경상사고,0,0,3,0,차대차 - 기타,안전거리미확보,건조,맑음,단일로 - 기타,승합,남,60세,상해없음,승용,여,59세,경상
2021060100100356,2021년 6월 1일 15시,화요일,광주광역시 북구 오치동,중상사고,0,1,0,0,차대사람 - 기타,안전운전불이행,건조,맑음,기타 - 기타,화물,남,22세,상해없음,보행자,여,81세,중상
2021060100100401,2021년 6월 1일 16시,화요일,광주광역시 서구 유촌동,경상사고,0,0,1,0,차대차 - 추돌,안전운전불이행,건조,맑음,교차로 - 교차로안,승용,여,41세,상해없음,승용,남,40세,경상
2021060100100402,2021년 6월 1일 16시,화요일,광주광역시 서구 화정동,경상사고,0,0,1,0,차대차 - 기타,안전운전불이행,건조,맑음,기타 - 기타,승용,남,71세,상해없음,승용,여,65세,경상
2021060100100403,2021년 6월 1일 16시,화요일,광주광역시 북구 문흥동,경상사고,0,0,1,0,차대차 - 기타,중앙선침범,건조,맑음,단일로 - 기타,승용,남,63세,상해없음,승용,남,28세,경상
2021060100100404,2021년 6월 1일 16시,화요일,광주광역시 광산구 수완동,경상사고,0,0,1,0,차대차 - 기타,안전운전불이행,건조,맑음,단일로 - 기타,승용,여,57세,상해없음,승용,남,40세,경상
2021060100100453,2021년 6월 1일 17시,화요일,광주광역시 동구 월남동,경상사고,0,0,1,0,차대차 - 추돌,안전운전불이행,건조,맑음,단일로 - 기타,승용,남,36세,상해없음,승용,여,43세,경상
2021060100100454,2021년 6월 1일 17시,화요일,광주광역시 북구 중흥동,경상사고,0,0,1,0,차대차 - 측면충돌,안전운전불이행,건조,맑음,단일로 - 기타,승용,남,42세,상해없음,이륜,남,53세,경상
2021060100100494,2021년 6월 1일 18시,화요일,광주광역시 서구 치평동,경상사고,0,0,2,0,차대차 - 측면충돌,교차로운행방법위반,건조,맑음,교차로 - 교차로안,승용,여,24세,상해없음,승용,남,41세,경상
2021060100100528,2021년 6월 1일 19시,화요일,광주광역시 서구 동천동,경상사고,0,0,1,0,차대차 - 측면충돌,안전운전불이행,건조,맑음,교차로 - 교차로안,승용,여,58세,상해없음,승용,남,56세,경상
2021060100100560,2021년 6월 1일 20시,화요일,광주광역시 동구 산수동,중상사고,0,1,0,0,차량단독 - 기타,기타,건조,맑음,기타 - 기타,승합,남,61세,상해없음,,,,
2021060100100561,2021년 6월 1일 20시,화요일,광주광역시 북구 동림동,경상사고,0,0,3,0,차대차 - 측면충돌,중앙선침범,건조,맑음,교차로 - 교차로부근,승용,여,48세,기타불명,승용,남,24세,경상
2021060100100585,2021년 6월 1일 21시,화요일,광주광역시 북구 매곡동,경상사고,0,0,3,0,차대차 - 측면충돌,중앙선침범,건조,맑음,교차로 - 교차로안,승용,여,29세,상해없음,승용,여,43세,경상
2021060100100623,2021년 6월 1일 23시,화요일,광주광역시 북구 오치동,경상사고,0,0,3,0,차대차 - 측면충돌,직진우회전진행방해,건조,맑음,교차로 - 교차로안,승용,남,58세,경상,승용,남,55세,경상
2021060200100011,2021년 6월 2일 00시,수요일,광주광역시 서구 쌍촌동,경상사고,0,0,1,0,차대차 - 기타,안전운전불이행,건조,맑음,기타 - 기타,승용,여,22세,상해없음,승용,여,41세,상해없음
2021060200100012,2021년 6월 2일 00시,수요일,광주광역시 광산구 장덕동,경상사고,0,0,1,0,차대사람 - 횡단중,안전운전불이행,건조,맑음,단일로 - 기타,승합,남,27세,상해없음,보행자,남,40세,경상
2021060200100102,2021년 6월 2일 08시,수요일,광주광역시 북구 문흥동,경상사고,0,0,1,0,차대차 - 추돌,교차로운행방법위반,건조,맑음,교차로 - 교차로안,승용,여,39세,상해없음,이륜,남,28세,경상
2021060200100134,2021년 6월 2일 09시,수요일,광주광역시 광산구 서봉동,중상사고,0,1,0,0,차량단독 - 기타,안전운전불이행,건조,맑음,단일로 - 기타,이륜,남,34세,중상,,,,
2021060200100168,2021년 6월 2일 10시,수요일,광주광역시 북구 중흥동,경상사고,0,0,1,0,차대차 - 정면충돌,중앙선침범,건조,맑음,단일로 - 기타,승용,남,72세,상해없음,승용,남,52세,경상
2021060200100207,2021년 6월 2일 11시,수요일,광주광역시 서구 쌍촌동,경상사고,0,0,1,0,차대차 - 기타,안전거리미확보,건조,맑음,단일로 - 기타,승용,남,29세,상해없음,승용,여,53세,경상
2021060200100208,2021년 6월 2일 11시,수요일,광주광역시 서구 치평동,경상사고,0,0,1,0,차대차 - 측면충돌,안전거리미확보,건조,맑음,단일로 - 기타,이륜,남,54세,경상,승용,남,25세,상해없음
2021060200100432,2021년 6월 2일 17시,수요일,광주광역시 북구 문흥동,경상사고,0,0,3,0,차대차 - 기타,안전운전불이행,건조,맑음,교차로 - 교차로부근,승용,남,46세,상해없음,승용,여,72세,경상
2021060200100433,2021년 6월 2일 17시,수요일,광주광역시 북구 운암동,경상사고,0,0,2,0,차대차 - 추돌,안전운전불이행,건조,맑음,단일로 - 교량,승용,남,41세,상해없음,승용,남,69세,경상
2021060200100434,2021년 6월 2일 17시,수요일,광주광역시 광산구 도천동,경상사고,0,0,2,0,차대차 - 측면충돌,안전운전불이행,건조,맑음,단일로 - 기타,승용,남,19세,경상,승용,여,33세,경상
2021060200100489,2021년 6월 2일 18시,수요일,광주광역시 북구 두암동,부상신고사고,0,0,0,1,차대차 - 기타,신호위반,건조,맑음,교차로 - 교차로안,이륜,남,17세,상해없음,승용,여,22세,상해없음
2021060200100490,2021년 6월 2일 18시,수요일,광주광역시 북구 양산동,중상사고,0,1,0,0,차대차 - 측면충돌,안전운전불이행,건조,맑음,단일로 - 기타,승용,남,70세,상해없음,이륜,남,28세,중상
2021060200100526,2021년 6월 2일 19시,수요일,광주광역시 북구 두암동,중상사고,0,1,0,0,차대차 - 기타,안전운전불이행,건조,맑음,단일로 - 기타,승용,남,69세,상해없음,화물,남,74세,중상
2021060200100527,2021년 6월 2일 19시,수요일,광주광역시 광산구 쌍암동,중상사고,0,1,0,0,차대사람 - 횡단중,보행자보호의무위반,건조,맑음,단일로 - 기타,승용,남,50세,상해없음,보행자,여,26세,중상
2021060200100584,2021년 6월 2일 21시,수요일,광주광역시 북구 용봉동,경상사고,0,0,1,0,차대차 - 기타,안전운전불이행,건조,맑음,교차로 - 교차로안,승용,여,45세,상해없음,이륜,남,35세,경상
2021060200100629,2021년 6월 2일 23시,수요일,광주광역시 광산구 운남동,경상사고,0,0,3,0,차대차 - 정면충돌,안전운전불이행,건조,맑음,단일로 - 기타,승용,남,22세,경상,승용,남,24세,경상
2021060300100024,2021년 6월 3일 02시,목요일,광주광역시 광산구 하남동,경상사고,0,0,1,0,차대차 - 추돌,안전운전불이행,건조,맑음,단일로 - 기타,승용,남,26세,상해없음,승용,남,57세,경상
2021060300100078,2021년 6월 3일 07시,목요일,광주광역시 남구 송하동,경상사고,0,0,2,0,차대차 - 추돌,안전거리미확보,젖음/습기,비,단일로 - 기타,건설기계,남,53세,상해없음,승용,남,46세,경상
2021060300100113,2021년 6월 3일 08시,목요일,광주광역시 남구 행암동,중상사고,0,2,0,0,차대차 - 기타,안전거리미확보,건조,맑음,단일로 - 기타,건설기계,남,59세,상해없음,승용,남,54세,중상
2021060300100114,2021년 6월 3일 08시,목요일,광주광역시 남구 월산동,경상사고,0,0,1,0,차대차 - 측면충돌,안전운전불이행,젖음/습기,비,교차로 - 교차로부근,승용,남,67세,상해없음,승용,남,51세,경상
2021060300100136,2021년 6월 3일 09시,목요일,광주광역시 동구 호남동,중상사고,0,1,3,0,차대차 - 측면충돌,신호위반,건조,맑음,교차로 - 교차로안,승합,남,24세,경상,승용,남,67세,중상
2021060300100137,2021년 6월 3일 09시,목요일,광주광역시 광산구 장덕동,경상사고,0,0,3,0,차대차 - 기타,신호위반,건조,맑음,교차로 - 교차로안,승용,남,70세,경상,승용,남,55세,경상
2021060300100138,2021년 6월 3일 09시,목요일,광주광역시 광산구 신창동,경상사고,0,0,2,0,차대차 - 추돌,안전운전불이행,젖음/습기,비,단일로 - 기타,이륜,남,24세,경상,승용,남,65세,경상
2021060300100166,2021년 6월 3일 10시,목요일,광주광역시 서구 농성동,경상사고,0,0,1,0,차대차 - 추돌,안전거리미확보,젖음/습기,비,단일로 - 기타,승용,남,67세,상해없음,승용,여,49세,경상
2021060300100167,2021년 6월 3일 10시,목요일,광주광역시 서구 치평동,경상사고,0,0,1,0,차대차 - 측면충돌,안전거리미확보,젖음/습기,비,단일로 - 기타,화물,남,19세,상해없음,이륜,남,25세,경상
2021060300100168,2021년 6월 3일 10시,목요일,광주광역시 서구 쌍촌동,경상사고,0,0,1,0,차대사람 - 횡단중,안전운전불이행,젖음/습기,비,교차로 - 교차로횡단보도내,화물,남,46세,상해없음,보행자,여,75세,경상
2021060300100169,2021년 6월 3일 10시,목요일,광주광역시 광산구 월계동,경상사고,0,0,1,0,차대사람 - 기타,기타,젖음/습기,비,기타 - 기타,승합,남,55세,상해없음,보행자,여,30세,경상
2021060300100225,2021년 6월 3일 12시,목요일,광주광역시 광산구 장덕동,경상사고,0,0,1,0,차대차 - 기타,안전거리미확보,건조,맑음,단일로 - 기타,승용,여,47세,상해없음,이륜,남,20세,경상
2021060300100288,2021년 6월 3일 14시,목요일,광주광역시 동구 계림동,경상사고,0,0,1,0,차대차 - 측면충돌,안전운전불이행,건조,맑음,교차로 - 교차로부근,승용,여,67세,기타불명,승용,남,52세,경상
2021060300100316,2021년 6월 3일 15시,목요일,광주광역시 광산구 월곡동,경상사고,0,0,2,0,차대차 - 측면충돌,안전운전불이행,건조,맑음,교차로 - 교차로안,승용,여,61세,경상,화물,남,48세,경상
2021060300100317,2021년 6월 3일 15시,목요일,광주광역시 광산구 비아동,경상사고,0,0,1,0,차대차 - 측면충돌,안전거리미확보,젖음/습기,비,교차로 - 교차로안,승용,남,58세,상해없음,화물,남,34세,경상
2021060300100339,2021년 6월 3일 16시,목요일,광주광역시 광산구 선암동,부상신고사고,0,0,0,1,차대차 - 기타,안전운전불이행,건조,맑음,교차로 - 교차로부근,이륜,남,33세,부상신고,승용,여,21세,상해없음
2021060300100380,2021년 6월 3일 17시,목요일,광주광역시 북구 우산동,경상사고,0,0,3,0,차대차 - 측면충돌,교차로운행방법위반,건조,맑음,교차로 - 교차로안,승용,남,30세,경상,승용,남,46세,경상
2021060300100431,2021년 6월 3일 18시,목요일,광주광역시 서구 화정동,경상사고,0,0,1,0,차대차 - 측면충돌,안전운전불이행,젖음/습기,비,교차로 - 교차로부근,승용,남,64세,상해없음,원동기,남,17세,경상
2021060300100432,2021년 6월 3일 18시,목요일,광주광역시 남구 임암동,경상사고,0,0,2,0,차대차 - 측면충돌,안전운전불이행,젖음/습기,흐림,단일로 - 기타,건설기계,남,55세,상해없음,승용,남,51세,경상
2021060300100570,2021년 6월 3일 21시,목요일,광주광역시 북구 각화동,부상신고사고,0,0,0,1,차대차 - 기타,안전운전불이행,젖음/습기,비,단일로 - 기타,승용,남,49세,기타불명,승용,남,45세,부상신고
2021060300100646,2021년 6월 3일 23시,목요일,광주광역시 북구 양산동,경상사고,0,0,3,0,차대차 - 추돌,안전운전불이행,젖음/습기,비,단일로 - 기타,승용,남,35세,경상,승용,남,31세,경상
2021060300100647,2021년 6월 3일 23시,목요일,광주광역시 북구 운암동,경상사고,0,0,2,0,차대차 - 후진중충돌,안전운전불이행,젖음/습기,비,단일로 - 기타,승용,여,48세,상해없음,승용,여,31세,경상
2021060300100648,2021년 6월 3일 23시,목요일,광주광역시 광산구 우산동,경상사고,0,0,1,0,차대차 - 추돌,안전운전불이행,건조,맑음,단일로 - 기타,승용,남,29세,상해없음,승용,남,44세,경상
2021060400100012,2021년 6월 4일 00시,금요일,광주광역시 서구 농성동,경상사고,0,0,1,0,차대차 - 추돌,안전운전불이행,젖음/습기,비,교차로 - 교차로부근,승용,남,28세,상해없음,이륜,남,22세,경상
2021060400100013,2021년 6월 4일 00시,금요일,광주광역시 북구 오룡동,경상사고,0,0,1,0,차대차 - 기타,안전운전불이행,젖음/습기,비,교차로 - 교차로안,이륜,남,23세,경상,승용,남,46세,상해없음
2021060400100014,2021년 6월 4일 00시,금요일,광주광역시 북구 중흥동,경상사고,0,0,1,0,차대차 - 측면충돌,신호위반,젖음/습기,비,교차로 - 교차로안,승용,여,60세,상해없음,승용,남,41세,경상
2021060400100050,2021년 6월 4일 06시,금요일,광주광역시 광산구 오선동,중상사고,0,1,0,0,차대차 - 기타,교차로운행방법위반,건조,맑음,교차로 - 교차로안,승용,여,60세,상해없음,승합,여,50세,중상
2021060400100112,2021년 6월 4일 08시,금요일,광주광역시 남구 백운동,경상사고,0,0,1,0,차대사람 - 기타,안전운전불이행,건조,맑음,교차로 - 교차로부근,승용,여,48세,상해없음,보행자,여,51세,경상
2021060400100144,2021년 6월 4일 09시,금요일,광주광역시 남구 주월동,중상사고,0,1,0,0,차대차 - 측면충돌,기타,건조,맑음,교차로 - 교차로안,원동기,남,81세,중상,승용,여,64세,상해없음