사고번호,사고일시,요일,시군구,사고내용,사망자수,중상자수,경상자수,부상신고자수,사고유형,법규위반,노면상태,기상상태,도로형태,가해운전자 차종,가해운전자 성별,가해운전자 연령,가해운전자 상해정도,피해운전자 차종,피해운전자 성별,피해운전자 연령,피해운전자 상해정도
2021060400100175,2021년 6월 4일 10시,금요일,광주광역시 서구 내방동,부상신고사고,0,0,0,1,차대차 - 측면충돌,안전운전불이행,건조,맑음,교차로 - 교차로부근,기타불명,기타불명,미분류,기타불명,이륜,남,72세,부상신고
2021060400100210,2021년 6월 4일 11시,금요일,광주광역시 광산구 비아동,중상사고,0,1,0,0,차대차 - 측면충돌,교차로운행방법위반,건조,맑음,교차로 - 교차로안,화물,남,64세,상해없음,이륜,남,62세,상해없음
2021060400100211,2021년 6월 4일 11시,금요일,광주광역시 광산구 월곡동,중상사고,0,1,0,0,차대사람 - 차도통행중,안전운전불이행,건조,맑음,교차로 - 교차로안,승용,여,61세,상해없음,보행자,여,38세,중상
2021060400100236,2021년 6월 4일 12시,금요일,광주광역시 서구 화정동,경상사고,0,0,1,0,차대차 - 추돌,안전운전불이행,건조,맑음,단일로 - 기타,화물,남,51세,기타불명,승용,여,41세,경상
2021060400100237,2021년 6월 4일 12시,금요일,광주광역시 북구 양산동,경상사고,0,0,3,0,차대차 - 측면충돌,신호위반,젖음/습기,비,교차로 - 교차로안,승용,남,74세,기타불명,승용,여,51세,경상
2021060400100277,2021년 6월 4일 13시,금요일,광주광역시 북구 운암동,경상사고,0,0,1,0,차대차 - 기타,기타,건조,맑음,단일로 - 기타,승합,남,52세,상해없음,자전거,남,71세,경상
2021060400100322,2021년 6월 4일 14시,금요일,광주광역시 북구 오룡동,경상사고,0,0,2,0,차대차 - 기타,안전거리미확보,건조,맑음,교차로 - 교차로부근,승용,여,59세,상해없음,승용,여,41세,경상
2021060400100323,2021년 6월 4일 14시,금요일,광주광역시 광산구 월전동,경상사고,0,0,1,0,차대차 - 측면충돌,안전거리미확보,건조,맑음,교차로 - 교차로안,화물,남,51세,상해없음,승용,남,25세,경상
2021060400100324,2021년 6월 4일 14시,금요일,광주광역시 광산구 산정동,경상사고,0,0,1,0,차대차 - 추돌,안전운전불이행,건조,맑음,단일로 - 기타,승용,여,28세,상해없음,승용,남,55세,상해없음
2021060400100369,2021년 6월 4일 15시,금요일,광주광역시 서구 농성동,경상사고,0,0,2,0,차대차 - 추돌,안전운전불이행,건조,맑음,단일로 - 기타,승합,남,71세,상해없음,승용,여,54세,경상
2021060400100370,2021년 6월 4일 15시,금요일,광주광역시 서구 치평동,경상사고,0,0,1,0,차대차 - 측면충돌,안전거리미확보,건조,맑음,교차로 - 교차로부근,화물,남,65세,상해없음,승용,여,60세,경상
2021060400100371,2021년 6월 4일 15시,금요일,광주광역시 북구 운암동,경상사고,0,0,2,0,차대차 - 추돌,안전운전불이행,건조,맑음,교차로 - 교차로부근,승합,남,20세,상해없음,승용,남,46세,경상
2021060400100409,2021년 6월 4일 16시,금요일,광주광역시 북구 장등동,경상사고,0,0,3,0,차대차 - 추돌,안전운전불이행,건조,맑음,단일로 - 기타,승용,남,69세,경상,승용,남,29세,경상
2021060400100417,2021년 6월 4일 16시,금요일,광주광역시 북구 연제동,경상사고,0,0,2,0,차대차 - 추돌,안전거리미확보,건조,맑음,단일로 - 기타,승용,남,26세,상해없음,승용,남,55세,경상
2021060400100418,2021년 6월 4일 16시,금요일,광주광역시 광산구 오선동,경상사고,0,0,1,0,차대차 - 측면충돌,안전운전불이행,건조,맑음,교차로 - 교차로안,화물,남,31세,상해없음,승용,남,49세,경상
2021060400100419,2021년 6월 4일 16시,금요일,광주광역시 광산구 고룡동,중상사고,0,1,0,0,차대차 - 측면충돌,중앙선침범,기타,맑음,단일로 - 기타,승용,여,50세,상해없음,승용,남,60세,중상
2021060400100485,2021년 6월 4일 17시,금요일,광주광역시 북구 운암동,경상사고,0,0,3,0,차대차 - 추돌,안전운전불이행,건조,맑음,단일로 - 기타,승용,남,23세,상해없음,원동기,남,47세,경상
2021060400100539,2021년 6월 4일 18시,금요일,광주광역시 서구 유촌동,중상사고,0,1,0,0,차대차 - 기타,안전운전불이행,건조,맑음,교차로 - 교차로안,승용,여,34세,상해없음,자전거,남,73세,중상
2021060400100540,2021년 6월 4일 18시,금요일,광주광역시 북구 두암동,경상사고,0,0,1,0,차대사람 - 기타,안전운전불이행,건조,맑음,단일로 - 기타,승용,남,69세,상해없음,보행자,남,31세,경상
2021060400100582,2021년 6월 4일 19시,금요일,광주광역시 동구 계림동,경상사고,0,0,1,0,차대차 - 추돌,안전거리미확보,건조,맑음,단일로 - 기타,승합,여,19세,상해없음,승용,남,38세,경상
2021060400100632,2021년 6월 4일 21시,금요일,광주광역시 서구 풍암동,경상사고,0,0,1,0,차대사람 - 기타,안전운전불이행,건조,맑음,교차로 - 교차로안,승용,여,20세,상해없음,보행자,여,60세,경상
2021060400100633,2021년 6월 4일 21시,금요일,광주광역시 서구 쌍촌동,경상사고,0,0,2,0,차대차 - 측면충돌,안전운전불이행,건조,맑음,교차로 - 교차로안,승용,남,28세,상해없음,승용,남,29세,경상
2021060400100666,2021년 6월 4일 22시,금요일,광주광역시 서구 치평동,경상사고,0,0,3,0,차대차 - 기타,안전운전불이행,건조,맑음,기타 - 기타,승용,여,32세,기타불명,승용,남,38세,경상
2021060400100667,2021년 6월 4일 22시,금요일,광주광역시 남구 진월동,경상사고,0,0,2,0,차대차 - 후진중충돌,안전운전불이행,건조,맑음,교차로 - 교차로부근,승용,남,56세,상해없음,승용,남,21세,경상
2021060500100015,2021년 6월 5일 00시,토요일,광주광역시 광산구 산정동,경상사고,0,0,1,0,차대사람 - 기타,안전운전불이행,건조,맑음,단일로 - 기타,승용,남,45세,상해없음,보행자,남,57세,경상
2021060500100035,2021년 6월 5일 02시,토요일,광주광역시 서구 쌍촌동,경상사고,0,0,1,0,차대차 - 측면충돌,안전운전불이행,건조,맑음,교차로 - 교차로안,승용,여,22세,상해없음,승용,남,43세,경상
2021060500100073,2021년 6월 5일 07시,토요일,광주광역시 광산구 장덕동,경상사고,0,0,1,0,차대차 - 측면충돌,신호위반,건조,맑음,교차로 - 교차로안,화물,남,52세,상해없음,승용,남,45세,경상
2021060500100246,2021년 6월 5일 12시,토요일,광주광역시 동구 동명동,경상사고,0,0,1,0,차량단독 - 전도전복 - 전도,교차로운행방법위반,건조,맑음,교차로 - 교차로안,이륜,남,31세,경상,,,,
2021060500100247,2021년 6월 5일 12시,토요일,광주광역시 동구 대인동,경상사고,0,0,1,0,차대차 - 측면충돌,교차로운행방법위반,건조,맑음,교차로 - 교차로부근,승용,여,48세,상해없음,승용,남,65세,경상
2021060500100248,2021년 6월 5일 12시,토요일,광주광역시 광산구 신가동,경상사고,0,0,3,0,차대차 - 추돌,안전운전불이행,건조,맑음,교차로 - 교차로부근,승용,남,54세,상해없음,승용,남,61세,경상
2021060500100307,2021년 6월 5일 13시,토요일,광주광역시 서구 매월동,중상사고,0,1,0,0,차대차 - 측면충돌,안전거리미확보,건조,맑음,단일로 - 기타,승용,남,48세,상해없음,승용,여,26세,상해없음
2021060500100351,2021년 6월 5일 14시,토요일,광주광역시 동구 소태동,경상사고,0,0,2,0,차대차 - 추돌,안전운전불이행,건조,맑음,단일로 - 터널,승용,남,59세,상해없음,승용,남,63세,경상
2021060500100391,2021년 6월 5일 15시,토요일,광주광역시 서구 풍암동,경상사고,0,0,4,0,차대차 - 후진중충돌,안전운전불이행,건조,맑음,단일로 - 기타,승용,남,26세,경상,승용,남,31세,경상
2021060500100392,2021년 6월 5일 15시,토요일,광주광역시 북구 양산동,부상신고사고,0,0,0,1,차량단독 - 기타,안전운전불이행,건조,맑음,단일로 - 기타,자전거,남,7세,부상신고,,,,
2021060500100471,2021년 6월 5일 17시,토요일,광주광역시 북구 임동,경상사고,0,0,2,0,차대차 - 추돌,안전운전불이행,건조,맑음,단일로 - 기타,화물,남,20세,상해없음,승용,남,22세,경상
2021060500100472,2021년 6월 5일 17시,토요일,광주광역시 북구 신용동,경상사고,0,0,1,0,차대차 - 기타,차로위반,건조,맑음,단일로 - 기타,승용,여,63세,상해없음,승용,여,35세,경상
2021060500100473,2021년 6월 5일 17시,토요일,광주광역시 광산구 도산동,부상신고사고,0,0,0,1,차대차 - 기타,안전운전불이행,건조,맑음,단일로 - 기타,승용,여,74세,상해없음,자전거,여,70세,부상신고
2021060500100555,2021년 6월 5일 20시,토요일,광주광역시 광산구 월곡동,부상신고사고,0,0,0,1,차대사람 - 기타,안전운전불이행,건조,맑음,기타 - 기타,승용,남,31세,상해없음,보행자,남,55세,부상신고
2021060500100570,2021년 6월 5일 21시,토요일,광주광역시 서구 화정동,중상사고,0,1,0,0,차대차 - 기타,중앙선침범,건조,맑음,교차로 - 교차로안,승용,여,59세,상해없음,자전거,남,16세,중상
2021060500100592,2021년 6월 5일 22시,토요일,광주광역시 북구 두암동,경상사고,0,0,2,0,차대사람 - 차도통행중,안전운전불이행,건조,맑음,교차로 - 교차로안,승용,남,23세,상해없음,보행자,여,50세,경상
2021060500100620,2021년 6월 5일 23시,토요일,광주광역시 서구 치평동,경상사고,0,0,1,0,차대차 - 기타,신호위반,건조,맑음,교차로 - 교차로부근,승용,남,40세,상해없음,승용,남,63세,상해없음
2021060500100621,2021년 6월 5일 23시,토요일,광주광역시 북구 매곡동,중상사고,0,1,0,0,차대차 - 기타,안전거리미확보,건조,맑음,단일로 - 기타,승용,남,71세,상해없음,이륜,남,38세,중상
2021060500100622,2021년 6월 5일 23시,토요일,광주광역시 북구 매곡동,중상사고,0,1,0,0,차량단독 - 전도전복 - 전도,안전운전불이행,건조,맑음,기타 - 기타,개인형이동수단(PM),남,34세,중상,,,,
2021060600100009,2021년 6월 6일 00시,일요일,광주광역시 북구 동림동,경상사고,0,0,1,0,차대차 - 측면충돌,신호위반,건조,맑음,교차로 - 교차로안,승용,남,22세,상해없음,승용,여,62세,경상
2021060600100034,2021년 6월 6일 03시,일요일,광주광역시 북구 용봉동,경상사고,0,0,1,0,차대차 - 측면충돌,중앙선침범,건조,맑음,단일로 - 기타,이륜,남,23세,기타불명,승용,남,22세,경상
2021060600100041,2021년 6월 6일 04시,일요일,광주광역시 서구 유촌동,경상사고,0,0,2,0,차대차 - 추돌,안전운전불이행,건조,맑음,교차로 - 교차로횡단보도내,승용,남,51세,상해없음,승용,남,60세,경상
2021060600100050,2021년 6월 6일 06시,일요일,광주광역시 광산구 수완동,중상사고,0,1,0,0,차량단독 - 기타,안전운전불이행,건조,맑음,단일로 - 기타,승용,남,74세,중상,,,,
2021060600100077,2021년 6월 6일 09시,일요일,광주광역시 북구 용강동,경상사고,0,0,1,0,차대사람 - 기타,안전운전불이행,건조,맑음,단일로 - 기타,자전거,여,68세,상해없음,보행자,여,64세,경상
2021060600100141,2021년 6월 6일 12시,일요일,광주광역시 동구 계림동,경상사고,0,0,1,0,차대차 - 측면충돌,차로위반,건조,맑음,교차로 - 교차로횡단보도내,승용,여,29세,상해없음,승용,여,40세,경상
2021060600100174,2021년 6월 6일 13시,일요일,광주광역시 북구 일곡동,경상사고,0,0,3,0,차대차 - 추돌,안전운전불이행,건조,맑음,단일로 - 기타,승용,남,41세,기타불명,화물,남,63세,경상
2021060600100175,2021년 6월 6일 13시,일요일,광주광역시 광산구 신창동,경상사고,0,0,1,0,차대차 - 기타,교차로운행방법위반,건조,맑음,교차로 - 교차로안,개인형이동수단(PM),여,23세,경상,승용,남,23세,상해없음
2021060600100208,2021년 6월 6일 14시,일요일,광주광역시 북구 문흥동,경상사고,0,0,2,1,차대차 - 측면충돌,직진우회전진행방해,건조,맑음,교차로 - 교차로안,승용,여,50세,부상신고,승용,남,60세,경상
2021060600100318,2021년 6월 6일 17시,일요일,광주광역시 서구 금호동,경상사고,0,0,1,0,차대사람 - 기타,안전운전불이행,건조,맑음,교차로 - 교차로횡단보도내,기타불명,기타불명,미분류,기타불명,보행자,여,23세,경상
2021060600100319,2021년 6월 6일 17시,일요일,광주광역시 북구 용봉동,중상사고,0,1,0,0,차대차 - 측면충돌,차로위반,건조,맑음,교차로 - 교차로부근,승용,여,51세,상해없음,이륜,남,46세,중상
2021060600100349,2021년 6월 6일 18시,일요일,광주광역시 서구 쌍촌동,경상사고,0,0,1,0,차대차 - 후진중충돌,안전운전불이행,건조,맑음,단일로 - 기타,승용,남,36세,상해없음,승용,남,24세,경상
2021060600100350,2021년 6월 6일 18시,일요일,광주광역시 서구 매월동,경상사고,0,0,3,0,차대차 - 측면충돌,교차로운행방법위반,건조,맑음,교차로 - 교차로안,승용,남,61세,경상,승용,여,45세,경상
2021060600100351,2021년 6월 6일 18시,일요일,광주광역시 북구 신안동,경상사고,0,0,1,0,차대차 - 추돌,안전거리미확보,건조,맑음,교차로 - 교차로부근,승용,남,27세,상해없음,승용,남,43세,경상
2021060600100352,2021년 6월 6일 18시,일요일,광주광역시 광산구 운남동,중상사고,0,1,0,0,차량단독 - 기타,안전운전불이행,건조,맑음,교차로 - 교차로부근,자전거,남,11세,중상,,,,
2021060600100397,2021년 6월 6일 20시,일요일,광주광역시 서구 금호동,경상사고,0,0,1,0,차대사람 - 기타,안전운전불이행,건조,맑음,단일로 - 기타,자전거,남,12세,상해없음,보행자,남,33세,경상
2021060600100418,2021년 6월 6일 21시,일요일,광주광역시 북구 동림동,경상사고,0,0,1,0,차대차 - 측면충돌,차로위반,건조,맑음,단일로 - 기타,기타불명,기타불명,미분류,기타불명,승용,여,33세,경상
2021060600100419,2021년 6월 6일 21시,일요일,광주광역시 광산구 송정동,경상사고,0,0,1,0,차대차 - 추돌,안전운전불이행,건조,맑음,교차로 - 교차로안,이륜,남,21세,상해없음,승용,남,19세,경상
2021060600100420,2021년 6월 6일 21시,일요일,광주광역시 광산구 소촌동,경상사고,0,0,1,0,차대차 - 측면충돌,기타,건조,맑음,교차로 - 교차로안,승용,남,24세,상해없음,이륜,남,18세,경상
2021060600100448,2021년 6월 6일 23시,일요일,광주광역시 서구 금호동,경상사고,0,0,1,0,차대차 - 추돌,안전운전불이행,건조,맑음,교차로 - 교차로부근,승용,남,38세,상해없음,승용,여,39세,경상
2021060700100009,2021년 6월 7일 02시,월요일,광주광역시 광산구 쌍암동,중상사고,0,1,0,0,차대차 - 측면충돌,신호위반,건조,맑음,교차로 - 교차로안,승용,남,66세,상해없음,승용,남,54세,상해없음
2021060700100010,2021년 6월 7일 03시,월요일,광주광역시 북구 오룡동,경상사고,0,0,4,0,차대차 - 추돌,안전운전불이행,건조,맑음,단일로 - 교량,화물,남,35세,상해없음,승합,남,24세,경상
2021060700100015,2021년 6월 7일 04시,월요일,광주광역시 남구 백운동,경상사고,0,0,1,0,차대사람 - 길가장자리구역통행중,교차로운행방법위반,건조,맑음,교차로 - 교차로안,승용,남,28세,상해없음,보행자,여,54세,경상
2021060700100084,2021년 6월 7일 08시,월요일,광주광역시 서구 화정동,중상사고,0,1,1,0,차대차 - 추돌,안전운전불이행,건조,맑음,단일로 - 기타,이륜,남,41세,중상,승용,여,63세,경상
2021060700100085,2021년 6월 7일 08시,월요일,광주광역시 서구 금호동,경상사고,0,0,1,0,차대차 - 측면충돌,안전운전불이행,건조,맑음,교차로 - 교차로안,화물,남,30세,상해없음,승용,여,60세,경상
2021060700100086,2021년 6월 7일 08시,월요일,광주광역시 광산구 장덕동,경상사고,0,0,1,0,차대차 - 측면충돌,교차로운행방법위반,건조,맑음,교차로 - 교차로안,승용,남,75세,상해없음,승용,여,50세,경상
2021060700100189,2021년 6월 7일 11시,월요일,광주광역시 광산구 신가동,경상사고,0,0,2,0,차대차 - 추돌,안전운전불이행,건조,맑음,교차로 - 교차로부근,승용,여,39세,상해없음,승용,남,37세,경상
2021060700100224,2021년 6월 7일 12시,월요일,광주광역시 남구 봉선동,부상신고사고,0,0,0,1,차량단독 - 기타,안전운전불이행,건조,맑음,교차로 - 교차로안,승용,여,43세,부상신고,,,,
2021060700100225,2021년 6월 7일 12시,월요일,광주광역시 북구 우산동,경상사고,0,0,1,0,차대사람 - 기타,안전운전불이행,건조,맑음,단일로 - 기타,승용,남,54세,상해없음,보행자,남,46세,경상
2021060700100259,2021년 6월 7일 13시,월요일,광주광역시 서구 화정동,경상사고,0,0,2,0,차대차 - 추돌,안전운전불이행,건조,맑음,교차로 - 교차로부근,이륜,남,39세,경상,승용,남,62세,경상
2021060700100260,2021년 6월 7일 13시,월요일,광주광역시 서구 풍암동,경상사고,0,0,1,0,차대차 - 추돌,안전운전불이행,건조,맑음,단일로 - 기타,화물,남,59세,상해없음,승용,남,46세,경상
2021060700100289,2021년 6월 7일 14시,월요일,광주광역시 서구 치평동,경상사고,0,0,1,0,차대차 - 후진중충돌,안전운전불이행,건조,맑음,주차장 - 주차장,승용,남,37세,상해없음,이륜,남,41세,경상
2021060700100291,2021년 6월 7일 14시,월요일,광주광역시 광산구 장덕동,경상사고,0,0,1,0,차대차 - 기타,안전운전불이행,건조,맑음,단일로 - 기타,승용,남,59세,상해없음,승용,여,69세,경상
2021060700100333,2021년 6월 7일 15시,월요일,광주광역시 북구 금곡동,중상사고,0,1,0,0,차대차 - 기타,중앙선침범,건조,맑음,단일로 - 기타,승용,남,73세,상해없음,화물,남,64세,상해없음
2021060700100383,2021년 6월 7일 16시,월요일,광주광역시 동구 서석동,경상사고,0,0,1,0,차대차 - 추돌,안전거리미확보,건조,맑음,교차로 - 교차로안,승용,남,46세,상해없음,승용,여,23세,상해없음
2021060700100384,2021년 6월 7일 16시,월요일,광주광역시 서구 유촌동,경상사고,0,0,2,0,차대차 - 측면충돌,안전거리미확보,건조,맑음,단일로 - 기타,화물,남,65세,상해없음,승용,남,23세,경상
2021060700100385,2021년 6월 7일 16시,월요일,광주광역시 서구 쌍촌동,경상사고,0,0,1,0,차대차 - 후진중충돌,안전운전불이행,건조,맑음,교차로 - 교차로안,화물,남,56세,상해없음,승용,남,28세,경상
2021060700100432,2021년 6월 7일 17시,월요일,광주광역시 동구 학동,경상사고,0,0,1,0,차대사람 - 기타,안전운전불이행,건조,맑음,단일로 - 기타,승용,여,47세,상해없음,보행자,여,32세,경상
2021060700100433,2021년 6월 7일 17시,월요일,광주광역시 북구 대촌동,경상사고,0,0,1,0,차대차 - 추돌,안전운전불이행,건조,맑음,단일로 - 기타,특수,남,39세,상해없음,승용,남,32세,경상
2021060700100434,2021년 6월 7일 17시,월요일,광주광역시 광산구 하남동,부상신고사고,0,0,0,1,차대차 - 기타,안전운전불이행,건조,맑음,교차로 - 교차로부근,이륜,남,16세,부상신고,승용,여,40세,상해없음
2021060700100486,2021년 6월 7일 18시,월요일,광주광역시 서구 농성동,경상사고,0,0,1,0,차대차 - 측면충돌,안전거리미확보,건조,맑음,교차로 - 교차로부근,승용,여,49세,상해없음,승용,남,28세,경상
2021060700100487,2021년 6월 7일 18시,월요일,광주광역시 남구 행암동,경상사고,0,0,2,0,차대차 - 기타,안전거리미확보,건조,맑음,단일로 - 기타,승용,남,38세,상해없음,승용,남,36세,경상
2021060700100488,2021년 6월 7일 18시,월요일,광주광역시 북구 운암동,경상사고,0,0,1,0,차대차 - 측면충돌,교차로운행방법위반,건조,맑음,교차로 - 교차로안,승용,남,40세,기타불명,이륜,남,19세,경상
2021060700100489,2021년 6월 7일 18시,월요일,광주광역시 북구 양산동,경상사고,0,0,1,0,차대차 - 측면충돌,안전운전불이행,건조,맑음,교차로 - 교차로안,이륜,남,28세,경상,승용,남,49세,상해없음
2021060700100490,2021년 6월 7일 18시,월요일,광주광역시 광산구 장덕동,경상사고,0,0,1,0,차대차 - 기타,안전운전불이행,건조,맑음,교차로 - 교차로안,기타불명,기타불명,미분류,기타불명,이륜,남,24세,경상
2021060700100543,2021년 6월 7일 20시,월요일,광주광역시 북구 오치동,경상사고,0,0,1,0,차대차 - 후진중충돌,안전운전불이행,건조,맑음,단일로 - 기타,승용,남,80세,상해없음,승용,남,21세,경상
2021060700100544,2021년 6월 7일 20시,월요일,광주광역시 광산구 쌍암동,경상사고,0,0,4,0,차대차 - 추돌,안전거리미확보,건조,맑음,단일로 - 기타,승용,남,33세,상해없음,승용,남,41세,경상
2021060700100568,2021년 6월 7일 21시,월요일,광주광역시 북구 동림동,중상사고,0,1,0,0,차대차 - 기타,안전운전불이행,건조,맑음,교차로 - 교차로안,승합,남,46세,상해없음,개인형이동수단(PM),남,43세,중상
2021060800100009,2021년 6월 8일 01시,화요일,광주광역시 서구 덕흥동,경상사고,0,0,1,0,차대사람 - 보도통행중,안전운전불이행,건조,맑음,단일로 - 기타,자전거,기타불명,미분류,기타불명,보행자,남,59세,경상
2021060800100095,2021년 6월 8일 08시,화요일,광주광역시 서구 매월동,경상사고,0,0,1,0,차대차 - 측면충돌,안전운전불이행,건조,맑음,단일로 - 기타,승용,남,66세,상해없음,승용,여,49세,경상
2021060800100096,2021년 6월 8일 08시,화요일,광주광역시 북구 오치동,경상사고,0,0,3,0,차대차 - 측면충돌,안전운전불이행,건조,맑음,교차로 - 교차로안,화물,남,58세,경상,승용,남,66세,경상
2021060800100097,2021년 6월 8일 08시,화요일,광주광역시 광산구 오선동,경상사고,0,0,3,0,차대차 - 측면충돌,차로위반,건조,맑음,단일로 - 기타,승용,여,29세,경상,승용,여,34세,경상
2021060800100169,2021년 6월 8일 10시,화요일,광주광역시 남구 송하동,경상사고,0,0,1,0,차대사람 - 기타,안전운전불이행,건조,맑음,주차장 - 주차장,승용,남,52세,상해없음,보행자,남,38세,경상
2021060800100202,2021년 6월 8일 11시,화요일,광주광역시 동구 계림동,경상사고,0,0,2,0,차대차 - 측면충돌,안전거리미확보,건조,맑음,교차로 - 교차로안,승용,여,59세,상해없음,건설기계,남,54세,경상
2021060800100203,2021년 6월 8일 11시,화요일,광주광역시 광산구 송정동,경상사고,0,0,1,0,차대차 - 기타,교차로운행방법위반,건조,맑음,교차로 - 교차로안,승용,남,66세,상해없음,승용,여,42세,경상
2021060800100241,2021년 6월 8일 12시,화요일,광주광역시 북구 각화동,경상사고,0,0,4,0,차대차 - 기타,차로위반,건조,맑음,단일로 - 기타,승용,남,83세,상해없음,승용,여,52세,경상
2021060800100242,2021년 6월 8일 12시,화요일,광주광역시 광산구 송정동,경상사고,0,0,3,0,차대차 - 측면충돌,안전운전불이행,건조,맑음,교차로 - 교차로안,승용,여,55세,상해없음,승용,남,39세,경상
2021060800100271,2021년 6월 8일 13시,화요일,광주광역시 남구 주월동,경상사고,0,0,1,0,차대차 - 추돌,안전운전불이행,건조,맑음,단일로 - 기타,화물,여,54세,기타불명,화물,남,26세,경상
2021060800100304,2021년 6월 8일 14시,화요일,광주광역시 서구 쌍촌동,경상사고,0,0,1,0,차대차 - 추돌,안전거리미확보,건조,맑음,단일로 - 기타,화물,남,39세,상해없음,승용,남,69세,경상
2021060800100305,2021년 6월 8일 14시,화요일,광주광역시 북구 우산동,중상사고,0,1,0,0,차대사람 - 보도통행중,안전운전불이행,건조,맑음,단일로 - 기타,화물,남,43세,상해없음,보행자,남,58세,중상
2021060800100306,2021년 6월 8일 14시,화요일,광주광역시 북구 용봉동,경상사고,0,0,1,0,차대차 - 기타,안전운전불이행,건조,맑음,단일로 - 기타,승용,여,28세,상해없음,승용,남,27세,경상
2021060800100307,2021년 6월 8일 14시,화요일,광주광역시 광산구 우산동,경상사고,0,0,1,0,차대차 - 기타,신호위반,건조,맑음,교차로 - 교차로안,승용,남,25세,상해없음,승용,남,62세,경상
2021060800100417,2021년 6월 8일 17시,화요일,광주광역시 동구 금남로5가,경상사고,0,0,1,0,차대차 - 추돌,안전운전불이행,건조,맑음,단일로 - 기타,승용,남,55세,상해없음,승용,남,26세,경상
2021060800100418,2021년 6월 8일 17시,화요일,광주광역시 북구 양산동,경상사고,0,0,4,0,차대차 - 측면충돌,직진우회전진행방해,건조,맑음,교차로 - 교차로안,승용,남,41세,경상,승용,남,29세,경상
2021060800100419,2021년 6월 8일 17시,화요일,광주광역시 북구 임동,경상사고,0,0,1,0,차대차 - 정면충돌,안전운전불이행,건조,흐림,교차로 - 교차로안,이륜,남,32세,경상,승용,남,30세,상해없음
2021060800100420,2021년 6월 8일 17시,화요일,광주광역시 북구 중흥동,경상사고,0,0,2,0,차대차 - 측면충돌,직진우회전진행방해,건조,맑음,교차로 - 교차로안,승용,여,62세,상해없음,승용,남,38세,경상
2021060800100458,2021년 6월 8일 18시,화요일,광주광역시 북구 오치동,경상사고,0,0,2,0,차대차 - 추돌,안전운전불이행,건조,맑음,단일로 - 기타,승용,남,58세,상해없음,승용,남,35세,경상
2021060800100466,2021년 6월 8일 18시,화요일,광주광역시 서구 치평동,경상사고,0,0,2,0,차대차 - 기타,안전운전불이행,건조,맑음,교차로 - 교차로안,승용,남,59세,경상,승용,여,41세,경상
2021060800100467,2021년 6월 8일 18시,화요일,광주광역시 북구 북동,경상사고,0,0,1,0,차대차 - 기타,안전운전불이행,건조,맑음,교차로 - 교차로부근,개인형이동수단(PM),여,22세,경상,승용,남,40세,상해없음
2021060800100468,2021년 6월 8일 18시,화요일,광주광역시 광산구 장덕동,경상사고,0,0,1,0,차대사람 - 길가장자리구역통행중,안전운전불이행,건조,맑음,단일로 - 기타,승용,남,56세,기타불명,보행자,남,58세,경상
2021060800100529,2021년 6월 8일 20시,화요일,광주광역시 광산구 운남동,경상사고,0,0,1,0,차대차 - 측면충돌,안전운전불이행,건조,맑음,단일로 - 기타,승용,여,45세,상해없음,이륜,남,23세,경상
2021060800100555,2021년 6월 8일 21시,화요일,광주광역시 동구 소태동,경상사고,0,0,5,0,차대차 - 측면충돌,교차로운행방법위반,건조,맑음,교차로 - 교차로안,승용,남,42세,경상,승용,남,40세,경상
2021060800100556,2021년 6월 8일 21시,화요일,광주광역시 남구 주월동,경상사고,0,0,1,0,차대차 - 추돌,안전운전불이행,건조,맑음,교차로 - 교차로안,승용,여,38세,상해없음,이륜,남,16세,경상
2021060800100575,2021년 6월 8일 22시,화요일,광주광역시 북구 각화동,경상사고,0,0,1,0,차대차 - 측면충돌,신호위반,건조,맑음,교차로 - 교차로안,승용,남,58세,상해없음,승용,남,28세,경상
2021060800100576,2021년 6월 8일 22시,화요일,광주광역시 북구 연제동,경상사고,0,0,3,0,차대차 - 측면충돌,안전운전불이행,건조,맑음,교차로 - 교차로부근,승용,남,45세,상해없음,승용,남,28세,경상
2021060800100598,2021년 6월 8일 23시,화요일,광주광역시 북구 신안동,경상사고,0,0,1,0,차대차 - 기타,안전운전불이행,건조,맑음,교차로 - 교차로안,승용,여,60세,상해없음,승용,남,33세,경상
2021060900100036,2021년 6월 9일 06시,수요일,광주광역시 광산구 산정동,경상사고,0,0,2,0,차대차 - 기타,중앙선침범,건조,맑음,단일로 - 기타,승용,남,51세,상해없음,승용,남,53세,경상
2021060900100061,2021년 6월 9일 07시,수요일,광주광역시 광산구 월계동,경상사고,0,0,3,0,차대차 - 기타,안전거리미확보,건조,맑음,단일로 - 기타,승용,남,47세,상해없음,승용,여,39세,경상
2021060900100103,2021년 6월 9일 08시,수요일,광주광역시 동구 학동,중상사고,0,1,0,0,차대사람 - 횡단중,안전운전불이행,건조,맑음,교차로 - 교차로부근,승용,여,51세,상해없음,보행자,여,76세,중상
2021060900100154,2021년 6월 9일 10시,수요일,광주광역시 서구 풍암동,경상사고,0,0,1,0,차대차 - 측면충돌,신호위반,건조,맑음,교차로 - 교차로안,화물,남,49세,상해없음,승용,남,35세,경상
2021060900100155,2021년 6월 9일 10시,수요일,광주광역시 북구 유동,경상사고,0,0,1,0,차대사람 - 기타,안전운전불이행,건조,맑음,단일로 - 기타,승용,남,79세,상해없음,보행자,남,54세,경상
2021060900100189,2021년 6월 9일 11시,수요일,광주광역시 남구 노대동,사망사고,1,0,1,0,차대차 - 측면충돌,안전운전불이행,건조,맑음,교차로 - 교차로부근,승용,남,26세,경상,건설기계,남,49세,상해없음