사고번호,사고일시,요일,시군구,사고내용,사망자수,중상자수,경상자수,부상신고자수,사고유형,법규위반,노면상태,기상상태,도로형태,가해운전자 차종,가해운전자 성별,가해운전자 연령,가해운전자 상해정도,피해운전자 차종,피해운전자 성별,피해운전자 연령,피해운전자 상해정도
2021061400100244,2021년 6월 14일 12시,월요일,광주광역시 동구 산수동,중상사고,0,1,0,0,차대사람 - 기타,안전운전불이행,건조,맑음,단일로 - 기타,승용,여,59세,상해없음,보행자,남,35세,중상
2021061400100245,2021년 6월 14일 12시,월요일,광주광역시 광산구 월곡동,경상사고,0,0,1,0,차대차 - 기타,안전거리미확보,건조,맑음,단일로 - 기타,승용,남,23세,상해없음,승합,남,54세,경상
2021061400100287,2021년 6월 14일 13시,월요일,광주광역시 광산구 우산동,경상사고,0,0,1,0,차대차 - 기타,안전운전불이행,건조,맑음,단일로 - 기타,승용,여,55세,기타불명,승용,남,35세,경상
2021061400100324,2021년 6월 14일 14시,월요일,광주광역시 북구 각화동,경상사고,0,0,1,0,차대사람 - 기타,안전운전불이행,건조,맑음,기타 - 기타,승합,남,58세,상해없음,보행자,여,52세,경상
2021061400100363,2021년 6월 14일 15시,월요일,광주광역시 광산구 광산동,중상사고,0,1,0,0,차대차 - 측면충돌,안전운전불이행,건조,맑음,기타 - 기타,화물,남,63세,상해없음,자전거,여,66세,중상
2021061400100397,2021년 6월 14일 16시,월요일,광주광역시 서구 치평동,경상사고,0,0,1,0,차대차 - 기타,기타,건조,맑음,교차로 - 교차로안,승용,남,56세,상해없음,자전거,남,11세,경상
2021061400100445,2021년 6월 14일 17시,월요일,광주광역시 북구 연제동,경상사고,0,0,1,0,차대차 - 측면충돌,안전거리미확보,건조,맑음,단일로 - 기타,승용,남,50세,상해없음,승용,여,54세,경상
2021061400100446,2021년 6월 14일 17시,월요일,광주광역시 광산구 월계동,경상사고,0,0,1,0,차대사람 - 차도통행중,안전운전불이행,건조,맑음,단일로 - 기타,승용,여,58세,상해없음,보행자,남,3세,경상
2021061400100447,2021년 6월 14일 17시,월요일,광주광역시 광산구 수완동,중상사고,0,1,0,0,차량단독 - 공작물충돌,안전운전불이행,건조,맑음,단일로 - 기타,이륜,남,36세,중상,,,,
2021061400100448,2021년 6월 14일 17시,월요일,광주광역시 광산구 선동,중상사고,0,1,0,0,차대차 - 추돌,안전운전불이행,건조,맑음,교차로 - 교차로안,화물,남,52세,상해없음,화물,남,76세,중상
2021061400100495,2021년 6월 14일 18시,월요일,광주광역시 동구 지산동,경상사고,0,0,1,0,차대사람 - 기타,안전운전불이행,건조,맑음,단일로 - 기타,승용,남,69세,상해없음,보행자,여,32세,경상
2021061400100543,2021년 6월 14일 20시,월요일,광주광역시 서구 풍암동,경상사고,0,0,1,0,차대차 - 측면충돌,안전운전불이행,건조,맑음,교차로 - 교차로안,승용,여,41세,상해없음,이륜,남,24세,경상
2021061400100544,2021년 6월 14일 20시,월요일,광주광역시 광산구 송정동,경상사고,0,0,1,0,차대차 - 측면충돌,불법유턴,건조,맑음,교차로 - 교차로안,자전거,남,59세,경상,승용,여,56세,상해없음
2021061400100563,2021년 6월 14일 21시,월요일,광주광역시 동구 대인동,경상사고,0,0,1,0,차대차 - 추돌,안전거리미확보,건조,맑음,교차로 - 교차로안,승용,남,54세,상해없음,승용,남,39세,경상
2021061400100582,2021년 6월 14일 22시,월요일,광주광역시 서구 화정동,경상사고,0,0,1,0,차대차 - 측면충돌,안전운전불이행,건조,맑음,단일로 - 기타,승용,남,30세,상해없음,승용,여,39세,기타불명
2021061400100583,2021년 6월 14일 22시,월요일,광주광역시 남구 월산동,중상사고,0,1,0,0,차대차 - 추돌,안전거리미확보,건조,맑음,단일로 - 기타,승용,남,21세,상해없음,승용,기타불명,미분류,기타불명
2021061400100593,2021년 6월 14일 23시,월요일,광주광역시 남구 주월동,중상사고,0,1,1,0,차대차 - 측면충돌,신호위반,건조,맑음,교차로 - 교차로안,승용,남,30세,상해없음,승용,남,40세,중상
2021061400100594,2021년 6월 14일 23시,월요일,광주광역시 광산구 쌍암동,경상사고,0,0,1,0,차대차 - 추돌,안전운전불이행,건조,맑음,교차로 - 교차로부근,승용,남,47세,상해없음,승용,여,26세,상해없음
2021061500100003,2021년 6월 15일 00시,화요일,광주광역시 서구 풍암동,경상사고,0,0,1,0,차대차 - 기타,안전운전불이행,건조,맑음,교차로 - 교차로안,승용,남,27세,기타불명,이륜,남,37세,경상
2021061500100004,2021년 6월 15일 00시,화요일,광주광역시 남구 주월동,중상사고,0,1,0,0,차대차 - 측면충돌,안전거리미확보,건조,맑음,단일로 - 기타,승용,남,21세,상해없음,이륜,남,42세,중상
2021061500100056,2021년 6월 15일 07시,화요일,광주광역시 북구 운암동,경상사고,0,0,1,0,차대차 - 측면충돌,안전운전불이행,건조,맑음,교차로 - 교차로안,승용,여,51세,상해없음,승용,여,41세,경상
2021061500100154,2021년 6월 15일 10시,화요일,광주광역시 서구 화정동,경상사고,0,0,1,1,차대차 - 기타,안전운전불이행,젖음/습기,비,교차로 - 교차로부근,승용,남,67세,상해없음,승용,남,52세,경상
2021061500100155,2021년 6월 15일 10시,화요일,광주광역시 남구 봉선동,경상사고,0,0,2,0,차대차 - 추돌,안전거리미확보,젖음/습기,흐림,단일로 - 기타,승용,남,67세,상해없음,승용,남,25세,경상
2021061500100183,2021년 6월 15일 11시,화요일,광주광역시 서구 쌍촌동,경상사고,0,0,1,0,차대차 - 기타,안전거리미확보,젖음/습기,비,단일로 - 기타,승용,여,58세,상해없음,이륜,남,28세,경상
2021061500100184,2021년 6월 15일 11시,화요일,광주광역시 서구 쌍촌동,중상사고,0,1,0,0,차대차 - 측면충돌,신호위반,젖음/습기,비,교차로 - 교차로안,승용,남,33세,상해없음,이륜,남,60세,중상
2021061500100335,2021년 6월 15일 15시,화요일,광주광역시 광산구 선암동,경상사고,0,0,3,0,차대차 - 추돌,안전운전불이행,건조,맑음,교차로 - 교차로부근,승용,여,60세,상해없음,승용,남,42세,경상
2021061500100370,2021년 6월 15일 16시,화요일,광주광역시 서구 화정동,경상사고,0,0,1,0,차대차 - 측면충돌,안전운전불이행,젖음/습기,비,기타 - 기타,승용,여,62세,상해없음,자전거,남,13세,경상
2021061500100371,2021년 6월 15일 16시,화요일,광주광역시 광산구 우산동,경상사고,0,0,1,0,차대차 - 추돌,안전운전불이행,젖음/습기,비,단일로 - 기타,화물,남,42세,상해없음,이륜,남,56세,경상
2021061500100372,2021년 6월 15일 16시,화요일,광주광역시 광산구 소촌동,경상사고,0,0,2,0,차대차 - 추돌,안전거리미확보,젖음/습기,비,교차로 - 교차로부근,승용,남,59세,상해없음,승용,남,48세,경상
2021061500100412,2021년 6월 15일 17시,화요일,광주광역시 서구 서창동,경상사고,0,0,1,0,차대차 - 측면충돌,직진우회전진행방해,건조,맑음,교차로 - 교차로안,승용,여,68세,상해없음,승용,여,60세,경상
2021061500100413,2021년 6월 15일 17시,화요일,광주광역시 북구 각화동,경상사고,0,0,1,0,차대차 - 측면충돌,안전운전불이행,건조,맑음,교차로 - 교차로안,승용,남,74세,상해없음,승용,여,32세,경상
2021061500100457,2021년 6월 15일 18시,화요일,광주광역시 광산구 수완동,경상사고,0,0,1,0,차대차 - 측면충돌,교차로운행방법위반,건조,맑음,교차로 - 교차로횡단보도내,승용,여,58세,상해없음,자전거,남,33세,경상
2021061500100550,2021년 6월 15일 21시,화요일,광주광역시 북구 운암동,부상신고사고,0,0,0,1,차대차 - 기타,교차로운행방법위반,젖음/습기,흐림,교차로 - 교차로안,이륜,남,20세,부상신고,승용,남,47세,상해없음
2021061500100551,2021년 6월 15일 21시,화요일,광주광역시 광산구 월전동,경상사고,0,0,2,1,차대차 - 정면충돌,안전운전불이행,건조,맑음,단일로 - 기타,승용,남,41세,상해없음,승용,남,49세,부상신고
2021061600100024,2021년 6월 16일 03시,수요일,광주광역시 서구 치평동,경상사고,0,0,1,0,차대차 - 측면충돌,기타,건조,맑음,교차로 - 교차로안,승용,남,20세,상해없음,승용,남,44세,경상
2021061600100066,2021년 6월 16일 07시,수요일,광주광역시 광산구 운수동,경상사고,0,0,2,0,차대차 - 추돌,차로위반,건조,맑음,단일로 - 기타,건설기계,남,57세,상해없음,승용,여,26세,경상
2021061600100067,2021년 6월 16일 07시,수요일,광주광역시 광산구 운남동,경상사고,0,0,2,0,차대차 - 측면충돌,신호위반,건조,맑음,교차로 - 교차로부근,승용,여,53세,상해없음,승용,남,43세,경상
2021061600100116,2021년 6월 16일 08시,수요일,광주광역시 광산구 비아동,부상신고사고,0,0,0,2,차대사람 - 횡단중,안전운전불이행,건조,맑음,교차로 - 교차로안,기타불명,기타불명,미분류,기타불명,보행자,남,18세,부상신고
2021061600100148,2021년 6월 16일 09시,수요일,광주광역시 서구 금호동,경상사고,0,0,1,0,차대차 - 기타,교차로운행방법위반,건조,맑음,교차로 - 교차로안,승합,남,66세,상해없음,승용,남,64세,경상
2021061600100149,2021년 6월 16일 09시,수요일,광주광역시 광산구 운남동,중상사고,0,1,0,0,차대차 - 측면충돌,안전운전불이행,건조,맑음,단일로 - 기타,승용,여,49세,상해없음,자전거,여,32세,중상
2021061600100178,2021년 6월 16일 10시,수요일,광주광역시 광산구 선암동,경상사고,0,0,2,0,차대차 - 기타,불법유턴,건조,맑음,교차로 - 교차로안,승용,남,57세,경상,승용,남,36세,경상
2021061600100205,2021년 6월 16일 11시,수요일,광주광역시 동구 학동,경상사고,0,0,1,0,차대차 - 측면충돌,안전거리미확보,건조,맑음,단일로 - 기타,승용,남,75세,상해없음,승용,남,60세,경상
2021061600100243,2021년 6월 16일 12시,수요일,광주광역시 광산구 선암동,경상사고,0,0,1,0,차대차 - 추돌,안전운전불이행,건조,맑음,단일로 - 기타,승용,남,44세,상해없음,승용,여,38세,경상
2021061600100278,2021년 6월 16일 13시,수요일,광주광역시 남구 주월동,경상사고,0,0,1,0,차대차 - 기타,안전거리미확보,건조,맑음,단일로 - 기타,승용,여,25세,상해없음,승용,남,61세,경상
2021061600100279,2021년 6월 16일 13시,수요일,광주광역시 북구 우산동,경상사고,0,0,1,0,차대차 - 측면충돌,직진우회전진행방해,건조,맑음,교차로 - 교차로안,승용,남,63세,상해없음,자전거,여,64세,경상
2021061600100315,2021년 6월 16일 14시,수요일,광주광역시 북구 양산동,중상사고,0,1,0,0,차대차 - 측면충돌,안전운전불이행,건조,맑음,교차로 - 교차로안,자전거,남,71세,중상,승용,여,49세,상해없음
2021061600100391,2021년 6월 16일 16시,수요일,광주광역시 서구 농성동,경상사고,0,0,2,0,차대차 - 측면충돌,안전운전불이행,건조,맑음,교차로 - 교차로안,승용,여,23세,경상,원동기,남,75세,경상
2021061600100434,2021년 6월 16일 17시,수요일,광주광역시 남구 백운동,경상사고,0,0,1,0,차대차 - 추돌,안전운전불이행,건조,맑음,교차로 - 교차로안,승용,남,74세,상해없음,승용,여,26세,경상
2021061600100435,2021년 6월 16일 17시,수요일,광주광역시 광산구 수완동,경상사고,0,0,1,0,차대차 - 기타,안전운전불이행,건조,맑음,교차로 - 교차로횡단보도내,승용,남,62세,상해없음,자전거,남,23세,경상
2021061600100489,2021년 6월 16일 18시,수요일,광주광역시 서구 마륵동,경상사고,0,0,1,0,차대차 - 측면충돌,안전거리미확보,건조,맑음,단일로 - 기타,승용,남,61세,상해없음,승용,남,31세,경상
2021061600100490,2021년 6월 16일 18시,수요일,광주광역시 서구 쌍촌동,경상사고,0,0,1,0,차대차 - 기타,안전운전불이행,건조,맑음,교차로 - 교차로안,화물,여,53세,상해없음,승용,남,23세,경상
2021061600100491,2021년 6월 16일 18시,수요일,광주광역시 북구 신안동,경상사고,0,0,2,0,차대차 - 측면충돌,차로위반,건조,맑음,단일로 - 기타,화물,남,61세,상해없음,승용,남,53세,경상
2021061600100492,2021년 6월 16일 18시,수요일,광주광역시 광산구 우산동,경상사고,0,0,1,0,차대차 - 측면충돌,교차로운행방법위반,건조,흐림,교차로 - 교차로안,승용,여,39세,상해없음,승용,여,27세,경상
2021061600100493,2021년 6월 16일 18시,수요일,광주광역시 광산구 우산동,경상사고,0,0,2,0,차대차 - 추돌,안전운전불이행,건조,맑음,단일로 - 기타,화물,남,28세,기타불명,승용,남,55세,경상
2021061600100494,2021년 6월 16일 18시,수요일,광주광역시 광산구 신가동,경상사고,0,0,4,0,차대차 - 추돌,안전거리미확보,건조,맑음,단일로 - 기타,승용,여,36세,경상,승용,남,72세,경상
2021061600100519,2021년 6월 16일 19시,수요일,광주광역시 북구 연제동,경상사고,0,0,1,0,차대사람 - 횡단중,보행자보호의무위반,건조,맑음,교차로 - 교차로횡단보도내,승용,여,46세,상해없음,보행자,여,77세,경상
2021061600100589,2021년 6월 16일 21시,수요일,광주광역시 북구 중흥동,경상사고,0,0,2,0,차대차 - 측면충돌,안전운전불이행,건조,맑음,단일로 - 기타,화물,남,45세,상해없음,승용,남,35세,경상
2021061600100626,2021년 6월 16일 22시,수요일,광주광역시 남구 주월동,경상사고,0,0,1,0,차대차 - 측면충돌,안전거리미확보,건조,맑음,교차로 - 교차로부근,승용,남,48세,상해없음,승용,남,56세,경상
2021061700100014,2021년 6월 17일 01시,목요일,광주광역시 북구 동림동,사망사고,1,0,0,0,차대차 - 측면충돌,신호위반,건조,맑음,교차로 - 교차로안,이륜,남,48세,사망,승용,남,24세,상해없음
2021061700100015,2021년 6월 17일 01시,목요일,광주광역시 광산구 신가동,경상사고,0,0,1,0,차대사람 - 기타,중앙선침범,건조,맑음,단일로 - 기타,개인형이동수단(PM),남,23세,상해없음,보행자,여,32세,경상
2021061700100020,2021년 6월 17일 02시,목요일,광주광역시 동구 계림동,경상사고,0,0,1,0,차대사람 - 기타,안전운전불이행,건조,맑음,교차로 - 교차로부근,개인형이동수단(PM),여,16세,상해없음,보행자,남,53세,경상
2021061700100021,2021년 6월 17일 02시,목요일,광주광역시 광산구 장덕동,경상사고,0,0,1,0,차대차 - 추돌,안전운전불이행,건조,맑음,단일로 - 기타,승용,남,35세,상해없음,승용,여,44세,경상
2021061700100048,2021년 6월 17일 06시,목요일,광주광역시 동구 소태동,경상사고,0,0,1,0,차대차 - 기타,교차로운행방법위반,건조,맑음,교차로 - 교차로안,승용,남,62세,상해없음,화물,남,48세,경상
2021061700100159,2021년 6월 17일 10시,목요일,광주광역시 광산구 우산동,경상사고,0,0,1,0,차대차 - 측면충돌,차로위반,건조,맑음,단일로 - 기타,화물,남,66세,상해없음,승용,남,27세,경상
2021061700100194,2021년 6월 17일 11시,목요일,광주광역시 북구 일곡동,중상사고,0,1,0,0,차대사람 - 기타,안전운전불이행,건조,맑음,단일로 - 기타,승용,여,45세,상해없음,보행자,여,60세,중상
2021061700100195,2021년 6월 17일 11시,목요일,광주광역시 광산구 오선동,중상사고,0,1,1,0,차대차 - 기타,안전거리미확보,건조,맑음,단일로 - 기타,승합,남,42세,상해없음,화물,남,60세,중상
2021061700100233,2021년 6월 17일 12시,목요일,광주광역시 서구 마륵동,경상사고,0,0,2,1,차대차 - 기타,안전거리미확보,건조,맑음,단일로 - 기타,승용,남,28세,부상신고,승용,여,67세,경상
2021061700100302,2021년 6월 17일 14시,목요일,광주광역시 북구 동림동,경상사고,0,0,2,0,차대차 - 측면충돌,안전거리미확보,건조,맑음,단일로 - 기타,승용,남,62세,상해없음,승용,남,60세,경상
2021061700100408,2021년 6월 17일 17시,목요일,광주광역시 동구 금남로4가,중상사고,0,1,0,0,차대차 - 추돌,안전거리미확보,건조,맑음,단일로 - 기타,승용,남,60세,상해없음,이륜,남,36세,중상
2021061700100409,2021년 6월 17일 17시,목요일,광주광역시 북구 신안동,경상사고,0,0,1,0,차대차 - 기타,안전운전불이행,건조,맑음,단일로 - 기타,자전거,남,88세,경상,승용,남,39세,상해없음
2021061700100410,2021년 6월 17일 17시,목요일,광주광역시 광산구 신가동,중상사고,0,1,0,0,차대차 - 측면충돌,신호위반,건조,맑음,교차로 - 교차로안,승용,남,40세,상해없음,승용,남,48세,중상
2021061700100453,2021년 6월 17일 18시,목요일,광주광역시 광산구 흑석동,경상사고,0,0,2,0,차대차 - 측면충돌,안전운전불이행,건조,맑음,단일로 - 기타,승용,남,25세,상해없음,승용,여,47세,경상
2021061700100475,2021년 6월 17일 19시,목요일,광주광역시 서구 양동,경상사고,0,0,1,0,차대차 - 기타,교차로운행방법위반,건조,맑음,교차로 - 교차로부근,화물,여,67세,상해없음,승용,남,52세,경상
2021061700100556,2021년 6월 17일 22시,목요일,광주광역시 서구 치평동,경상사고,0,0,1,0,차대사람 - 횡단중,보행자보호의무위반,젖음/습기,비,교차로 - 교차로횡단보도내,승용,여,56세,상해없음,보행자,여,19세,경상
2021061700100557,2021년 6월 17일 22시,목요일,광주광역시 북구 두암동,경상사고,0,0,1,0,차대차 - 후진중충돌,안전운전불이행,젖음/습기,흐림,교차로 - 교차로부근,승용,남,41세,상해없음,승용,여,26세,경상
2021061800100007,2021년 6월 18일 00시,금요일,광주광역시 광산구 소촌동,부상신고사고,0,0,0,1,차대사람 - 기타,안전운전불이행,건조,맑음,교차로 - 교차로부근,승용,남,46세,상해없음,보행자,남,39세,부상신고
2021061800100061,2021년 6월 18일 07시,금요일,광주광역시 남구 진월동,경상사고,0,0,1,0,차대차 - 추돌,안전거리미확보,젖음/습기,비,교차로 - 교차로부근,승용,남,60세,상해없음,승용,여,47세,경상
2021061800100114,2021년 6월 18일 09시,금요일,광주광역시 서구 쌍촌동,경상사고,0,0,2,0,차대차 - 측면충돌,차로위반,건조,맑음,단일로 - 기타,승용,여,34세,상해없음,승용,남,63세,경상
2021061800100115,2021년 6월 18일 09시,금요일,광주광역시 광산구 신가동,경상사고,0,0,2,0,차대차 - 측면충돌,안전운전불이행,건조,맑음,교차로 - 교차로안,승용,여,39세,경상,승용,남,32세,경상
2021061800100153,2021년 6월 18일 10시,금요일,광주광역시 광산구 송정동,경상사고,0,0,1,0,차대차 - 기타,교차로운행방법위반,건조,맑음,교차로 - 교차로안,승용,남,40세,상해없음,이륜,남,84세,경상
2021061800100209,2021년 6월 18일 12시,금요일,광주광역시 광산구 신가동,중상사고,0,1,0,0,차대차 - 측면충돌,안전거리미확보,건조,맑음,단일로 - 기타,승용,남,61세,상해없음,이륜,남,23세,중상
2021061800100243,2021년 6월 18일 13시,금요일,광주광역시 북구 임동,경상사고,0,0,1,0,차대차 - 측면충돌,안전거리미확보,건조,맑음,단일로 - 기타,화물,남,61세,상해없음,승합,남,55세,경상
2021061800100301,2021년 6월 18일 15시,금요일,광주광역시 광산구 우산동,중상사고,0,1,0,0,차대차 - 측면충돌,교차로운행방법위반,건조,흐림,교차로 - 교차로안,승용,여,45세,상해없음,자전거,남,55세,중상
2021061800100338,2021년 6월 18일 16시,금요일,광주광역시 남구 주월동,경상사고,0,0,1,3,차대차 - 추돌,안전거리미확보,건조,맑음,교차로 - 교차로부근,승용,여,29세,상해없음,승용,여,60세,경상
2021061800100339,2021년 6월 18일 16시,금요일,광주광역시 북구 오치동,경상사고,0,0,1,0,차대사람 - 기타,안전운전불이행,건조,맑음,단일로 - 기타,승용,남,57세,상해없음,보행자,여,27세,경상
2021061800100340,2021년 6월 18일 16시,금요일,광주광역시 광산구 월전동,경상사고,0,0,2,0,차대차 - 기타,교차로운행방법위반,건조,맑음,교차로 - 교차로부근,승용,남,56세,상해없음,화물,남,75세,경상
2021061800100388,2021년 6월 18일 17시,금요일,광주광역시 북구 각화동,경상사고,0,0,3,0,차대차 - 측면충돌,안전거리미확보,건조,맑음,단일로 - 기타,승용,여,63세,경상,승용,남,31세,경상
2021061800100432,2021년 6월 18일 18시,금요일,광주광역시 서구 농성동,경상사고,0,0,1,0,차대차 - 기타,기타,건조,맑음,단일로 - 기타,승용,남,54세,상해없음,자전거,남,17세,경상
2021061800100506,2021년 6월 18일 20시,금요일,광주광역시 서구 금호동,경상사고,0,0,2,0,차대차 - 측면충돌,직진우회전진행방해,건조,맑음,교차로 - 교차로안,승용,남,63세,경상,승용,남,48세,경상
2021061900100015,2021년 6월 19일 00시,토요일,광주광역시 북구 동림동,경상사고,0,0,1,0,차대차 - 측면충돌,안전운전불이행,건조,맑음,단일로 - 기타,승용,남,52세,상해없음,승용,남,65세,경상
2021061900100048,2021년 6월 19일 04시,토요일,광주광역시 광산구 신가동,경상사고,0,0,4,0,차량단독 - 공작물충돌,안전운전불이행,건조,맑음,교차로 - 교차로안,승용,남,18세,상해없음,,,,
2021061900100070,2021년 6월 19일 06시,토요일,광주광역시 서구 농성동,경상사고,0,0,1,0,차대차 - 측면충돌,안전운전불이행,건조,맑음,교차로 - 교차로부근,승용,남,75세,상해없음,승용,남,62세,경상
2021061900100104,2021년 6월 19일 08시,토요일,광주광역시 동구 불로동,경상사고,0,0,1,0,차대차 - 후진중충돌,안전운전불이행,건조,맑음,단일로 - 기타,승용,남,27세,상해없음,승용,남,58세,경상
2021061900100105,2021년 6월 19일 08시,토요일,광주광역시 서구 농성동,경상사고,0,0,2,0,차대차 - 추돌,안전운전불이행,건조,맑음,교차로 - 교차로부근,승용,남,57세,상해없음,승용,남,32세,경상
2021061900100106,2021년 6월 19일 08시,토요일,광주광역시 남구 봉선동,경상사고,0,0,1,0,차대사람 - 기타,안전운전불이행,건조,맑음,단일로 - 기타,승용,여,41세,상해없음,보행자,남,23세,경상
2021061900100131,2021년 6월 19일 09시,토요일,광주광역시 서구 농성동,경상사고,0,0,1,0,차대차 - 추돌,안전운전불이행,건조,맑음,단일로 - 기타,승용,남,72세,상해없음,승용,남,69세,경상
2021061900100132,2021년 6월 19일 09시,토요일,광주광역시 북구 신안동,경상사고,0,0,2,0,차대차 - 측면충돌,안전거리미확보,건조,맑음,단일로 - 기타,승용,남,74세,상해없음,승용,남,25세,경상
2021061900100164,2021년 6월 19일 10시,토요일,광주광역시 북구 두암동,중상사고,0,1,0,0,차대사람 - 횡단중,안전운전불이행,건조,맑음,교차로 - 교차로안,승용,남,26세,상해없음,보행자,여,53세,중상
2021061900100165,2021년 6월 19일 10시,토요일,광주광역시 광산구 용봉동,중상사고,0,1,3,0,차대차 - 기타,안전운전불이행,건조,맑음,단일로 - 기타,승용,남,28세,중상,승용,남,59세,경상
2021061900100209,2021년 6월 19일 11시,토요일,광주광역시 동구 지산동,경상사고,0,0,3,0,차대차 - 추돌,안전운전불이행,건조,맑음,단일로 - 터널,화물,남,59세,기타불명,승용,남,29세,경상
2021061900100210,2021년 6월 19일 11시,토요일,광주광역시 남구 진월동,경상사고,0,0,1,0,차대차 - 기타,안전운전불이행,건조,맑음,단일로 - 기타,승용,남,71세,상해없음,승용,여,25세,경상
2021061900100211,2021년 6월 19일 11시,토요일,광주광역시 광산구 송정동,경상사고,0,0,1,0,차대차 - 측면충돌,안전운전불이행,건조,맑음,교차로 - 교차로부근,승용,남,64세,상해없음,승용,남,66세,경상
2021061900100240,2021년 6월 19일 12시,토요일,광주광역시 서구 치평동,중상사고,0,4,1,0,차대차 - 측면충돌,신호위반,건조,맑음,교차로 - 교차로안,승용,남,57세,중상,화물,남,62세,중상
2021061900100241,2021년 6월 19일 12시,토요일,광주광역시 북구 동림동,중상사고,0,1,0,1,차대차 - 기타,안전운전불이행,건조,맑음,단일로 - 기타,승용,여,46세,부상신고,이륜,남,31세,중상
2021061900100242,2021년 6월 19일 12시,토요일,광주광역시 북구 두암동,경상사고,0,0,1,0,차대차 - 측면충돌,안전운전불이행,건조,맑음,단일로 - 기타,승용,여,72세,상해없음,승용,남,48세,경상
2021061900100289,2021년 6월 19일 13시,토요일,광주광역시 남구 주월동,경상사고,0,0,1,0,차대차 - 후진중충돌,안전운전불이행,건조,맑음,단일로 - 기타,승용,여,36세,상해없음,승용,여,35세,경상
2021061900100320,2021년 6월 19일 14시,토요일,광주광역시 북구 우산동,경상사고,0,0,2,0,차대차 - 기타,차로위반,건조,맑음,단일로 - 기타,승용,남,72세,상해없음,승합,남,58세,상해없음
2021061900100321,2021년 6월 19일 14시,토요일,광주광역시 광산구 운남동,경상사고,0,0,1,0,차대차 - 측면충돌,안전운전불이행,건조,맑음,단일로 - 기타,승용,남,33세,상해없음,이륜,남,29세,경상
2021061900100365,2021년 6월 19일 15시,토요일,광주광역시 서구 쌍촌동,경상사고,0,0,1,0,차대차 - 측면충돌,안전거리미확보,건조,맑음,교차로 - 교차로부근,승용,여,47세,상해없음,승용,남,30세,경상
2021061900100366,2021년 6월 19일 15시,토요일,광주광역시 서구 유촌동,부상신고사고,0,0,0,1,차대차 - 추돌,안전운전불이행,건조,맑음,단일로 - 기타,승합,남,43세,기타불명,화물,여,30세,부상신고
2021061900100367,2021년 6월 19일 15시,토요일,광주광역시 광산구 신창동,경상사고,0,0,4,0,차대차 - 측면충돌,교차로운행방법위반,건조,맑음,교차로 - 교차로안,승용,여,28세,경상,화물,남,66세,경상
2021061900100368,2021년 6월 19일 15시,토요일,광주광역시 광산구 도천동,경상사고,0,0,1,0,차대차 - 측면충돌,교차로운행방법위반,건조,맑음,교차로 - 교차로안,승용,남,43세,상해없음,승용,여,28세,경상
2021061900100369,2021년 6월 19일 15시,토요일,광주광역시 광산구 신창동,경상사고,0,0,2,0,차대차 - 추돌,안전운전불이행,건조,맑음,교차로 - 교차로부근,화물,남,30세,상해없음,승용,여,55세,경상
2021061900100370,2021년 6월 19일 15시,토요일,광주광역시 광산구 월전동,경상사고,0,0,1,0,차대차 - 기타,안전운전불이행,건조,맑음,단일로 - 기타,승용,남,23세,경상,화물,남,46세,기타불명
2021061900100415,2021년 6월 19일 16시,토요일,광주광역시 동구 월남동,경상사고,0,0,1,0,차대차 - 기타,안전운전불이행,건조,맑음,단일로 - 기타,승용,여,57세,상해없음,승용,남,51세,경상
2021061900100416,2021년 6월 19일 16시,토요일,광주광역시 서구 풍암동,경상사고,0,0,1,0,차대차 - 측면충돌,교차로운행방법위반,건조,맑음,교차로 - 교차로부근,승용,남,24세,상해없음,원동기,남,52세,경상
2021061900100417,2021년 6월 19일 16시,토요일,광주광역시 북구 연제동,경상사고,0,0,1,0,차대사람 - 기타,안전운전불이행,건조,맑음,단일로 - 기타,승용,여,60세,기타불명,보행자,남,32세,경상
2021061900100471,2021년 6월 19일 17시,토요일,광주광역시 서구 치평동,경상사고,0,0,3,0,차대차 - 기타,안전거리미확보,건조,맑음,단일로 - 기타,화물,남,70세,경상,승용,남,27세,경상
2021061900100542,2021년 6월 19일 19시,토요일,광주광역시 서구 치평동,경상사고,0,0,1,0,차대차 - 기타,교차로운행방법위반,건조,맑음,교차로 - 교차로안,승용,남,57세,상해없음,승용,남,32세,경상
2021061900100562,2021년 6월 19일 20시,토요일,광주광역시 북구 신안동,경상사고,0,0,1,0,차대차 - 기타,중앙선침범,건조,맑음,단일로 - 기타,승용,남,51세,상해없음,승용,남,30세,경상
2021061900100563,2021년 6월 19일 20시,토요일,광주광역시 광산구 고룡동,경상사고,0,0,1,0,차대차 - 기타,안전운전불이행,건조,맑음,단일로 - 기타,승용,여,55세,경상,승용,여,50세,상해없음
2021061900100593,2021년 6월 19일 21시,토요일,광주광역시 광산구 월전동,경상사고,0,0,2,0,차대차 - 측면충돌,안전운전불이행,건조,맑음,교차로 - 교차로부근,승용,남,59세,상해없음,승용,남,30세,경상
2021061900100613,2021년 6월 19일 22시,토요일,광주광역시 서구 쌍촌동,경상사고,0,0,1,1,차대차 - 기타,신호위반,건조,맑음,교차로 - 교차로안,승용,남,50세,부상신고,승용,남,40세,경상