사고번호,사고일시,요일,시군구,사고내용,사망자수,중상자수,경상자수,부상신고자수,사고유형,법규위반,노면상태,기상상태,도로형태,가해운전자 차종,가해운전자 성별,가해운전자 연령,가해운전자 상해정도,피해운전자 차종,피해운전자 성별,피해운전자 연령,피해운전자 상해정도
2021061900100614,2021년 6월 19일 22시,토요일,광주광역시 서구 유촌동,경상사고,0,0,3,0,차대차 - 측면충돌,안전운전불이행,건조,맑음,교차로 - 교차로부근,승용,남,37세,경상,승용,남,31세,경상
2021061900100615,2021년 6월 19일 22시,토요일,광주광역시 북구 일곡동,경상사고,0,0,1,0,차대차 - 추돌,안전거리미확보,건조,맑음,단일로 - 기타,화물,남,34세,상해없음,승합,남,65세,경상
2021061900100616,2021년 6월 19일 22시,토요일,광주광역시 북구 용봉동,경상사고,0,0,1,0,차대사람 - 기타,안전운전불이행,건조,맑음,교차로 - 교차로부근,승용,남,27세,상해없음,보행자,남,19세,경상
2021062000100018,2021년 6월 20일 01시,일요일,광주광역시 서구 치평동,경상사고,0,0,1,0,차대차 - 기타,신호위반,건조,맑음,교차로 - 교차로안,승용,남,26세,상해없음,승용,남,28세,경상
2021062000100019,2021년 6월 20일 01시,일요일,광주광역시 광산구 신가동,경상사고,0,0,1,0,차대차 - 추돌,안전운전불이행,건조,맑음,교차로 - 교차로부근,승용,남,74세,상해없음,승용,남,47세,경상
2021062000100027,2021년 6월 20일 02시,일요일,광주광역시 동구 황금동,경상사고,0,0,1,0,차대사람 - 기타,안전운전불이행,건조,맑음,교차로 - 교차로부근,승용,남,45세,상해없음,보행자,남,22세,경상
2021062000100059,2021년 6월 20일 07시,일요일,광주광역시 서구 금호동,중상사고,0,1,0,0,차대차 - 측면충돌,신호위반,건조,맑음,교차로 - 교차로안,화물,남,47세,상해없음,승용,여,53세,중상
2021062000100060,2021년 6월 20일 07시,일요일,광주광역시 북구 신안동,경상사고,0,0,3,0,차대차 - 측면충돌,중앙선침범,건조,맑음,교차로 - 교차로부근,승용,남,25세,상해없음,승용,남,69세,경상
2021062000100086,2021년 6월 20일 09시,일요일,광주광역시 서구 금호동,경상사고,0,0,1,0,차대차 - 후진중충돌,안전운전불이행,건조,맑음,단일로 - 기타,화물,남,55세,상해없음,이륜,남,27세,경상
2021062000100087,2021년 6월 20일 09시,일요일,광주광역시 서구 풍암동,경상사고,0,0,2,0,차대차 - 기타,직진우회전진행방해,건조,맑음,교차로 - 교차로안,승합,남,28세,상해없음,승용,남,40세,경상
2021062000100203,2021년 6월 20일 13시,일요일,광주광역시 동구 학동,중상사고,0,1,0,0,차대사람 - 기타,안전운전불이행,건조,맑음,교차로 - 교차로안,승합,남,58세,상해없음,보행자,여,75세,중상
2021062000100204,2021년 6월 20일 13시,일요일,광주광역시 북구 각화동,중상사고,0,1,1,0,차대차 - 측면충돌,안전운전불이행,건조,맑음,단일로 - 기타,승용,여,39세,상해없음,이륜,남,68세,중상
2021062000100351,2021년 6월 20일 17시,일요일,광주광역시 광산구 진곡동,경상사고,0,0,2,0,차대차 - 후진중충돌,안전운전불이행,건조,맑음,단일로 - 기타,승용,남,23세,상해없음,승용,여,24세,경상
2021062000100386,2021년 6월 20일 18시,일요일,광주광역시 서구 화정동,경상사고,0,0,3,0,차대차 - 측면충돌,안전거리미확보,건조,맑음,단일로 - 기타,승용,남,64세,상해없음,승용,남,34세,경상
2021062000100411,2021년 6월 20일 19시,일요일,광주광역시 북구 신안동,중상사고,0,2,0,0,차대차 - 측면충돌,안전운전불이행,건조,맑음,교차로 - 교차로부근,승용,여,54세,상해없음,이륜,남,29세,중상
2021062000100412,2021년 6월 20일 19시,일요일,광주광역시 광산구 월계동,중상사고,0,1,0,0,차량단독 - 기타,안전거리미확보,건조,맑음,단일로 - 기타,이륜,남,24세,중상,,,,
2021062000100413,2021년 6월 20일 19시,일요일,광주광역시 광산구 운남동,경상사고,0,0,1,0,차대차 - 기타,안전운전불이행,건조,맑음,교차로 - 교차로안,화물,남,66세,상해없음,자전거,여,32세,경상
2021062000100440,2021년 6월 20일 20시,일요일,광주광역시 광산구 안청동,중상사고,0,1,0,0,차대차 - 기타,신호위반,건조,맑음,교차로 - 교차로안,승용,남,62세,상해없음,이륜,남,32세,중상
2021062000100477,2021년 6월 20일 22시,일요일,광주광역시 남구 월산동,경상사고,0,0,1,0,차대사람 - 기타,안전운전불이행,건조,맑음,단일로 - 기타,승용,남,30세,상해없음,보행자,남,20세,경상
2021062000100478,2021년 6월 20일 22시,일요일,광주광역시 광산구 신가동,경상사고,0,0,1,0,차대차 - 측면충돌,신호위반,건조,맑음,교차로 - 교차로안,승용,남,56세,상해없음,이륜,남,61세,경상
2021062000100496,2021년 6월 20일 23시,일요일,광주광역시 동구 산수동,경상사고,0,0,1,0,차대차 - 측면충돌,안전운전불이행,건조,맑음,교차로 - 교차로안,승용,남,27세,기타불명,이륜,남,28세,경상
2021062100100036,2021년 6월 21일 05시,월요일,광주광역시 광산구 수완동,경상사고,0,0,1,0,차대차 - 측면충돌,신호위반,건조,맑음,교차로 - 교차로안,승용,남,43세,상해없음,승용,남,28세,경상
2021062100100037,2021년 6월 21일 05시,월요일,광주광역시 광산구 오선동,경상사고,0,0,1,0,차대차 - 기타,안전거리미확보,건조,맑음,교차로 - 교차로안,승용,남,59세,상해없음,승용,여,34세,경상
2021062100100068,2021년 6월 21일 07시,월요일,광주광역시 서구 화정동,경상사고,0,0,1,0,차대사람 - 차도통행중,안전운전불이행,건조,맑음,단일로 - 기타,승용,여,28세,상해없음,보행자,여,61세,경상
2021062100100069,2021년 6월 21일 07시,월요일,광주광역시 북구 중흥동,경상사고,0,0,2,0,차대차 - 기타,안전운전불이행,건조,맑음,교차로 - 교차로부근,승용,남,44세,경상,승용,남,26세,경상
2021062100100070,2021년 6월 21일 07시,월요일,광주광역시 광산구 장덕동,경상사고,0,0,1,0,차대사람 - 횡단중,보행자보호의무위반,건조,맑음,교차로 - 교차로횡단보도내,승용,남,58세,상해없음,보행자,남,35세,경상
2021062100100071,2021년 6월 21일 07시,월요일,광주광역시 광산구 장덕동,경상사고,0,0,1,1,차대차 - 측면충돌,안전거리미확보,건조,맑음,단일로 - 기타,승용,여,52세,부상신고,승용,여,22세,경상
2021062100100111,2021년 6월 21일 08시,월요일,광주광역시 서구 광천동,경상사고,0,0,1,0,차대차 - 측면충돌,차로위반,건조,맑음,단일로 - 기타,화물,남,62세,상해없음,화물,남,55세,상해없음
2021062100100112,2021년 6월 21일 08시,월요일,광주광역시 광산구 수완동,경상사고,0,0,2,0,차대차 - 측면충돌,안전거리미확보,건조,맑음,교차로 - 교차로부근,승용,여,39세,경상,승용,여,73세,경상
2021062100100113,2021년 6월 21일 08시,월요일,광주광역시 광산구 우산동,경상사고,0,0,1,0,차대차 - 측면충돌,안전운전불이행,건조,맑음,기타 - 기타,승용,여,39세,상해없음,승용,남,59세,경상
2021062100100151,2021년 6월 21일 09시,월요일,광주광역시 서구 광천동,경상사고,0,0,1,0,차대차 - 기타,안전거리미확보,건조,맑음,교차로 - 교차로부근,승용,여,64세,상해없음,승용,남,69세,상해없음
2021062100100152,2021년 6월 21일 09시,월요일,광주광역시 북구 용두동,경상사고,0,0,1,0,차대차 - 기타,안전거리미확보,건조,맑음,단일로 - 기타,승용,여,63세,상해없음,승용,남,29세,상해없음
2021062100100261,2021년 6월 21일 12시,월요일,광주광역시 남구 백운동,경상사고,0,0,1,0,차대차 - 추돌,안전운전불이행,건조,맑음,단일로 - 기타,건설기계,남,59세,상해없음,이륜,남,33세,경상
2021062100100285,2021년 6월 21일 13시,월요일,광주광역시 서구 매월동,경상사고,0,0,1,0,차대차 - 추돌,안전운전불이행,건조,맑음,교차로 - 교차로부근,승용,남,39세,상해없음,승용,여,45세,경상
2021062100100325,2021년 6월 21일 14시,월요일,광주광역시 북구 중흥동,경상사고,0,0,1,0,차대사람 - 횡단중,신호위반,건조,맑음,교차로 - 교차로안,승용,남,77세,기타불명,보행자,여,61세,경상
2021062100100373,2021년 6월 21일 15시,월요일,광주광역시 남구 양림동,경상사고,0,0,1,0,차대차 - 추돌,안전운전불이행,건조,맑음,단일로 - 교량,승용,남,72세,상해없음,이륜,남,30세,경상
2021062100100478,2021년 6월 21일 17시,월요일,광주광역시 서구 농성동,경상사고,0,0,1,0,차대차 - 기타,안전운전불이행,건조,맑음,교차로 - 교차로안,화물,남,45세,기타불명,승용,남,62세,경상
2021062100100479,2021년 6월 21일 17시,월요일,광주광역시 북구 풍향동,경상사고,0,0,4,0,차대차 - 측면충돌,교차로운행방법위반,건조,맑음,교차로 - 교차로안,승용,남,67세,경상,승용,여,59세,경상
2021062100100480,2021년 6월 21일 17시,월요일,광주광역시 광산구 운수동,경상사고,0,0,4,0,차대차 - 측면충돌,안전운전불이행,건조,맑음,단일로 - 기타,승용,남,21세,기타불명,화물,남,59세,경상
2021062100100525,2021년 6월 21일 18시,월요일,광주광역시 남구 백운동,경상사고,0,0,5,0,차량단독 - 공작물충돌,안전운전불이행,건조,맑음,단일로 - 기타,승합,남,54세,상해없음,,,,
2021062100100642,2021년 6월 21일 22시,월요일,광주광역시 서구 유촌동,경상사고,0,0,3,0,차대차 - 측면충돌,신호위반,건조,맑음,교차로 - 교차로안,승용,여,26세,상해없음,승용,남,59세,경상
2021062100100643,2021년 6월 21일 22시,월요일,광주광역시 서구 금호동,부상신고사고,0,0,0,1,차대차 - 측면충돌,안전운전불이행,건조,맑음,단일로 - 기타,자전거,남,50세,부상신고,개인형이동수단(PM),기타불명,미분류,기타불명
2021062200100007,2021년 6월 22일 00시,화요일,광주광역시 서구 화정동,경상사고,0,0,3,0,차대차 - 추돌,안전운전불이행,건조,맑음,단일로 - 기타,승용,남,60세,상해없음,승용,남,49세,경상
2021062200100017,2021년 6월 22일 01시,화요일,광주광역시 광산구 장덕동,경상사고,0,0,1,1,차대차 - 추돌,안전운전불이행,건조,맑음,단일로 - 기타,승용,남,39세,부상신고,승용,남,51세,경상
2021062200100030,2021년 6월 22일 05시,화요일,광주광역시 북구 운암동,경상사고,0,0,1,0,차대차 - 측면충돌,중앙선침범,건조,맑음,단일로 - 기타,승용,남,47세,상해없음,승용,남,63세,경상
2021062200100065,2021년 6월 22일 07시,화요일,광주광역시 북구 신용동,경상사고,0,0,2,0,차대차 - 기타,차로위반,건조,맑음,단일로 - 기타,승용,여,30세,경상,승용,남,39세,경상
2021062200100109,2021년 6월 22일 08시,화요일,광주광역시 북구 운암동,경상사고,0,0,1,0,차대차 - 측면충돌,신호위반,건조,맑음,교차로 - 교차로안,승용,여,57세,상해없음,승용,여,40세,경상
2021062200100110,2021년 6월 22일 08시,화요일,광주광역시 광산구 월계동,경상사고,0,0,3,0,차대차 - 기타,안전거리미확보,건조,맑음,단일로 - 기타,기타불명,기타불명,미분류,기타불명,승용,남,62세,경상
2021062200100144,2021년 6월 22일 09시,화요일,광주광역시 북구 두암동,중상사고,0,1,0,0,차대차 - 측면충돌,교차로운행방법위반,건조,맑음,교차로 - 교차로안,승용,여,63세,기타불명,승용,여,59세,중상
2021062200100145,2021년 6월 22일 09시,화요일,광주광역시 광산구 선암동,경상사고,0,0,2,0,차대차 - 측면충돌,안전거리미확보,건조,맑음,교차로 - 교차로부근,승용,남,56세,상해없음,화물,남,50세,경상
2021062200100177,2021년 6월 22일 10시,화요일,광주광역시 남구 월산동,경상사고,0,0,1,0,차대차 - 추돌,안전운전불이행,건조,맑음,교차로 - 교차로부근,승용,남,39세,상해없음,승용,남,36세,경상
2021062200100251,2021년 6월 22일 12시,화요일,광주광역시 서구 치평동,경상사고,0,0,1,0,차대차 - 기타,안전운전불이행,건조,맑음,단일로 - 기타,승용,남,54세,상해없음,승용,남,42세,경상
2021062200100252,2021년 6월 22일 12시,화요일,광주광역시 북구 운암동,경상사고,0,0,1,0,차대사람 - 차도통행중,안전운전불이행,건조,맑음,단일로 - 기타,승용,남,24세,기타불명,보행자,남,17세,경상
2021062200100319,2021년 6월 22일 14시,화요일,광주광역시 동구 동명동,경상사고,0,0,2,0,차대차 - 측면충돌,안전운전불이행,건조,맑음,교차로 - 교차로안,승용,남,36세,기타불명,승용,여,43세,경상
2021062200100320,2021년 6월 22일 14시,화요일,광주광역시 광산구 우산동,중상사고,0,1,0,0,차대사람 - 기타,안전운전불이행,건조,맑음,단일로 - 기타,승용,남,68세,기타불명,보행자,여,65세,중상
2021062200100390,2021년 6월 22일 16시,화요일,광주광역시 동구 내남동,경상사고,0,0,1,0,차대차 - 추돌,안전거리미확보,건조,맑음,단일로 - 기타,화물,남,47세,상해없음,승용,여,41세,경상
2021062200100391,2021년 6월 22일 16시,화요일,광주광역시 북구 용전동,경상사고,0,0,4,0,차대차 - 측면충돌,안전운전불이행,건조,맑음,교차로 - 교차로안,승용,여,28세,경상,승용,여,27세,경상
2021062200100392,2021년 6월 22일 16시,화요일,광주광역시 광산구 운수동,중상사고,0,2,0,0,차대사람 - 차도통행중,안전운전불이행,건조,맑음,단일로 - 기타,자전거,남,17세,중상,보행자,남,47세,중상
2021062200100393,2021년 6월 22일 16시,화요일,광주광역시 광산구 월계동,경상사고,0,0,1,0,차대차 - 후진중충돌,안전운전불이행,건조,맑음,단일로 - 기타,승용,여,33세,상해없음,승용,여,22세,경상
2021062200100463,2021년 6월 22일 18시,화요일,광주광역시 광산구 신촌동,경상사고,0,0,1,0,차대사람 - 기타,안전운전불이행,건조,맑음,기타 - 기타,화물,남,53세,상해없음,보행자,남,29세,경상
2021062200100464,2021년 6월 22일 18시,화요일,광주광역시 광산구 송정동,경상사고,0,0,3,0,차대차 - 측면충돌,교차로운행방법위반,건조,맑음,교차로 - 교차로안,승용,남,22세,경상,화물,남,63세,상해없음
2021062200100465,2021년 6월 22일 18시,화요일,광주광역시 광산구 소촌동,경상사고,0,0,1,0,차대차 - 기타,안전운전불이행,건조,맑음,단일로 - 기타,화물,남,63세,상해없음,승용,남,48세,경상
2021062200100489,2021년 6월 22일 19시,화요일,광주광역시 북구 신안동,중상사고,0,1,3,0,차대차 - 기타,교차로운행방법위반,건조,맑음,교차로 - 교차로안,승용,남,30세,경상,승용,여,34세,중상
2021062200100569,2021년 6월 22일 22시,화요일,광주광역시 남구 월산동,경상사고,0,0,1,0,차대차 - 측면충돌,안전거리미확보,건조,맑음,교차로 - 교차로부근,승용,남,74세,상해없음,이륜,남,18세,경상
2021062300100012,2021년 6월 23일 00시,수요일,광주광역시 북구 용봉동,경상사고,0,0,1,0,차대차 - 추돌,안전운전불이행,건조,맑음,단일로 - 기타,승용,남,35세,상해없음,승용,남,32세,경상
2021062300100061,2021년 6월 23일 07시,수요일,광주광역시 동구 계림동,경상사고,0,0,1,0,차대차 - 측면충돌,안전운전불이행,건조,맑음,교차로 - 교차로부근,화물,남,64세,상해없음,자전거,남,65세,경상
2021062300100062,2021년 6월 23일 07시,수요일,광주광역시 광산구 송정동,경상사고,0,0,2,0,차대차 - 측면충돌,안전운전불이행,건조,맑음,단일로 - 기타,승용,남,60세,상해없음,승용,여,51세,경상
2021062300100090,2021년 6월 23일 08시,수요일,광주광역시 동구 서석동,경상사고,0,0,1,0,차대차 - 추돌,안전거리미확보,건조,맑음,단일로 - 기타,승용,여,43세,상해없음,승용,남,23세,경상
2021062300100091,2021년 6월 23일 08시,수요일,광주광역시 광산구 송정동,경상사고,0,0,1,0,차대사람 - 기타,안전운전불이행,건조,맑음,단일로 - 기타,화물,남,46세,상해없음,보행자,여,69세,경상
2021062300100092,2021년 6월 23일 08시,수요일,광주광역시 광산구 수완동,경상사고,0,0,2,0,차대차 - 기타,안전운전불이행,건조,맑음,교차로 - 교차로안,승용,남,43세,경상,승용,남,30세,경상
2021062300100115,2021년 6월 23일 09시,수요일,광주광역시 광산구 월곡동,경상사고,0,0,1,0,차대사람 - 횡단중,보행자보호의무위반,건조,맑음,교차로 - 교차로안,승용,남,26세,상해없음,보행자,여,60세,경상
2021062300100116,2021년 6월 23일 09시,수요일,광주광역시 광산구 수완동,경상사고,0,0,1,0,차대차 - 정면충돌,안전운전불이행,건조,맑음,단일로 - 기타,승용,여,29세,상해없음,승용,여,55세,경상
2021062300100146,2021년 6월 23일 10시,수요일,광주광역시 북구 용봉동,경상사고,0,0,2,0,차대차 - 기타,안전운전불이행,건조,맑음,단일로 - 기타,이륜,남,36세,경상,승용,남,37세,경상
2021062300100206,2021년 6월 23일 12시,수요일,광주광역시 북구 본촌동,부상신고사고,0,0,0,1,차대차 - 기타,차로위반,건조,맑음,단일로 - 기타,승용,남,71세,상해없음,승용,남,31세,부상신고
2021062300100236,2021년 6월 23일 13시,수요일,광주광역시 북구 임동,중상사고,0,1,0,0,차대차 - 기타,기타,건조,맑음,단일로 - 기타,승용,남,48세,상해없음,자전거,남,90세,중상
2021062300100262,2021년 6월 23일 14시,수요일,광주광역시 북구 연제동,경상사고,0,0,1,0,차대사람 - 횡단중,신호위반,젖음/습기,비,교차로 - 교차로횡단보도내,이륜,남,52세,상해없음,보행자,남,8세,경상
2021062300100295,2021년 6월 23일 15시,수요일,광주광역시 서구 광천동,중상사고,0,1,0,0,차대차 - 기타,신호위반,건조,맑음,단일로 - 기타,승용,남,72세,상해없음,자전거,남,37세,중상
2021062300100339,2021년 6월 23일 16시,수요일,광주광역시 남구 진월동,부상신고사고,0,0,0,1,차대차 - 측면충돌,안전거리미확보,건조,맑음,단일로 - 기타,승용,여,61세,상해없음,승용,남,53세,부상신고
2021062300100340,2021년 6월 23일 16시,수요일,광주광역시 북구 운암동,경상사고,0,0,1,0,차대차 - 측면충돌,안전운전불이행,건조,맑음,단일로 - 기타,승용,남,46세,기타불명,이륜,남,37세,경상
2021062300100341,2021년 6월 23일 16시,수요일,광주광역시 광산구 운남동,경상사고,0,0,1,0,차대사람 - 기타,안전운전불이행,건조,맑음,단일로 - 기타,승용,남,79세,상해없음,보행자,여,19세,경상
2021062300100380,2021년 6월 23일 17시,수요일,광주광역시 서구 화정동,경상사고,0,0,3,0,차대차 - 기타,안전운전불이행,건조,맑음,기타 - 기타,승용,남,54세,경상,승용,남,61세,경상
2021062300100418,2021년 6월 23일 18시,수요일,광주광역시 남구 월산동,경상사고,0,0,1,0,차대사람 - 기타,안전운전불이행,건조,맑음,단일로 - 기타,승합,남,47세,상해없음,보행자,여,71세,경상
2021062300100447,2021년 6월 23일 19시,수요일,광주광역시 광산구 수완동,경상사고,0,0,1,0,차대사람 - 기타,안전운전불이행,건조,맑음,단일로 - 기타,승합,남,60세,상해없음,보행자,여,52세,경상
2021062300100472,2021년 6월 23일 20시,수요일,광주광역시 남구 주월동,경상사고,0,0,1,0,차대사람 - 기타,안전운전불이행,건조,맑음,단일로 - 기타,승용,여,32세,상해없음,보행자,남,61세,경상
2021062300100473,2021년 6월 23일 20시,수요일,광주광역시 북구 신용동,중상사고,0,1,0,0,차대사람 - 횡단중,보행자보호의무위반,건조,맑음,교차로 - 교차로횡단보도내,승용,여,46세,상해없음,보행자,여,20세,중상
2021062300100474,2021년 6월 23일 20시,수요일,광주광역시 광산구 신창동,중상사고,0,1,0,0,차대사람 - 기타,신호위반,건조,맑음,교차로 - 교차로안,승용,남,63세,상해없음,보행자,남,53세,중상
2021062300100564,2021년 6월 23일 23시,수요일,광주광역시 북구 오치동,경상사고,0,0,1,0,차대차 - 기타,안전운전불이행,건조,맑음,교차로 - 교차로안,승용,남,63세,상해없음,이륜,남,41세,경상
2021062300100565,2021년 6월 23일 23시,수요일,광주광역시 광산구 월계동,경상사고,0,0,1,0,차대차 - 기타,안전운전불이행,건조,맑음,교차로 - 교차로안,화물,남,54세,상해없음,원동기,남,45세,경상
2021062400100010,2021년 6월 24일 00시,목요일,광주광역시 광산구 수완동,경상사고,0,0,1,0,차대차 - 추돌,안전운전불이행,건조,맑음,교차로 - 교차로안,승용,남,24세,상해없음,승용,남,36세,경상
2021062400100053,2021년 6월 24일 06시,목요일,광주광역시 광산구 용봉동,중상사고,0,1,0,0,차대사람 - 기타,안전운전불이행,건조,맑음,단일로 - 기타,화물,남,71세,상해없음,보행자,여,85세,중상
2021062400100121,2021년 6월 24일 08시,목요일,광주광역시 남구 주월동,경상사고,0,0,2,0,차대차 - 추돌,안전운전불이행,건조,맑음,단일로 - 기타,승용,남,27세,상해없음,승용,여,50세,경상
2021062400100122,2021년 6월 24일 08시,목요일,광주광역시 북구 오치동,경상사고,0,0,1,0,차대차 - 측면충돌,교차로운행방법위반,건조,맑음,교차로 - 교차로안,승용,여,36세,상해없음,승용,남,23세,경상
2021062400100123,2021년 6월 24일 08시,목요일,광주광역시 광산구 도산동,경상사고,0,0,1,0,차대차 - 측면충돌,안전거리미확보,건조,맑음,단일로 - 기타,화물,남,39세,상해없음,승용,여,34세,경상
2021062400100193,2021년 6월 24일 10시,목요일,광주광역시 남구 백운동,중상사고,0,1,3,0,차대차 - 추돌,안전운전불이행,건조,맑음,단일로 - 기타,승용,여,62세,상해없음,승용,남,50세,경상
2021062400100264,2021년 6월 24일 12시,목요일,광주광역시 동구 금남로5가,경상사고,0,0,1,0,차대사람 - 차도통행중,신호위반,건조,맑음,단일로 - 기타,이륜,남,40세,상해없음,보행자,여,57세,경상
2021062400100265,2021년 6월 24일 12시,목요일,광주광역시 동구 소태동,경상사고,0,0,4,0,차대차 - 측면충돌,안전거리미확보,건조,맑음,단일로 - 기타,승용,여,61세,경상,승용,남,40세,경상
2021062400100266,2021년 6월 24일 12시,목요일,광주광역시 광산구 옥동,경상사고,0,0,1,0,차대차 - 측면충돌,교차로운행방법위반,건조,맑음,교차로 - 교차로안,화물,남,61세,상해없음,화물,여,53세,경상
2021062400100298,2021년 6월 24일 13시,목요일,광주광역시 광산구 소촌동,경상사고,0,0,2,0,차대차 - 측면충돌,교차로운행방법위반,건조,맑음,교차로 - 교차로안,승용,여,41세,상해없음,승용,남,64세,경상
2021062400100378,2021년 6월 24일 15시,목요일,광주광역시 북구 신용동,경상사고,0,0,1,0,차대차 - 기타,안전운전불이행,건조,맑음,단일로 - 기타,승용,남,53세,상해없음,자전거,남,9세,경상
2021062400100379,2021년 6월 24일 15시,목요일,광주광역시 광산구 쌍암동,경상사고,0,0,1,0,차대차 - 측면충돌,안전운전불이행,건조,맑음,단일로 - 기타,승용,남,71세,상해없음,승용,여,43세,경상
2021062400100380,2021년 6월 24일 15시,목요일,광주광역시 광산구 장덕동,경상사고,0,0,2,0,차대차 - 측면충돌,교차로운행방법위반,건조,맑음,교차로 - 교차로안,승용,남,50세,경상,승용,남,48세,경상
2021062400100459,2021년 6월 24일 17시,목요일,광주광역시 서구 치평동,경상사고,0,0,1,0,차대차 - 측면충돌,직진우회전진행방해,건조,맑음,교차로 - 교차로안,승용,여,38세,상해없음,승용,남,48세,경상
2021062400100460,2021년 6월 24일 17시,목요일,광주광역시 광산구 운남동,부상신고사고,0,0,0,1,차대차 - 측면충돌,안전운전불이행,건조,맑음,교차로 - 교차로부근,개인형이동수단(PM),여,20세,부상신고,화물,남,73세,상해없음
2021062400100509,2021년 6월 24일 18시,목요일,광주광역시 북구 두암동,경상사고,0,0,3,0,차대차 - 측면충돌,직진우회전진행방해,건조,맑음,교차로 - 교차로안,승용,여,38세,경상,승용,남,56세,경상
2021062400100551,2021년 6월 24일 19시,목요일,광주광역시 서구 쌍촌동,경상사고,0,0,1,0,차대차 - 기타,안전거리미확보,젖음/습기,비,단일로 - 기타,승용,남,64세,상해없음,승용,남,74세,경상
2021062400100605,2021년 6월 24일 21시,목요일,광주광역시 서구 동천동,중상사고,0,1,0,0,차대사람 - 기타,안전운전불이행,건조,맑음,단일로 - 기타,승용,남,26세,상해없음,보행자,남,50세,중상
2021062400100606,2021년 6월 24일 21시,목요일,광주광역시 서구 광천동,경상사고,0,0,3,0,차대차 - 측면충돌,안전거리미확보,건조,맑음,교차로 - 교차로부근,승용,남,21세,상해없음,화물,남,56세,경상
2021062400100607,2021년 6월 24일 21시,목요일,광주광역시 광산구 우산동,경상사고,0,0,1,0,차량단독 - 전도전복 - 전도,안전운전불이행,건조,맑음,교차로 - 교차로부근,이륜,남,72세,경상,,,,
2021062400100608,2021년 6월 24일 21시,목요일,광주광역시 광산구 장덕동,경상사고,0,0,1,1,차대차 - 추돌,안전거리미확보,건조,맑음,단일로 - 기타,이륜,남,19세,부상신고,화물,남,50세,경상
2021062400100645,2021년 6월 24일 22시,목요일,광주광역시 서구 쌍촌동,경상사고,0,0,1,0,차대차 - 측면충돌,안전운전불이행,건조,맑음,단일로 - 기타,개인형이동수단(PM),남,31세,경상,승용,남,37세,기타불명
2021062400100646,2021년 6월 24일 22시,목요일,광주광역시 광산구 월계동,경상사고,0,0,1,0,차대차 - 기타,안전운전불이행,건조,맑음,교차로 - 교차로횡단보도내,승용,남,58세,상해없음,개인형이동수단(PM),남,30세,경상
2021062400100672,2021년 6월 24일 23시,목요일,광주광역시 서구 유촌동,경상사고,0,0,2,0,차대차 - 기타,신호위반,건조,맑음,교차로 - 교차로안,승용,남,38세,상해없음,승용,여,37세,경상
2021062500100027,2021년 6월 25일 04시,금요일,광주광역시 동구 동명동,경상사고,0,0,1,0,차량단독 - 기타,안전운전불이행,건조,맑음,단일로 - 기타,이륜,남,25세,경상,,,,
2021062500100071,2021년 6월 25일 07시,금요일,광주광역시 북구 문흥동,중상사고,0,1,0,1,차대차 - 기타,신호위반,건조,맑음,교차로 - 교차로안,승용,남,19세,부상신고,화물,남,42세,중상
2021062500100110,2021년 6월 25일 08시,금요일,광주광역시 광산구 흑석동,경상사고,0,0,1,0,차대사람 - 기타,안전운전불이행,건조,맑음,단일로 - 기타,승용,여,48세,상해없음,보행자,여,17세,경상
2021062500100186,2021년 6월 25일 10시,금요일,광주광역시 북구 우산동,경상사고,0,0,2,0,차대차 - 추돌,안전운전불이행,건조,맑음,단일로 - 기타,승용,여,60세,상해없음,승용,남,60세,경상
2021062500100187,2021년 6월 25일 10시,금요일,광주광역시 북구 각화동,경상사고,0,0,1,0,차대차 - 측면충돌,안전거리미확보,건조,맑음,단일로 - 기타,승용,남,74세,상해없음,승용,남,33세,경상
2021062500100215,2021년 6월 25일 11시,금요일,광주광역시 동구 금남로5가,경상사고,0,0,1,0,차대차 - 측면충돌,신호위반,건조,맑음,교차로 - 교차로안,승용,여,42세,상해없음,승용,여,37세,경상
2021062500100252,2021년 6월 25일 12시,금요일,광주광역시 남구 진월동,중상사고,0,1,0,0,차대사람 - 기타,안전운전불이행,건조,맑음,기타 - 기타,승용,남,60세,상해없음,보행자,남,64세,중상
2021062500100253,2021년 6월 25일 12시,금요일,광주광역시 북구 신용동,경상사고,0,0,2,0,차대차 - 측면충돌,안전운전불이행,건조,맑음,교차로 - 교차로안,승용,여,24세,상해없음,승용,남,40세,경상
2021062500100254,2021년 6월 25일 12시,금요일,광주광역시 북구 운암동,경상사고,0,0,1,0,차대차 - 기타,차로위반,건조,맑음,단일로 - 기타,승용,여,27세,상해없음,화물,남,33세,경상
2021062500100285,2021년 6월 25일 13시,금요일,광주광역시 서구 농성동,경상사고,0,0,1,0,차대차 - 측면충돌,안전운전불이행,건조,맑음,단일로 - 기타,이륜,남,18세,상해없음,승용,여,53세,경상
2021062500100286,2021년 6월 25일 13시,금요일,광주광역시 광산구 선암동,중상사고,0,1,0,0,차대사람 - 횡단중,안전운전불이행,건조,맑음,단일로 - 기타,화물,남,44세,기타불명,보행자,남,9세,중상
2021062500100332,2021년 6월 25일 14시,금요일,광주광역시 서구 금호동,경상사고,0,0,1,0,차대차 - 추돌,안전운전불이행,건조,맑음,교차로 - 교차로부근,승합,남,64세,상해없음,승용,여,47세,경상