사고번호,사고일시,요일,시군구,사고내용,사망자수,중상자수,경상자수,부상신고자수,사고유형,법규위반,노면상태,기상상태,도로형태,가해운전자 차종,가해운전자 성별,가해운전자 연령,가해운전자 상해정도,피해운전자 차종,피해운전자 성별,피해운전자 연령,피해운전자 상해정도
2021062500100333,2021년 6월 25일 14시,금요일,광주광역시 서구 동천동,경상사고,0,0,1,0,차대차 - 측면충돌,안전거리미확보,건조,맑음,교차로 - 교차로부근,승용,여,47세,상해없음,승용,남,36세,경상
2021062500100423,2021년 6월 25일 16시,금요일,광주광역시 서구 쌍촌동,경상사고,0,0,2,0,차대차 - 측면충돌,교차로운행방법위반,건조,맑음,교차로 - 교차로안,승용,남,61세,경상,승용,남,60세,상해없음
2021062500100577,2021년 6월 25일 19시,금요일,광주광역시 동구 산수동,경상사고,0,0,1,0,차대차 - 기타,안전거리미확보,건조,맑음,단일로 - 기타,승용,여,58세,상해없음,승용,남,70세,경상
2021062500100578,2021년 6월 25일 19시,금요일,광주광역시 북구 신안동,경상사고,0,0,1,0,차대차 - 측면충돌,교차로운행방법위반,건조,맑음,교차로 - 교차로안,승용,남,29세,상해없음,승용,여,57세,경상
2021062500100607,2021년 6월 25일 20시,금요일,광주광역시 서구 내방동,경상사고,0,0,1,0,차대차 - 측면충돌,교차로운행방법위반,건조,맑음,교차로 - 교차로안,승용,남,60세,상해없음,이륜,남,53세,경상
2021062500100608,2021년 6월 25일 20시,금요일,광주광역시 광산구 월계동,중상사고,0,1,0,0,차대차 - 기타,신호위반,젖음/습기,비,단일로 - 기타,이륜,남,31세,상해없음,개인형이동수단(PM),남,14세,중상
2021062500100643,2021년 6월 25일 21시,금요일,광주광역시 서구 치평동,중상사고,0,1,0,0,차대차 - 측면충돌,안전거리미확보,건조,맑음,교차로 - 교차로부근,기타불명,기타불명,미분류,기타불명,이륜,남,25세,중상
2021062500100644,2021년 6월 25일 21시,금요일,광주광역시 서구 치평동,경상사고,0,0,3,0,차대차 - 기타,직진우회전진행방해,건조,맑음,교차로 - 교차로안,승용,남,31세,경상,승용,여,26세,경상
2021062500100645,2021년 6월 25일 21시,금요일,광주광역시 서구 치평동,경상사고,0,0,1,0,차대차 - 측면충돌,안전운전불이행,건조,맑음,교차로 - 교차로안,승용,남,58세,상해없음,승용,남,63세,경상
2021062500100646,2021년 6월 25일 21시,금요일,광주광역시 북구 용봉동,경상사고,0,0,1,0,차대사람 - 기타,안전운전불이행,젖음/습기,비,단일로 - 기타,승용,여,21세,상해없음,보행자,남,40세,경상
2021062500100647,2021년 6월 25일 21시,금요일,광주광역시 광산구 쌍암동,중상사고,0,1,0,0,차대사람 - 횡단중,신호위반,건조,맑음,교차로 - 교차로안,승용,여,51세,상해없음,보행자,남,5세,중상
2021062500100648,2021년 6월 25일 21시,금요일,광주광역시 광산구 비아동,중상사고,0,1,0,0,차대차 - 기타,안전운전불이행,젖음/습기,흐림,단일로 - 기타,승용,남,38세,상해없음,이륜,여,37세,중상
2021062600100022,2021년 6월 26일 00시,토요일,광주광역시 광산구 신창동,경상사고,0,0,2,0,차대차 - 추돌,안전운전불이행,건조,맑음,교차로 - 교차로부근,승용,남,29세,상해없음,승용,남,53세,경상
2021062600100041,2021년 6월 26일 01시,토요일,광주광역시 서구 화정동,경상사고,0,0,3,0,차대차 - 추돌,안전운전불이행,건조,맑음,교차로 - 교차로부근,이륜,남,21세,경상,승용,남,40세,경상
2021062600100042,2021년 6월 26일 01시,토요일,광주광역시 서구 풍암동,경상사고,0,0,1,0,차대차 - 측면충돌,안전운전불이행,건조,흐림,단일로 - 기타,승용,남,23세,상해없음,승용,남,54세,경상
2021062600100170,2021년 6월 26일 10시,토요일,광주광역시 북구 매곡동,중상사고,0,1,0,0,차대사람 - 기타,안전운전불이행,건조,맑음,단일로 - 기타,화물,남,55세,기타불명,보행자,남,82세,중상
2021062600100171,2021년 6월 26일 10시,토요일,광주광역시 북구 연제동,경상사고,0,0,1,0,차대차 - 측면충돌,안전거리미확보,건조,맑음,단일로 - 기타,승용,남,68세,상해없음,승용,남,24세,경상
2021062600100172,2021년 6월 26일 10시,토요일,광주광역시 광산구 신가동,경상사고,0,0,2,1,차대차 - 기타,신호위반,건조,맑음,단일로 - 교량,승용,여,26세,부상신고,승용,남,37세,경상
2021062600100203,2021년 6월 26일 11시,토요일,광주광역시 서구 금호동,경상사고,0,0,3,0,차대차 - 측면충돌,직진우회전진행방해,건조,맑음,교차로 - 교차로안,화물,남,56세,상해없음,승용,남,43세,경상
2021062600100245,2021년 6월 26일 12시,토요일,광주광역시 북구 일곡동,경상사고,0,0,1,0,차대차 - 기타,안전운전불이행,건조,맑음,단일로 - 기타,승용,여,39세,상해없음,승용,남,27세,경상
2021062600100246,2021년 6월 26일 12시,토요일,광주광역시 광산구 수완동,경상사고,0,0,4,0,차대차 - 측면충돌,차로위반,건조,맑음,교차로 - 교차로안,승용,여,31세,상해없음,승용,여,33세,경상
2021062600100284,2021년 6월 26일 13시,토요일,광주광역시 동구 월남동,경상사고,0,0,2,0,차대차 - 측면충돌,안전거리미확보,건조,맑음,단일로 - 기타,건설기계,남,59세,상해없음,승용,남,38세,경상
2021062600100285,2021년 6월 26일 13시,토요일,광주광역시 서구 유촌동,경상사고,0,0,1,0,차대차 - 기타,안전운전불이행,건조,맑음,교차로 - 교차로부근,승용,여,52세,상해없음,승용,남,35세,경상
2021062600100286,2021년 6월 26일 13시,토요일,광주광역시 광산구 산월동,경상사고,0,0,1,0,차대차 - 기타,안전운전불이행,건조,맑음,교차로 - 교차로안,원동기,남,41세,경상,건설기계,남,34세,상해없음
2021062600100357,2021년 6월 26일 15시,토요일,광주광역시 서구 치평동,경상사고,0,0,1,0,차대차 - 측면충돌,중앙선침범,건조,맑음,단일로 - 기타,승용,남,22세,상해없음,승용,남,39세,경상
2021062600100358,2021년 6월 26일 15시,토요일,광주광역시 서구 매월동,경상사고,0,0,1,0,차대차 - 추돌,안전운전불이행,건조,맑음,교차로 - 교차로부근,이륜,남,59세,경상,승용,여,51세,상해없음
2021062600100389,2021년 6월 26일 16시,토요일,광주광역시 광산구 수완동,경상사고,0,0,1,0,차대차 - 측면충돌,안전운전불이행,건조,맑음,단일로 - 기타,자전거,남,15세,경상,승용,남,54세,상해없음
2021062600100420,2021년 6월 26일 17시,토요일,광주광역시 서구 농성동,중상사고,0,1,0,0,차대차 - 기타,안전거리미확보,건조,맑음,단일로 - 기타,승용,남,66세,상해없음,이륜,남,57세,중상
2021062600100500,2021년 6월 26일 19시,토요일,광주광역시 남구 행암동,경상사고,0,0,4,0,차대차 - 측면충돌,안전거리미확보,건조,맑음,단일로 - 기타,승용,여,40세,경상,승합,남,60세,상해없음
2021062600100501,2021년 6월 26일 19시,토요일,광주광역시 남구 방림동,경상사고,0,0,1,0,차대차 - 정면충돌,교차로운행방법위반,건조,맑음,교차로 - 교차로안,승용,남,40세,상해없음,승용,여,38세,경상
2021062600100564,2021년 6월 26일 21시,토요일,광주광역시 서구 광천동,경상사고,0,0,1,0,차대차 - 측면충돌,안전거리미확보,건조,맑음,교차로 - 교차로횡단보도내,승용,남,60세,상해없음,승용,남,56세,경상
2021062600100565,2021년 6월 26일 21시,토요일,광주광역시 북구 운암동,중상사고,0,1,0,0,차대차 - 기타,신호위반,건조,맑음,교차로 - 교차로안,승용,남,25세,상해없음,이륜,남,23세,중상
2021062700100018,2021년 6월 27일 00시,일요일,광주광역시 북구 유동,사망사고,1,0,0,0,차대사람 - 기타,안전운전불이행,건조,맑음,단일로 - 기타,승용,남,38세,상해없음,보행자,여,72세,사망
2021062700100052,2021년 6월 27일 03시,일요일,광주광역시 광산구 수완동,중상사고,0,2,0,0,차대사람 - 횡단중,안전운전불이행,건조,맑음,교차로 - 교차로부근,승용,남,26세,기타불명,보행자,남,20세,중상
2021062700100066,2021년 6월 27일 05시,일요일,광주광역시 서구 치평동,중상사고,0,1,1,0,차대차 - 정면충돌,중앙선침범,건조,맑음,교차로 - 교차로부근,승용,남,28세,상해없음,승용,남,56세,중상
2021062700100134,2021년 6월 27일 10시,일요일,광주광역시 광산구 신창동,경상사고,0,0,1,0,차대사람 - 횡단중,신호위반,건조,맑음,교차로 - 교차로부근,승용,여,40세,상해없음,보행자,남,76세,경상
2021062700100223,2021년 6월 27일 13시,일요일,광주광역시 동구 지산동,경상사고,0,0,1,0,차대차 - 측면충돌,안전운전불이행,건조,맑음,단일로 - 기타,승용,남,68세,경상,승용,남,26세,기타불명
2021062700100224,2021년 6월 27일 13시,일요일,광주광역시 북구 각화동,경상사고,0,0,1,0,차대차 - 기타,안전운전불이행,건조,맑음,단일로 - 기타,승용,남,43세,상해없음,이륜,남,41세,경상
2021062700100225,2021년 6월 27일 13시,일요일,광주광역시 북구 삼각동,경상사고,0,0,2,0,차대차 - 후진중충돌,안전운전불이행,건조,맑음,교차로 - 교차로안,승용,남,29세,상해없음,승용,남,61세,상해없음
2021062700100255,2021년 6월 27일 14시,일요일,광주광역시 동구 계림동,경상사고,0,0,1,0,차대차 - 측면충돌,교차로운행방법위반,건조,맑음,교차로 - 교차로안,승용,남,67세,상해없음,승용,여,74세,경상
2021062700100256,2021년 6월 27일 14시,일요일,광주광역시 북구 문흥동,중상사고,0,2,3,0,차대차 - 측면충돌,안전운전불이행,건조,맑음,교차로 - 교차로안,화물,남,75세,경상,승용,여,48세,중상
2021062700100286,2021년 6월 27일 15시,일요일,광주광역시 서구 덕흥동,경상사고,0,0,1,0,차대차 - 측면충돌,교차로운행방법위반,건조,맑음,교차로 - 교차로안,승용,남,44세,상해없음,승용,남,46세,경상
2021062700100312,2021년 6월 27일 16시,일요일,광주광역시 광산구 우산동,경상사고,0,0,1,0,차대차 - 측면충돌,안전운전불이행,건조,맑음,교차로 - 교차로부근,승용,남,64세,상해없음,승용,여,53세,경상
2021062700100396,2021년 6월 27일 18시,일요일,광주광역시 북구 운암동,경상사고,0,0,6,0,차대차 - 측면충돌,안전운전불이행,젖음/습기,비,교차로 - 교차로안,승용,남,19세,경상,승용,남,77세,경상
2021062700100440,2021년 6월 27일 20시,일요일,광주광역시 남구 방림동,경상사고,0,0,1,0,차대차 - 측면충돌,교차로운행방법위반,건조,맑음,교차로 - 교차로안,이륜,남,39세,경상,승용,남,71세,상해없음
2021062700100466,2021년 6월 27일 21시,일요일,광주광역시 광산구 하산동,경상사고,0,0,2,0,차대차 - 추돌,안전운전불이행,건조,맑음,교차로 - 교차로부근,승용,여,42세,상해없음,승용,남,25세,경상
2021062700100486,2021년 6월 27일 22시,일요일,광주광역시 동구 수기동,경상사고,0,0,1,0,차대차 - 측면충돌,신호위반,건조,맑음,교차로 - 교차로안,승용,남,19세,상해없음,승용,여,55세,경상
2021062700100487,2021년 6월 27일 22시,일요일,광주광역시 남구 주월동,경상사고,0,0,1,0,차대차 - 측면충돌,안전거리미확보,건조,맑음,단일로 - 기타,승용,남,42세,상해없음,승합,남,52세,경상
2021062700100488,2021년 6월 27일 22시,일요일,광주광역시 광산구 월계동,중상사고,0,1,0,1,차대차 - 측면충돌,중앙선침범,건조,맑음,교차로 - 교차로안,이륜,남,38세,부상신고,이륜,남,17세,중상
2021062700100505,2021년 6월 27일 23시,일요일,광주광역시 서구 풍암동,경상사고,0,0,1,0,차대사람 - 기타,안전운전불이행,건조,맑음,단일로 - 기타,개인형이동수단(PM),남,20세,상해없음,보행자,남,46세,경상
2021062800100041,2021년 6월 28일 06시,월요일,광주광역시 남구 주월동,경상사고,0,0,1,0,차대차 - 추돌,안전거리미확보,건조,맑음,단일로 - 기타,승용,남,52세,상해없음,승용,남,31세,경상
2021062800100042,2021년 6월 28일 06시,월요일,광주광역시 북구 문흥동,경상사고,0,0,1,0,차량단독 - 공작물충돌,안전운전불이행,건조,맑음,단일로 - 기타,승용,여,65세,경상,,,,
2021062800100115,2021년 6월 28일 08시,월요일,광주광역시 북구 오치동,경상사고,0,0,1,0,차대차 - 기타,신호위반,건조,맑음,교차로 - 교차로안,승용,여,35세,경상,승용,남,42세,상해없음
2021062800100116,2021년 6월 28일 08시,월요일,광주광역시 북구 우산동,경상사고,0,0,1,0,차대차 - 측면충돌,신호위반,건조,맑음,교차로 - 교차로안,이륜,남,61세,기타불명,자전거,남,25세,경상
2021062800100151,2021년 6월 28일 09시,월요일,광주광역시 남구 백운동,경상사고,0,0,1,0,차대차 - 측면충돌,교차로운행방법위반,건조,맑음,교차로 - 교차로안,승용,여,46세,상해없음,승용,여,35세,경상
2021062800100225,2021년 6월 28일 11시,월요일,광주광역시 광산구 도천동,경상사고,0,0,1,1,차대차 - 측면충돌,안전운전불이행,건조,맑음,교차로 - 교차로안,승용,남,22세,부상신고,승용,남,60세,경상
2021062800100255,2021년 6월 28일 12시,월요일,광주광역시 서구 쌍촌동,경상사고,0,0,1,0,차대차 - 측면충돌,교차로운행방법위반,건조,맑음,교차로 - 교차로안,승용,남,53세,상해없음,승용,남,61세,경상
2021062800100256,2021년 6월 28일 12시,월요일,광주광역시 광산구 신창동,중상사고,0,1,0,0,차대차 - 측면충돌,차로위반,건조,맑음,교차로 - 교차로안,승용,남,61세,상해없음,이륜,남,17세,중상
2021062800100302,2021년 6월 28일 13시,월요일,광주광역시 서구 치평동,경상사고,0,0,2,0,차대차 - 측면충돌,안전거리미확보,건조,맑음,교차로 - 교차로부근,화물,남,68세,상해없음,승용,남,30세,경상
2021062800100339,2021년 6월 28일 14시,월요일,광주광역시 서구 화정동,중상사고,0,1,2,0,차대차 - 측면충돌,차로위반,건조,맑음,단일로 - 기타,승용,남,79세,중상,승용,남,39세,경상
2021062800100340,2021년 6월 28일 14시,월요일,광주광역시 서구 매월동,경상사고,0,0,2,0,차대차 - 추돌,안전거리미확보,젖음/습기,흐림,교차로 - 교차로안,승용,남,41세,상해없음,승용,여,52세,경상
2021062800100341,2021년 6월 28일 14시,월요일,광주광역시 북구 중흥동,중상사고,0,1,0,0,차대사람 - 횡단중,보행자보호의무위반,젖음/습기,비,교차로 - 교차로횡단보도내,승용,남,45세,상해없음,보행자,여,41세,중상
2021062800100379,2021년 6월 28일 15시,월요일,광주광역시 서구 농성동,경상사고,0,0,4,0,차대차 - 추돌,안전거리미확보,젖음/습기,비,단일로 - 기타,승용,남,60세,상해없음,승용,남,57세,경상
2021062800100380,2021년 6월 28일 15시,월요일,광주광역시 남구 월산동,중상사고,0,1,0,0,차대사람 - 차도통행중,안전운전불이행,젖음/습기,비,교차로 - 교차로부근,화물,남,72세,상해없음,보행자,남,76세,중상
2021062800100429,2021년 6월 28일 16시,월요일,광주광역시 서구 광천동,중상사고,0,1,0,1,차대차 - 기타,안전거리미확보,젖음/습기,비,교차로 - 교차로부근,기타불명,기타불명,미분류,기타불명,승용,남,49세,상해없음
2021062800100430,2021년 6월 28일 16시,월요일,광주광역시 북구 문흥동,경상사고,0,0,1,0,차대차 - 측면충돌,안전운전불이행,젖음/습기,맑음,단일로 - 기타,승용,남,61세,기타불명,승용,남,38세,경상
2021062800100479,2021년 6월 28일 17시,월요일,광주광역시 북구 오치동,경상사고,0,0,1,0,차대차 - 기타,안전운전불이행,젖음/습기,흐림,교차로 - 교차로안,승용,여,26세,상해없음,이륜,남,24세,경상
2021062800100523,2021년 6월 28일 18시,월요일,광주광역시 광산구 신가동,경상사고,0,0,1,0,차대차 - 추돌,안전거리미확보,건조,맑음,교차로 - 교차로안,승용,남,60세,상해없음,승용,남,39세,경상
2021062800100524,2021년 6월 28일 18시,월요일,광주광역시 광산구 우산동,경상사고,0,0,1,0,차대차 - 추돌,차로위반,건조,맑음,교차로 - 교차로안,건설기계,남,51세,상해없음,승용,남,48세,경상
2021062800100591,2021년 6월 28일 20시,월요일,광주광역시 서구 쌍촌동,경상사고,0,0,2,0,차대차 - 기타,직진우회전진행방해,건조,맑음,교차로 - 교차로안,승용,남,39세,경상,승용,남,63세,경상
2021062800100592,2021년 6월 28일 20시,월요일,광주광역시 북구 연제동,부상신고사고,0,0,0,1,차대차 - 기타,안전운전불이행,건조,맑음,교차로 - 교차로안,이륜,남,19세,부상신고,승용,여,56세,상해없음
2021062800100614,2021년 6월 28일 21시,월요일,광주광역시 광산구 산월동,경상사고,0,0,3,0,차대차 - 추돌,안전운전불이행,건조,맑음,교차로 - 교차로부근,승용,여,43세,상해없음,승용,여,26세,경상
2021062800100615,2021년 6월 28일 21시,월요일,광주광역시 광산구 산월동,경상사고,0,0,1,0,차대차 - 추돌,안전운전불이행,건조,맑음,교차로 - 교차로부근,승용,남,47세,상해없음,승용,남,27세,경상
2021062800100616,2021년 6월 28일 21시,월요일,광주광역시 광산구 월계동,경상사고,0,0,1,0,차대차 - 측면충돌,안전거리미확보,건조,맑음,교차로 - 교차로안,승용,남,19세,상해없음,승용,여,41세,경상
2021062800100640,2021년 6월 28일 22시,월요일,광주광역시 서구 화정동,경상사고,0,0,2,0,차대차 - 측면충돌,중앙선침범,건조,맑음,교차로 - 교차로부근,승용,여,46세,경상,이륜,남,54세,경상
2021062800100655,2021년 6월 28일 23시,월요일,광주광역시 서구 금호동,중상사고,0,1,2,0,차대차 - 기타,신호위반,건조,맑음,교차로 - 교차로안,승용,남,84세,경상,승용,남,48세,중상
2021062800100656,2021년 6월 28일 23시,월요일,광주광역시 서구 쌍촌동,경상사고,0,0,2,0,차대사람 - 횡단중,안전운전불이행,건조,맑음,단일로 - 기타,이륜,남,24세,상해없음,보행자,여,26세,경상
2021062800100657,2021년 6월 28일 23시,월요일,광주광역시 광산구 수완동,경상사고,0,0,3,0,차대차 - 측면충돌,안전거리미확보,건조,맑음,교차로 - 교차로부근,승용,남,34세,경상,승용,남,28세,경상
2021062900100013,2021년 6월 29일 01시,화요일,광주광역시 광산구 흑석동,경상사고,0,0,1,0,차대차 - 측면충돌,신호위반,건조,맑음,교차로 - 교차로안,승용,남,32세,상해없음,승용,여,60세,경상
2021062900100047,2021년 6월 29일 06시,화요일,광주광역시 남구 월산동,경상사고,0,0,1,0,차대차 - 기타,안전운전불이행,건조,맑음,교차로 - 교차로안,이륜,여,51세,경상,승용,남,27세,상해없음
2021062900100048,2021년 6월 29일 06시,화요일,광주광역시 북구 두암동,경상사고,0,0,1,0,차대차 - 측면충돌,직진우회전진행방해,건조,맑음,교차로 - 교차로안,화물,남,64세,상해없음,승용,남,66세,경상
2021062900100049,2021년 6월 29일 06시,화요일,광주광역시 광산구 장덕동,경상사고,0,0,1,0,차대사람 - 횡단중,안전운전불이행,건조,맑음,단일로 - 기타,승용,남,23세,상해없음,보행자,남,9세,경상
2021062900100107,2021년 6월 29일 08시,화요일,광주광역시 서구 쌍촌동,경상사고,0,0,2,0,차대차 - 추돌,중앙선침범,건조,맑음,단일로 - 기타,승용,남,25세,기타불명,승용,남,45세,경상
2021062900100108,2021년 6월 29일 08시,화요일,광주광역시 광산구 신가동,경상사고,0,0,1,0,차대차 - 측면충돌,신호위반,건조,맑음,교차로 - 교차로안,화물,남,42세,상해없음,승용,여,35세,경상
2021062900100171,2021년 6월 29일 10시,화요일,광주광역시 서구 치평동,경상사고,0,0,2,0,차대차 - 측면충돌,안전운전불이행,건조,맑음,교차로 - 교차로부근,승용,남,44세,경상,화물,남,37세,경상
2021062900100233,2021년 6월 29일 12시,화요일,광주광역시 남구 봉선동,경상사고,0,0,1,0,차대차 - 측면충돌,안전운전불이행,건조,맑음,단일로 - 기타,승합,남,61세,상해없음,승용,남,57세,경상
2021062900100234,2021년 6월 29일 12시,화요일,광주광역시 광산구 송정동,경상사고,0,0,1,0,차대차 - 측면충돌,차로위반,건조,맑음,단일로 - 기타,원동기,남,58세,상해없음,승용,여,55세,경상
2021062900100314,2021년 6월 29일 14시,화요일,광주광역시 서구 광천동,중상사고,0,1,0,0,차대사람 - 횡단중,보행자보호의무위반,건조,맑음,교차로 - 교차로횡단보도내,화물,남,38세,상해없음,보행자,여,63세,중상
2021062900100404,2021년 6월 29일 16시,화요일,광주광역시 서구 양동,경상사고,0,0,1,0,차대차 - 추돌,안전운전불이행,건조,맑음,단일로 - 기타,승용,남,62세,상해없음,화물,남,63세,경상
2021062900100458,2021년 6월 29일 17시,화요일,광주광역시 동구 동명동,경상사고,0,0,1,0,차대차 - 후진중충돌,안전운전불이행,건조,맑음,기타 - 기타,승용,여,56세,상해없음,승용,남,30세,경상
2021062900100459,2021년 6월 29일 17시,화요일,광주광역시 서구 치평동,경상사고,0,0,1,0,차대차 - 추돌,안전운전불이행,건조,맑음,단일로 - 교량,승용,남,76세,상해없음,승용,남,34세,경상
2021062900100460,2021년 6월 29일 17시,화요일,광주광역시 광산구 장덕동,경상사고,0,0,1,0,차대차 - 추돌,안전운전불이행,건조,맑음,단일로 - 기타,승용,남,49세,상해없음,승용,남,24세,경상
2021062900100520,2021년 6월 29일 18시,화요일,광주광역시 광산구 운남동,경상사고,0,0,3,0,차대차 - 기타,교차로운행방법위반,건조,맑음,단일로 - 기타,승용,여,24세,경상,화물,남,22세,경상
2021062900100555,2021년 6월 29일 19시,화요일,광주광역시 광산구 신가동,경상사고,0,0,1,0,차대차 - 기타,안전운전불이행,건조,맑음,단일로 - 기타,승용,남,44세,상해없음,개인형이동수단(PM),남,52세,경상
2021062900100609,2021년 6월 29일 21시,화요일,광주광역시 광산구 우산동,경상사고,0,0,1,0,차대사람 - 기타,안전운전불이행,건조,맑음,교차로 - 교차로부근,승용,여,56세,상해없음,보행자,남,51세,경상
2021062900100630,2021년 6월 29일 22시,화요일,광주광역시 북구 중흥동,경상사고,0,0,2,0,차대차 - 측면충돌,안전거리미확보,건조,맑음,단일로 - 기타,승용,남,32세,기타불명,승용,남,24세,경상
2021062900100631,2021년 6월 29일 22시,화요일,광주광역시 광산구 쌍암동,경상사고,0,0,1,1,차대차 - 측면충돌,교차로운행방법위반,건조,맑음,교차로 - 교차로안,승용,남,40세,상해없음,승용,남,19세,경상
2021063000100047,2021년 6월 30일 06시,수요일,광주광역시 서구 치평동,경상사고,0,0,1,0,차대차 - 측면충돌,차로위반,건조,맑음,교차로 - 교차로부근,승용,남,60세,상해없음,승용,남,69세,경상
2021063000100109,2021년 6월 30일 08시,수요일,광주광역시 동구 학동,경상사고,0,0,1,0,차대사람 - 기타,안전운전불이행,건조,맑음,단일로 - 기타,승용,여,51세,상해없음,보행자,남,80세,경상
2021063000100207,2021년 6월 30일 11시,수요일,광주광역시 서구 쌍촌동,경상사고,0,0,1,0,차대차 - 측면충돌,교차로운행방법위반,건조,맑음,교차로 - 교차로안,승용,여,34세,상해없음,승용,남,59세,상해없음
2021063000100286,2021년 6월 30일 13시,수요일,광주광역시 광산구 수완동,경상사고,0,0,1,0,차대차 - 측면충돌,신호위반,건조,맑음,교차로 - 교차로부근,승용,남,59세,기타불명,승용,여,44세,경상
2021063000100323,2021년 6월 30일 14시,수요일,광주광역시 남구 백운동,중상사고,0,1,0,0,차대사람 - 기타,안전운전불이행,건조,맑음,단일로 - 기타,승용,여,31세,상해없음,보행자,남,72세,중상
2021063000100324,2021년 6월 30일 14시,수요일,광주광역시 북구 오치동,경상사고,0,0,1,0,차대차 - 기타,안전운전불이행,건조,맑음,교차로 - 교차로부근,이륜,남,75세,상해없음,승용,남,51세,경상
2021063000100410,2021년 6월 30일 16시,수요일,광주광역시 서구 풍암동,경상사고,0,0,1,0,차대사람 - 횡단중,안전운전불이행,건조,맑음,단일로 - 기타,승합,남,73세,상해없음,보행자,남,8세,경상
2021063000100411,2021년 6월 30일 16시,수요일,광주광역시 남구 행암동,경상사고,0,0,1,0,차대차 - 기타,교차로운행방법위반,건조,맑음,교차로 - 교차로안,승용,남,39세,상해없음,자전거,남,10세,경상
2021063000100412,2021년 6월 30일 16시,수요일,광주광역시 북구 운암동,부상신고사고,0,0,0,1,차대차 - 기타,안전운전불이행,젖음/습기,비,단일로 - 기타,이륜,남,52세,부상신고,승용,남,47세,상해없음
2021063000100413,2021년 6월 30일 16시,수요일,광주광역시 광산구 월곡동,경상사고,0,0,2,0,차대차 - 기타,신호위반,건조,맑음,교차로 - 교차로안,승용,남,40세,경상,이륜,남,23세,경상
2021063000100457,2021년 6월 30일 17시,수요일,광주광역시 서구 쌍촌동,경상사고,0,0,4,0,차대차 - 측면충돌,안전거리미확보,건조,맑음,교차로 - 교차로안,승용,남,62세,상해없음,승용,남,22세,경상
2021063000100533,2021년 6월 30일 19시,수요일,광주광역시 광산구 월계동,중상사고,0,1,0,0,차대차 - 측면충돌,중앙선침범,건조,맑음,단일로 - 기타,승용,남,30세,상해없음,이륜,남,36세,중상
2021063000100569,2021년 6월 30일 20시,수요일,광주광역시 북구 연제동,경상사고,0,0,1,0,차대차 - 기타,신호위반,건조,흐림,교차로 - 교차로횡단보도내,승용,남,55세,상해없음,개인형이동수단(PM),남,23세,경상
2021063000100615,2021년 6월 30일 22시,수요일,광주광역시 서구 광천동,경상사고,0,0,1,0,차대차 - 측면충돌,안전운전불이행,건조,맑음,교차로 - 교차로안,화물,남,52세,상해없음,화물,남,25세,경상
2021063000100616,2021년 6월 30일 22시,수요일,광주광역시 광산구 쌍암동,중상사고,0,1,0,0,차대차 - 정면충돌,안전거리미확보,건조,맑음,단일로 - 기타,승용,남,25세,상해없음,이륜,남,16세,중상
2021070100100007,2021년 7월 1일 00시,목요일,광주광역시 서구 치평동,중상사고,0,1,1,0,차대차 - 측면충돌,안전운전불이행,건조,맑음,교차로 - 교차로부근,승용,남,44세,상해없음,이륜,남,26세,중상
2021070100100019,2021년 7월 1일 03시,목요일,광주광역시 북구 운암동,경상사고,0,0,1,0,차대차 - 추돌,안전운전불이행,건조,맑음,단일로 - 기타,승용,여,39세,경상,승용,남,32세,기타불명
2021070100100114,2021년 7월 1일 08시,목요일,광주광역시 북구 양산동,경상사고,0,0,3,0,차대차 - 측면충돌,신호위반,건조,맑음,교차로 - 교차로안,승용,남,33세,경상,승용,남,23세,경상
2021070100100142,2021년 7월 1일 09시,목요일,광주광역시 남구 월산동,경상사고,0,0,1,0,차대차 - 기타,안전운전불이행,건조,맑음,단일로 - 기타,승용,남,50세,상해없음,개인형이동수단(PM),남,38세,경상
2021070100100143,2021년 7월 1일 09시,목요일,광주광역시 광산구 월계동,경상사고,0,0,1,0,차대차 - 추돌,안전거리미확보,건조,맑음,교차로 - 교차로안,승용,남,74세,상해없음,승용,남,40세,경상
2021070100100144,2021년 7월 1일 09시,목요일,광주광역시 광산구 고룡동,경상사고,0,0,3,0,차대차 - 측면충돌,직진우회전진행방해,건조,맑음,교차로 - 교차로안,승용,남,65세,경상,화물,남,37세,경상
2021070100100145,2021년 7월 1일 09시,목요일,광주광역시 광산구 우산동,경상사고,0,0,1,0,차량단독 - 공작물충돌,안전운전불이행,건조,맑음,단일로 - 기타,화물,남,64세,경상,,,,
2021070100100208,2021년 7월 1일 11시,목요일,광주광역시 북구 중흥동,경상사고,0,0,2,0,차대차 - 기타,교차로운행방법위반,건조,맑음,교차로 - 교차로안,승용,남,75세,상해없음,승합,남,55세,경상
2021070100100209,2021년 7월 1일 11시,목요일,광주광역시 광산구 운수동,경상사고,0,0,1,0,차대차 - 측면충돌,신호위반,건조,맑음,단일로 - 기타,승용,남,52세,상해없음,승용,여,53세,경상
2021070100100282,2021년 7월 1일 13시,목요일,광주광역시 서구 마륵동,경상사고,0,0,1,0,차대차 - 측면충돌,안전운전불이행,건조,맑음,단일로 - 기타,승용,남,46세,상해없음,승용,여,47세,경상
2021070100100283,2021년 7월 1일 13시,목요일,광주광역시 북구 중흥동,경상사고,0,0,2,0,차대차 - 기타,안전운전불이행,건조,맑음,교차로 - 교차로안,승용,남,75세,상해없음,승용,남,29세,경상