사고번호,사고일시,요일,시군구,사고내용,사망자수,중상자수,경상자수,부상신고자수,사고유형,법규위반,노면상태,기상상태,도로형태,가해운전자 차종,가해운전자 성별,가해운전자 연령,가해운전자 상해정도,피해운전자 차종,피해운전자 성별,피해운전자 연령,피해운전자 상해정도
2021071100100359,2021년 7월 11일 20시,일요일,광주광역시 북구 신안동,경상사고,0,0,2,0,차대차 - 추돌,차로위반,건조,맑음,단일로 - 기타,승용,여,59세,경상,승용,남,60세,상해없음
2021071100100360,2021년 7월 11일 20시,일요일,광주광역시 광산구 운남동,경상사고,0,0,1,0,차대차 - 정면충돌,중앙선침범,건조,맑음,단일로 - 기타,승용,남,63세,상해없음,이륜,남,23세,경상
2021071100100400,2021년 7월 11일 22시,일요일,광주광역시 북구 중흥동,경상사고,0,0,2,0,차대차 - 측면충돌,안전운전불이행,건조,맑음,교차로 - 교차로안,화물,남,57세,상해없음,승용,남,27세,경상
2021071100100413,2021년 7월 11일 23시,일요일,광주광역시 서구 쌍촌동,중상사고,0,1,0,0,차대차 - 추돌,안전운전불이행,건조,맑음,단일로 - 기타,승용,남,25세,상해없음,개인형이동수단(PM),여,25세,중상
2021071200100006,2021년 7월 12일 00시,월요일,광주광역시 동구 계림동,경상사고,0,0,1,0,차대차 - 측면충돌,안전운전불이행,건조,맑음,단일로 - 기타,승용,여,29세,상해없음,이륜,남,17세,경상
2021071200100082,2021년 7월 12일 08시,월요일,광주광역시 동구 장동,경상사고,0,0,1,0,차대차 - 추돌,안전거리미확보,건조,맑음,단일로 - 기타,승용,여,31세,상해없음,승용,여,44세,경상
2021071200100111,2021년 7월 12일 09시,월요일,광주광역시 광산구 장덕동,중상사고,0,1,0,0,차대차 - 기타,안전운전불이행,건조,맑음,단일로 - 기타,자전거,여,59세,중상,승용,남,34세,상해없음
2021071200100170,2021년 7월 12일 11시,월요일,광주광역시 서구 치평동,경상사고,0,0,1,0,차대차 - 추돌,안전운전불이행,건조,맑음,교차로 - 교차로부근,승용,남,64세,상해없음,승용,여,70세,경상
2021071200100283,2021년 7월 12일 14시,월요일,광주광역시 광산구 월전동,경상사고,0,0,3,0,차대차 - 추돌,안전운전불이행,건조,맑음,단일로 - 기타,승용,남,22세,상해없음,화물,남,26세,경상
2021071200100320,2021년 7월 12일 15시,월요일,광주광역시 남구 월산동,경상사고,0,0,1,0,차대차 - 측면충돌,교차로운행방법위반,건조,맑음,교차로 - 교차로안,승용,남,66세,상해없음,승용,남,31세,경상
2021071200100373,2021년 7월 12일 16시,월요일,광주광역시 서구 화정동,중상사고,0,1,0,0,차대차 - 기타,안전운전불이행,건조,맑음,교차로 - 교차로안,승용,여,51세,상해없음,자전거,여,68세,중상
2021071200100374,2021년 7월 12일 16시,월요일,광주광역시 광산구 월계동,중상사고,0,2,1,0,차대차 - 측면충돌,신호위반,건조,맑음,교차로 - 교차로안,승용,여,74세,중상,승용,남,26세,경상
2021071200100421,2021년 7월 12일 17시,월요일,광주광역시 북구 오치동,경상사고,0,0,2,0,차대차 - 측면충돌,안전운전불이행,건조,맑음,단일로 - 기타,승용,남,59세,상해없음,승용,여,60세,경상
2021071200100496,2021년 7월 12일 19시,월요일,광주광역시 서구 풍암동,경상사고,0,0,1,0,차대차 - 측면충돌,교차로운행방법위반,건조,맑음,교차로 - 교차로안,화물,남,53세,상해없음,승용,남,34세,경상
2021071200100546,2021년 7월 12일 21시,월요일,광주광역시 서구 광천동,경상사고,0,0,3,0,차대차 - 측면충돌,안전운전불이행,건조,맑음,단일로 - 기타,승합,남,60세,경상,승용,남,25세,경상
2021071200100566,2021년 7월 12일 22시,월요일,광주광역시 광산구 월계동,경상사고,0,0,1,0,차대사람 - 보도통행중,안전운전불이행,건조,맑음,단일로 - 기타,개인형이동수단(PM),남,20세,기타불명,보행자,남,25세,경상
2021071300100012,2021년 7월 13일 01시,화요일,광주광역시 동구 광산동,경상사고,0,0,1,0,차대사람 - 기타,안전운전불이행,건조,맑음,단일로 - 기타,승용,남,25세,상해없음,보행자,남,22세,경상
2021071300100048,2021년 7월 13일 06시,화요일,광주광역시 광산구 선암동,중상사고,0,1,0,0,차대차 - 기타,안전운전불이행,건조,맑음,교차로 - 교차로부근,자전거,남,70세,중상,승용,남,69세,상해없음
2021071300100077,2021년 7월 13일 07시,화요일,광주광역시 북구 운암동,경상사고,0,0,2,0,차대차 - 측면충돌,안전거리미확보,건조,맑음,단일로 - 기타,승용,여,34세,상해없음,승용,남,20세,경상
2021071300100122,2021년 7월 13일 08시,화요일,광주광역시 동구 지산동,경상사고,0,0,3,0,차대차 - 추돌,안전거리미확보,건조,맑음,단일로 - 기타,승용,여,63세,경상,승용,남,52세,경상
2021071300100123,2021년 7월 13일 08시,화요일,광주광역시 남구 주월동,경상사고,0,0,1,0,차대차 - 기타,안전운전불이행,건조,맑음,단일로 - 기타,승용,남,58세,상해없음,승용,여,48세,경상
2021071300100124,2021년 7월 13일 08시,화요일,광주광역시 북구 두암동,중상사고,0,1,1,0,차대차 - 기타,교차로운행방법위반,건조,맑음,교차로 - 교차로안,승용,여,35세,경상,화물,남,65세,중상
2021071300100152,2021년 7월 13일 09시,화요일,광주광역시 서구 치평동,경상사고,0,0,1,0,차대차 - 측면충돌,교차로운행방법위반,건조,맑음,교차로 - 교차로안,승용,남,49세,상해없음,승용,여,25세,경상
2021071300100182,2021년 7월 13일 10시,화요일,광주광역시 광산구 우산동,경상사고,0,0,1,0,차대차 - 측면충돌,안전운전불이행,건조,맑음,단일로 - 기타,승용,남,63세,상해없음,승용,여,51세,경상
2021071300100248,2021년 7월 13일 12시,화요일,광주광역시 광산구 월계동,경상사고,0,0,2,1,차대차 - 측면충돌,직진우회전진행방해,건조,맑음,교차로 - 교차로안,승합,남,45세,경상,승용,여,60세,부상신고
2021071300100283,2021년 7월 13일 13시,화요일,광주광역시 서구 금호동,경상사고,0,0,1,0,차대차 - 기타,기타,건조,맑음,단일로 - 기타,승용,여,44세,상해없음,승용,남,61세,경상
2021071300100414,2021년 7월 13일 16시,화요일,광주광역시 동구 동명동,경상사고,0,0,1,0,차대차 - 추돌,안전운전불이행,건조,맑음,단일로 - 기타,이륜,남,23세,상해없음,승용,남,31세,경상
2021071300100415,2021년 7월 13일 16시,화요일,광주광역시 서구 동천동,경상사고,0,0,1,0,차대차 - 기타,교차로운행방법위반,건조,맑음,교차로 - 교차로안,승용,여,46세,상해없음,승용,여,32세,경상
2021071300100416,2021년 7월 13일 16시,화요일,광주광역시 서구 벽진동,경상사고,0,0,1,0,차대차 - 측면충돌,안전거리미확보,건조,맑음,단일로 - 기타,승용,남,63세,상해없음,이륜,남,75세,경상
2021071300100417,2021년 7월 13일 16시,화요일,광주광역시 남구 임암동,경상사고,0,0,1,0,차대사람 - 기타,안전운전불이행,건조,맑음,단일로 - 기타,개인형이동수단(PM),남,17세,상해없음,보행자,여,22세,경상
2021071300100465,2021년 7월 13일 17시,화요일,광주광역시 서구 금호동,경상사고,0,0,1,0,차대차 - 기타,안전운전불이행,건조,맑음,단일로 - 기타,승용,여,35세,상해없음,이륜,남,65세,경상
2021071300100466,2021년 7월 13일 17시,화요일,광주광역시 광산구 운수동,경상사고,0,0,1,0,차대차 - 추돌,안전운전불이행,건조,맑음,단일로 - 기타,승용,남,66세,상해없음,승용,남,49세,경상
2021071300100521,2021년 7월 13일 18시,화요일,광주광역시 북구 일곡동,중상사고,0,1,1,0,차대차 - 기타,안전운전불이행,건조,맑음,교차로 - 교차로안,승용,여,43세,상해없음,승용,여,36세,중상
2021071300100545,2021년 7월 13일 19시,화요일,광주광역시 광산구 수완동,경상사고,0,0,1,0,차대차 - 기타,안전운전불이행,건조,맑음,기타 - 기타,승용,남,35세,상해없음,자전거,여,41세,경상
2021071300100577,2021년 7월 13일 20시,화요일,광주광역시 북구 양산동,중상사고,0,1,1,0,차대차 - 기타,신호위반,건조,맑음,단일로 - 기타,이륜,남,16세,중상,승용,남,41세,경상
2021071400100018,2021년 7월 14일 01시,수요일,광주광역시 서구 쌍촌동,경상사고,0,0,1,0,차대사람 - 기타,안전운전불이행,건조,맑음,단일로 - 기타,승용,남,31세,상해없음,보행자,남,61세,경상
2021071400100019,2021년 7월 14일 01시,수요일,광주광역시 서구 양동,경상사고,0,0,1,0,차대차 - 측면충돌,기타,건조,맑음,교차로 - 교차로안,승용,남,60세,상해없음,이륜,남,18세,경상
2021071400100020,2021년 7월 14일 01시,수요일,광주광역시 광산구 우산동,경상사고,0,0,2,0,차대차 - 기타,안전운전불이행,건조,맑음,교차로 - 교차로안,승용,남,37세,상해없음,승용,남,24세,경상
2021071400100044,2021년 7월 14일 05시,수요일,광주광역시 광산구 운남동,경상사고,0,0,1,0,차대차 - 측면충돌,교차로운행방법위반,건조,맑음,교차로 - 교차로안,승용,남,56세,기타불명,승용,남,69세,경상
2021071400100080,2021년 7월 14일 07시,수요일,광주광역시 서구 농성동,중상사고,0,1,0,1,차대차 - 기타,안전거리미확보,건조,맑음,단일로 - 기타,승합,남,48세,부상신고,승용,여,29세,중상
2021071400100115,2021년 7월 14일 08시,수요일,광주광역시 서구 농성동,경상사고,0,0,1,0,차대차 - 측면충돌,안전거리미확보,건조,맑음,단일로 - 기타,자전거,남,16세,경상,승용,남,40세,상해없음
2021071400100116,2021년 7월 14일 08시,수요일,광주광역시 광산구 수완동,경상사고,0,0,1,0,차대사람 - 기타,안전운전불이행,건조,맑음,기타 - 기타,개인형이동수단(PM),남,15세,상해없음,보행자,남,6세,경상
2021071400100159,2021년 7월 14일 10시,수요일,광주광역시 남구 주월동,경상사고,0,0,1,0,차대차 - 추돌,안전운전불이행,건조,맑음,단일로 - 기타,화물,남,54세,상해없음,승용,여,66세,경상
2021071400100193,2021년 7월 14일 11시,수요일,광주광역시 광산구 신창동,경상사고,0,0,1,0,차대차 - 측면충돌,안전운전불이행,건조,맑음,단일로 - 기타,승용,남,61세,상해없음,화물,남,49세,경상
2021071400100332,2021년 7월 14일 15시,수요일,광주광역시 동구 계림동,경상사고,0,0,1,0,차대차 - 기타,안전거리미확보,건조,맑음,단일로 - 기타,자전거,남,56세,경상,승용,남,67세,기타불명
2021071400100333,2021년 7월 14일 15시,수요일,광주광역시 서구 농성동,중상사고,0,1,0,0,차대차 - 추돌,안전거리미확보,건조,맑음,단일로 - 기타,승용,여,57세,상해없음,승용,남,50세,중상
2021071400100334,2021년 7월 14일 15시,수요일,광주광역시 서구 광천동,경상사고,0,0,2,0,차대차 - 측면충돌,교차로운행방법위반,건조,맑음,교차로 - 교차로부근,승용,남,71세,상해없음,승용,남,20세,경상
2021071400100335,2021년 7월 14일 15시,수요일,광주광역시 북구 용봉동,경상사고,0,0,1,0,차대차 - 측면충돌,안전운전불이행,건조,맑음,교차로 - 교차로안,승용,여,62세,상해없음,승용,여,35세,경상
2021071400100336,2021년 7월 14일 15시,수요일,광주광역시 광산구 오선동,경상사고,0,0,2,0,차대차 - 측면충돌,차로위반,건조,맑음,단일로 - 기타,승용,남,51세,상해없음,승용,여,24세,경상
2021071400100377,2021년 7월 14일 16시,수요일,광주광역시 광산구 월곡동,부상신고사고,0,0,0,1,차대차 - 측면충돌,교차로운행방법위반,건조,맑음,교차로 - 교차로안,이륜,남,28세,부상신고,승용,남,38세,상해없음
2021071400100432,2021년 7월 14일 17시,수요일,광주광역시 북구 오치동,경상사고,0,0,2,0,차대차 - 추돌,안전운전불이행,건조,맑음,교차로 - 교차로안,화물,남,36세,상해없음,승용,여,38세,경상
2021071400100433,2021년 7월 14일 17시,수요일,광주광역시 북구 일곡동,경상사고,0,0,2,0,차대차 - 측면충돌,안전운전불이행,건조,맑음,교차로 - 교차로부근,승용,남,55세,경상,승용,남,41세,경상
2021071400100524,2021년 7월 14일 19시,수요일,광주광역시 북구 일곡동,중상사고,0,1,0,0,차량단독 - 기타,기타,건조,맑음,단일로 - 기타,승합,남,54세,상해없음,,,,
2021071400100584,2021년 7월 14일 21시,수요일,광주광역시 광산구 쌍암동,경상사고,0,0,3,0,차대차 - 측면충돌,안전거리미확보,건조,맑음,단일로 - 기타,승용,여,58세,경상,화물,남,50세,경상
2021071400100604,2021년 7월 14일 22시,수요일,광주광역시 서구 화정동,경상사고,0,0,1,0,차대차 - 기타,안전운전불이행,건조,맑음,교차로 - 교차로부근,승용,남,26세,상해없음,승용,남,55세,경상
2021071400100605,2021년 7월 14일 22시,수요일,광주광역시 서구 풍암동,경상사고,0,0,1,1,차대차 - 기타,중앙선침범,건조,맑음,단일로 - 기타,개인형이동수단(PM),남,15세,부상신고,승용,남,35세,상해없음
2021071500100011,2021년 7월 15일 00시,목요일,광주광역시 북구 용봉동,경상사고,0,0,2,0,차대차 - 기타,안전운전불이행,건조,맑음,단일로 - 기타,승용,남,63세,상해없음,승용,남,32세,경상
2021071500100111,2021년 7월 15일 08시,목요일,광주광역시 서구 매월동,경상사고,0,0,1,0,차대차 - 측면충돌,안전운전불이행,건조,맑음,교차로 - 교차로안,승용,여,29세,상해없음,승용,남,37세,경상
2021071500100112,2021년 7월 15일 08시,목요일,광주광역시 북구 양산동,경상사고,0,0,2,0,차대차 - 정면충돌,교차로운행방법위반,건조,흐림,교차로 - 교차로안,화물,남,69세,경상,승용,남,29세,경상
2021071500100147,2021년 7월 15일 09시,목요일,광주광역시 동구 학동,중상사고,0,1,0,0,차대사람 - 기타,기타,건조,맑음,단일로 - 기타,승용,남,78세,상해없음,보행자,남,65세,중상
2021071500100209,2021년 7월 15일 11시,목요일,광주광역시 서구 농성동,경상사고,0,0,2,0,차대차 - 기타,안전운전불이행,건조,맑음,교차로 - 교차로안,승용,남,25세,경상,승용,여,57세,경상
2021071500100210,2021년 7월 15일 11시,목요일,광주광역시 북구 중흥동,경상사고,0,0,4,0,차대차 - 기타,안전운전불이행,건조,맑음,교차로 - 교차로부근,화물,남,67세,경상,승합,남,62세,경상
2021071500100211,2021년 7월 15일 11시,목요일,광주광역시 광산구 수완동,경상사고,0,0,1,0,차대사람 - 보도통행중,안전운전불이행,건조,맑음,단일로 - 기타,개인형이동수단(PM),여,27세,상해없음,보행자,여,20세,경상
2021071500100282,2021년 7월 15일 13시,목요일,광주광역시 북구 일곡동,중상사고,0,1,0,0,차대차 - 측면충돌,안전운전불이행,건조,맑음,단일로 - 기타,승용,여,27세,상해없음,이륜,남,24세,중상
2021071500100283,2021년 7월 15일 13시,목요일,광주광역시 광산구 월계동,부상신고사고,0,0,0,1,차대차 - 측면충돌,안전운전불이행,건조,맑음,단일로 - 기타,승용,남,86세,상해없음,이륜,남,25세,부상신고
2021071500100386,2021년 7월 15일 16시,목요일,광주광역시 북구 본촌동,경상사고,0,0,2,0,차대차 - 기타,안전운전불이행,건조,맑음,단일로 - 기타,승용,여,53세,상해없음,승용,남,36세,경상
2021071500100426,2021년 7월 15일 17시,목요일,광주광역시 서구 쌍촌동,경상사고,0,0,1,0,차대차 - 측면충돌,안전운전불이행,건조,맑음,단일로 - 기타,승용,여,52세,상해없음,승용,남,23세,경상
2021071500100487,2021년 7월 15일 18시,목요일,광주광역시 서구 마륵동,경상사고,0,0,1,0,차대차 - 추돌,안전운전불이행,건조,맑음,단일로 - 기타,승용,여,54세,상해없음,승용,남,43세,경상
2021071500100488,2021년 7월 15일 18시,목요일,광주광역시 광산구 운남동,경상사고,0,0,2,0,차대차 - 추돌,안전거리미확보,건조,맑음,단일로 - 기타,승용,남,51세,경상,승용,남,28세,경상
2021071500100489,2021년 7월 15일 18시,목요일,광주광역시 광산구 산월동,경상사고,0,0,2,0,차대차 - 추돌,안전운전불이행,건조,맑음,단일로 - 기타,승합,남,25세,상해없음,승용,남,23세,경상
2021071500100574,2021년 7월 15일 21시,목요일,광주광역시 북구 두암동,경상사고,0,0,1,0,차대차 - 측면충돌,안전운전불이행,건조,맑음,단일로 - 기타,승용,남,65세,상해없음,승용,여,48세,경상
2021071500100575,2021년 7월 15일 21시,목요일,광주광역시 북구 오룡동,중상사고,0,1,2,0,차대차 - 측면충돌,신호위반,건조,맑음,교차로 - 교차로안,승용,남,37세,상해없음,승용,여,26세,중상
2021071600100018,2021년 7월 16일 02시,금요일,광주광역시 북구 용봉동,경상사고,0,0,1,0,차대차 - 측면충돌,차로위반,건조,맑음,단일로 - 기타,승용,남,37세,상해없음,원동기,남,21세,경상
2021071600100023,2021년 7월 16일 03시,금요일,광주광역시 남구 승촌동,경상사고,0,0,1,0,차대차 - 추돌,안전운전불이행,건조,맑음,단일로 - 교량,화물,남,46세,상해없음,승용,남,42세,경상
2021071600100026,2021년 7월 16일 04시,금요일,광주광역시 광산구 수완동,경상사고,0,0,3,1,차대차 - 측면충돌,신호위반,건조,맑음,교차로 - 교차로안,승용,남,19세,경상,승용,남,24세,경상
2021071600100041,2021년 7월 16일 06시,금요일,광주광역시 북구 운암동,경상사고,0,0,1,0,차대차 - 추돌,안전운전불이행,건조,맑음,교차로 - 교차로부근,승용,남,19세,상해없음,승용,남,28세,경상
2021071600100062,2021년 7월 16일 07시,금요일,광주광역시 북구 각화동,경상사고,0,0,2,0,차대차 - 기타,교차로운행방법위반,건조,맑음,교차로 - 교차로안,승용,남,48세,기타불명,승용,여,53세,경상
2021071600100097,2021년 7월 16일 08시,금요일,광주광역시 서구 금호동,경상사고,0,0,1,0,차대차 - 기타,직진우회전진행방해,건조,맑음,교차로 - 교차로안,승용,남,37세,상해없음,자전거,남,13세,경상
2021071600100098,2021년 7월 16일 08시,금요일,광주광역시 북구 운암동,경상사고,0,0,1,0,차대차 - 측면충돌,중앙선침범,건조,맑음,단일로 - 기타,승용,남,52세,기타불명,승용,남,44세,경상
2021071600100139,2021년 7월 16일 09시,금요일,광주광역시 북구 운암동,경상사고,0,0,2,0,차대차 - 기타,신호위반,건조,맑음,교차로 - 교차로안,승용,여,53세,경상,승용,남,72세,경상
2021071600100247,2021년 7월 16일 12시,금요일,광주광역시 서구 화정동,경상사고,0,0,1,0,차대차 - 측면충돌,안전운전불이행,건조,맑음,단일로 - 기타,승용,남,58세,상해없음,이륜,남,27세,경상
2021071600100283,2021년 7월 16일 13시,금요일,광주광역시 남구 송하동,경상사고,0,0,1,0,차대차 - 측면충돌,안전운전불이행,젖음/습기,비,단일로 - 기타,승용,남,53세,상해없음,승용,남,36세,경상
2021071600100284,2021년 7월 16일 13시,금요일,광주광역시 광산구 송정동,경상사고,0,0,3,1,차대차 - 측면충돌,직진우회전진행방해,건조,맑음,교차로 - 교차로안,승용,여,48세,부상신고,화물,남,43세,경상
2021071600100318,2021년 7월 16일 14시,금요일,광주광역시 광산구 수완동,경상사고,0,0,3,0,차대차 - 측면충돌,차로위반,건조,맑음,단일로 - 기타,화물,남,55세,상해없음,승용,남,19세,경상
2021071600100319,2021년 7월 16일 14시,금요일,광주광역시 광산구 옥동,경상사고,0,0,1,0,차대차 - 측면충돌,안전운전불이행,건조,맑음,단일로 - 기타,승용,남,31세,상해없음,승용,여,54세,경상
2021071600100438,2021년 7월 16일 17시,금요일,광주광역시 광산구 월계동,경상사고,0,0,4,0,차대차 - 측면충돌,차로위반,건조,맑음,교차로 - 교차로부근,승용,남,55세,상해없음,승합,남,58세,상해없음
2021071600100439,2021년 7월 16일 17시,금요일,광주광역시 광산구 소촌동,경상사고,0,0,1,0,차대차 - 측면충돌,안전운전불이행,건조,맑음,교차로 - 교차로부근,승용,남,66세,상해없음,자전거,남,63세,경상
2021071600100440,2021년 7월 16일 17시,금요일,광주광역시 광산구 장덕동,경상사고,0,0,1,0,차량단독 - 기타,안전운전불이행,건조,맑음,기타 - 기타,자전거,남,73세,경상,,,,
2021071600100499,2021년 7월 16일 18시,금요일,광주광역시 북구 운암동,경상사고,0,0,1,0,차대차 - 측면충돌,안전거리미확보,건조,맑음,교차로 - 교차로부근,승용,남,60세,상해없음,승용,남,27세,경상
2021071600100547,2021년 7월 16일 19시,금요일,광주광역시 광산구 장덕동,경상사고,0,0,1,0,차대차 - 측면충돌,신호위반,건조,맑음,교차로 - 교차로안,이륜,남,24세,경상,승합,남,44세,상해없음
2021071600100588,2021년 7월 16일 20시,금요일,광주광역시 광산구 수완동,중상사고,0,1,0,0,차대사람 - 기타,안전운전불이행,건조,맑음,교차로 - 교차로안,승용,여,21세,상해없음,보행자,여,30세,중상
2021071600100632,2021년 7월 16일 21시,금요일,광주광역시 북구 신용동,경상사고,0,0,1,0,차대차 - 측면충돌,안전운전불이행,건조,맑음,단일로 - 기타,승용,남,58세,상해없음,화물,남,63세,경상
2021071600100633,2021년 7월 16일 21시,금요일,광주광역시 광산구 장덕동,경상사고,0,0,2,0,차대차 - 추돌,안전운전불이행,건조,맑음,단일로 - 기타,승용,남,31세,상해없음,승용,여,49세,경상
2021071600100634,2021년 7월 16일 21시,금요일,광주광역시 광산구 신가동,경상사고,0,0,1,0,차대사람 - 기타,안전운전불이행,건조,맑음,단일로 - 기타,기타불명,기타불명,미분류,기타불명,보행자,여,49세,경상
2021071600100671,2021년 7월 16일 22시,금요일,광주광역시 광산구 소촌동,경상사고,0,0,1,0,차대차 - 기타,안전거리미확보,젖음/습기,비,단일로 - 기타,화물,남,49세,기타불명,승용,여,35세,경상
2021071600100672,2021년 7월 16일 22시,금요일,광주광역시 광산구 오선동,경상사고,0,0,2,0,차대차 - 측면충돌,중앙선침범,건조,흐림,교차로 - 교차로안,기타불명,기타불명,미분류,기타불명,승합,남,64세,상해없음
2021071700100015,2021년 7월 17일 00시,토요일,광주광역시 광산구 수완동,경상사고,0,0,1,0,차대차 - 추돌,안전운전불이행,건조,흐림,교차로 - 교차로부근,승용,남,41세,상해없음,승용,여,61세,상해없음
2021071700100026,2021년 7월 17일 01시,토요일,광주광역시 서구 쌍촌동,경상사고,0,0,1,0,차대차 - 기타,안전운전불이행,건조,맑음,단일로 - 기타,승용,여,21세,상해없음,이륜,남,20세,경상
2021071700100062,2021년 7월 17일 06시,토요일,광주광역시 서구 농성동,경상사고,0,0,2,0,차대차 - 추돌,안전운전불이행,건조,맑음,기타 - 기타,화물,남,57세,상해없음,승용,여,55세,경상
2021071700100063,2021년 7월 17일 06시,토요일,광주광역시 북구 신용동,경상사고,0,0,2,0,차대차 - 측면충돌,안전거리미확보,건조,맑음,교차로 - 교차로부근,승용,남,32세,경상,승용,남,42세,경상
2021071700100127,2021년 7월 17일 09시,토요일,광주광역시 서구 쌍촌동,경상사고,0,0,2,0,차대차 - 추돌,안전운전불이행,건조,맑음,단일로 - 기타,이륜,남,52세,경상,승용,여,50세,경상
2021071700100164,2021년 7월 17일 10시,토요일,광주광역시 광산구 하산동,사망사고,1,0,0,0,차대차 - 정면충돌,안전운전불이행,건조,맑음,교차로 - 교차로부근,승용,남,32세,상해없음,이륜,남,39세,사망
2021071700100206,2021년 7월 17일 11시,토요일,광주광역시 서구 풍암동,경상사고,0,0,1,0,차대차 - 추돌,안전거리미확보,건조,맑음,단일로 - 기타,승용,남,48세,상해없음,승용,남,20세,경상
2021071700100207,2021년 7월 17일 11시,토요일,광주광역시 광산구 수완동,경상사고,0,0,3,0,차대차 - 측면충돌,신호위반,건조,맑음,교차로 - 교차로안,이륜,남,26세,경상,승용,여,50세,경상
2021071700100246,2021년 7월 17일 12시,토요일,광주광역시 북구 장등동,중상사고,0,2,0,0,차대차 - 추돌,안전운전불이행,건조,맑음,교차로 - 교차로부근,승용,남,35세,상해없음,승용,여,47세,중상
2021071700100247,2021년 7월 17일 12시,토요일,광주광역시 광산구 운남동,경상사고,0,0,1,0,차대차 - 측면충돌,차로위반,건조,맑음,단일로 - 기타,승용,여,38세,경상,승용,남,37세,상해없음
2021071700100284,2021년 7월 17일 13시,토요일,광주광역시 동구 대인동,부상신고사고,0,0,0,1,차대차 - 측면충돌,안전운전불이행,건조,맑음,교차로 - 교차로안,승용,여,78세,부상신고,승용,남,61세,상해없음
2021071700100285,2021년 7월 17일 13시,토요일,광주광역시 북구 누문동,경상사고,0,0,2,0,차대차 - 기타,안전운전불이행,건조,맑음,단일로 - 기타,이륜,남,56세,경상,승용,남,59세,경상
2021071700100365,2021년 7월 17일 15시,토요일,광주광역시 남구 월산동,경상사고,0,0,1,0,차대차 - 측면충돌,차로위반,건조,맑음,단일로 - 기타,승용,남,60세,상해없음,승합,남,61세,상해없음
2021071700100397,2021년 7월 17일 16시,토요일,광주광역시 서구 동천동,경상사고,0,0,1,0,차대차 - 측면충돌,불법유턴,건조,맑음,교차로 - 교차로횡단보도내,승용,남,61세,상해없음,승용,여,56세,경상
2021071700100398,2021년 7월 17일 16시,토요일,광주광역시 북구 우산동,경상사고,0,0,1,0,차대사람 - 기타,안전운전불이행,건조,맑음,단일로 - 기타,승용,남,53세,상해없음,보행자,여,73세,경상
2021071700100473,2021년 7월 17일 18시,토요일,광주광역시 북구 두암동,경상사고,0,0,1,0,차대사람 - 기타,안전운전불이행,건조,맑음,단일로 - 기타,승용,남,70세,상해없음,보행자,여,67세,경상
2021071700100474,2021년 7월 17일 18시,토요일,광주광역시 북구 삼각동,경상사고,0,0,1,0,차대차 - 기타,안전운전불이행,건조,맑음,단일로 - 기타,승용,남,33세,상해없음,이륜,남,25세,경상
2021071700100475,2021년 7월 17일 18시,토요일,광주광역시 광산구 수완동,중상사고,0,1,0,0,차대차 - 측면충돌,신호위반,건조,맑음,교차로 - 교차로안,승용,남,27세,상해없음,이륜,남,29세,중상
2021071700100568,2021년 7월 17일 21시,토요일,광주광역시 광산구 운남동,중상사고,0,1,0,0,차대사람 - 기타,안전운전불이행,건조,맑음,단일로 - 기타,승용,남,50세,상해없음,보행자,남,58세,중상
2021071800100013,2021년 7월 18일 00시,일요일,광주광역시 북구 화암동,경상사고,0,0,1,0,차량단독 - 도로외이탈 - 기타,안전운전불이행,건조,맑음,단일로 - 기타,승용,남,22세,상해없음,,,,
2021071800100048,2021년 7월 18일 07시,일요일,광주광역시 남구 월산동,중상사고,0,1,0,0,차대차 - 측면충돌,신호위반,건조,맑음,교차로 - 교차로안,승용,남,17세,상해없음,승용,여,50세,중상
2021071800100060,2021년 7월 18일 08시,일요일,광주광역시 광산구 송정동,경상사고,0,0,2,0,차대차 - 기타,안전운전불이행,건조,맑음,단일로 - 기타,승용,남,35세,상해없음,승용,남,64세,경상
2021071800100105,2021년 7월 18일 11시,일요일,광주광역시 북구 각화동,경상사고,0,0,2,0,차대차 - 측면충돌,안전거리미확보,건조,맑음,단일로 - 기타,승용,남,44세,상해없음,승용,남,66세,상해없음
2021071800100106,2021년 7월 18일 11시,일요일,광주광역시 광산구 도산동,중상사고,0,1,0,0,차대차 - 기타,안전운전불이행,건조,맑음,단일로 - 기타,자전거,여,79세,중상,승용,남,55세,상해없음
2021071800100141,2021년 7월 18일 12시,일요일,광주광역시 남구 월산동,경상사고,0,0,3,0,차대차 - 측면충돌,차로위반,건조,맑음,단일로 - 기타,승용,남,81세,상해없음,승용,남,32세,경상
2021071800100142,2021년 7월 18일 12시,일요일,광주광역시 북구 각화동,경상사고,0,0,5,0,차대차 - 측면충돌,안전운전불이행,건조,맑음,교차로 - 교차로안,화물,남,61세,경상,승용,남,30세,경상
2021071800100177,2021년 7월 18일 13시,일요일,광주광역시 서구 치평동,경상사고,0,0,1,0,차대차 - 기타,안전거리미확보,건조,맑음,단일로 - 기타,화물,남,52세,상해없음,승용,여,47세,경상
2021071800100178,2021년 7월 18일 13시,일요일,광주광역시 남구 송하동,경상사고,0,0,1,0,차대차 - 추돌,안전운전불이행,건조,맑음,교차로 - 교차로안,승용,남,50세,상해없음,승합,남,41세,경상