사고번호,사고일시,요일,시군구,사고내용,사망자수,중상자수,경상자수,부상신고자수,사고유형,법규위반,노면상태,기상상태,도로형태,가해운전자 차종,가해운전자 성별,가해운전자 연령,가해운전자 상해정도,피해운전자 차종,피해운전자 성별,피해운전자 연령,피해운전자 상해정도
2021071800100213,2021년 7월 18일 14시,일요일,광주광역시 북구 신안동,중상사고,0,1,0,0,차대차 - 기타,안전운전불이행,건조,맑음,단일로 - 기타,승용,남,45세,상해없음,자전거,여,21세,중상
2021071800100245,2021년 7월 18일 15시,일요일,광주광역시 광산구 수완동,경상사고,0,0,1,2,차대차 - 추돌,안전운전불이행,건조,맑음,단일로 - 기타,승용,여,26세,경상,승용,남,51세,부상신고
2021071800100297,2021년 7월 18일 17시,일요일,광주광역시 광산구 월계동,경상사고,0,0,1,0,차대사람 - 보도통행중,보행자보호의무위반,건조,맑음,교차로 - 교차로횡단보도내,기타불명,기타불명,미분류,기타불명,보행자,남,30세,경상
2021071800100332,2021년 7월 18일 18시,일요일,광주광역시 광산구 우산동,중상사고,0,1,0,0,차대사람 - 횡단중,안전운전불이행,건조,맑음,교차로 - 교차로부근,승용,여,23세,상해없음,보행자,남,54세,중상
2021071800100379,2021년 7월 18일 20시,일요일,광주광역시 광산구 운남동,경상사고,0,0,1,0,차대사람 - 횡단중,보행자보호의무위반,건조,맑음,단일로 - 기타,승용,남,37세,상해없음,보행자,여,33세,경상
2021071800100380,2021년 7월 18일 20시,일요일,광주광역시 광산구 운수동,경상사고,0,0,1,0,차대차 - 기타,안전거리미확보,건조,맑음,교차로 - 교차로부근,승용,남,59세,상해없음,승용,남,26세,경상
2021071800100416,2021년 7월 18일 21시,일요일,광주광역시 광산구 월계동,경상사고,0,0,1,1,차대차 - 기타,안전운전불이행,건조,맑음,교차로 - 교차로부근,승용,남,23세,상해없음,승용,남,58세,부상신고
2021071800100417,2021년 7월 18일 21시,일요일,광주광역시 광산구 월곡동,경상사고,0,0,4,0,차대차 - 측면충돌,안전거리미확보,건조,맑음,단일로 - 기타,원동기,남,16세,경상,승용,남,54세,경상
2021071800100441,2021년 7월 18일 22시,일요일,광주광역시 북구 풍향동,경상사고,0,0,1,0,차대차 - 측면충돌,신호위반,건조,맑음,교차로 - 교차로안,화물,남,35세,상해없음,승용,여,38세,경상
2021071800100442,2021년 7월 18일 22시,일요일,광주광역시 북구 대촌동,경상사고,0,0,1,0,차대차 - 측면충돌,신호위반,건조,맑음,교차로 - 교차로안,승용,남,18세,상해없음,이륜,남,21세,경상
2021071800100451,2021년 7월 18일 23시,일요일,광주광역시 서구 금호동,중상사고,0,1,0,0,차대사람 - 기타,안전운전불이행,기타,기타,단일로 - 기타,승용,남,63세,상해없음,보행자,남,49세,중상
2021071900100046,2021년 7월 19일 06시,월요일,광주광역시 남구 백운동,경상사고,0,0,1,0,차대차 - 측면충돌,교차로운행방법위반,건조,맑음,교차로 - 교차로안,승용,남,38세,상해없음,승용,남,54세,경상
2021071900100047,2021년 7월 19일 06시,월요일,광주광역시 광산구 하남동,경상사고,0,0,1,0,차대차 - 기타,교차로운행방법위반,건조,맑음,교차로 - 교차로안,승용,남,35세,상해없음,승용,남,50세,경상
2021071900100070,2021년 7월 19일 07시,월요일,광주광역시 광산구 하남동,경상사고,0,0,2,0,차대차 - 추돌,안전거리미확보,건조,맑음,단일로 - 기타,화물,남,53세,상해없음,화물,남,31세,경상
2021071900100107,2021년 7월 19일 08시,월요일,광주광역시 서구 금호동,경상사고,0,0,2,0,차대차 - 측면충돌,교차로운행방법위반,건조,맑음,교차로 - 교차로안,승용,남,65세,상해없음,승용,남,26세,경상
2021071900100142,2021년 7월 19일 09시,월요일,광주광역시 남구 월성동,중상사고,0,1,1,0,차대차 - 측면충돌,교차로운행방법위반,건조,맑음,교차로 - 교차로안,화물,남,69세,경상,승용,남,48세,중상
2021071900100143,2021년 7월 19일 09시,월요일,광주광역시 광산구 장덕동,경상사고,0,0,1,0,차대차 - 기타,안전거리미확보,건조,맑음,단일로 - 기타,화물,남,49세,상해없음,승용,여,24세,경상
2021071900100214,2021년 7월 19일 11시,월요일,광주광역시 서구 화정동,중상사고,0,1,0,0,차량단독 - 기타,기타,건조,맑음,기타 - 기타,승합,남,42세,상해없음,,,,
2021071900100215,2021년 7월 19일 11시,월요일,광주광역시 남구 진월동,경상사고,0,0,1,0,차대차 - 기타,안전운전불이행,건조,맑음,교차로 - 교차로안,승용,여,46세,상해없음,이륜,남,37세,경상
2021071900100251,2021년 7월 19일 12시,월요일,광주광역시 서구 화정동,경상사고,0,0,1,0,차대차 - 측면충돌,신호위반,건조,맑음,교차로 - 교차로안,승용,여,39세,상해없음,승용,여,54세,경상
2021071900100252,2021년 7월 19일 12시,월요일,광주광역시 북구 두암동,경상사고,0,0,1,0,차대차 - 기타,기타,건조,맑음,단일로 - 기타,승용,남,37세,상해없음,개인형이동수단(PM),남,22세,경상
2021071900100327,2021년 7월 19일 14시,월요일,광주광역시 광산구 쌍암동,경상사고,0,0,2,0,차대차 - 측면충돌,안전운전불이행,건조,맑음,단일로 - 기타,승용,남,74세,상해없음,승용,남,40세,경상
2021071900100354,2021년 7월 19일 15시,월요일,광주광역시 북구 장등동,경상사고,0,0,2,0,차대차 - 기타,안전운전불이행,건조,맑음,단일로 - 기타,화물,남,43세,상해없음,승용,여,49세,경상
2021071900100361,2021년 7월 19일 15시,월요일,광주광역시 서구 쌍촌동,경상사고,0,0,2,0,차대차 - 후진중충돌,불법유턴,건조,맑음,교차로 - 교차로안,승용,남,49세,상해없음,승용,남,28세,경상
2021071900100362,2021년 7월 19일 15시,월요일,광주광역시 서구 광천동,경상사고,0,0,1,0,차대차 - 기타,교차로운행방법위반,건조,맑음,교차로 - 교차로안,화물,남,39세,상해없음,승용,남,35세,경상
2021071900100398,2021년 7월 19일 16시,월요일,광주광역시 광산구 송정동,경상사고,0,0,1,0,차대차 - 후진중충돌,안전운전불이행,건조,맑음,단일로 - 기타,승용,남,80세,상해없음,이륜,남,32세,경상
2021071900100475,2021년 7월 19일 18시,월요일,광주광역시 북구 중흥동,부상신고사고,0,0,0,1,차대사람 - 기타,안전운전불이행,건조,맑음,단일로 - 기타,기타불명,기타불명,미분류,기타불명,보행자,남,39세,부상신고
2021071900100476,2021년 7월 19일 18시,월요일,광주광역시 광산구 신가동,경상사고,0,0,1,0,차대차 - 측면충돌,차로위반,건조,맑음,단일로 - 기타,승용,여,47세,상해없음,이륜,남,20세,경상
2021071900100513,2021년 7월 19일 19시,월요일,광주광역시 광산구 장덕동,경상사고,0,0,1,0,차대차 - 측면충돌,차로위반,건조,맑음,단일로 - 기타,승용,남,27세,상해없음,승용,남,55세,경상
2021071900100538,2021년 7월 19일 20시,월요일,광주광역시 서구 치평동,경상사고,0,0,1,1,차대차 - 측면충돌,안전운전불이행,건조,맑음,교차로 - 교차로안,승용,여,34세,부상신고,승용,남,27세,경상
2021071900100539,2021년 7월 19일 20시,월요일,광주광역시 북구 운암동,경상사고,0,0,1,0,차대차 - 측면충돌,안전거리미확보,건조,맑음,단일로 - 고가도로위,승용,남,65세,상해없음,승합,남,55세,경상
2021071900100565,2021년 7월 19일 21시,월요일,광주광역시 광산구 하산동,경상사고,0,0,1,0,차량단독 - 기타,안전운전불이행,건조,맑음,단일로 - 기타,승용,남,42세,경상,,,,
2021071900100586,2021년 7월 19일 22시,월요일,광주광역시 북구 양산동,경상사고,0,0,1,0,차대차 - 측면충돌,중앙선침범,건조,맑음,단일로 - 기타,이륜,남,16세,상해없음,개인형이동수단(PM),남,63세,경상
2021071900100602,2021년 7월 19일 23시,월요일,광주광역시 북구 연제동,경상사고,0,0,5,0,차대차 - 기타,안전운전불이행,건조,맑음,교차로 - 교차로안,승용,남,41세,기타불명,승용,남,57세,경상
2021072000100016,2021년 7월 20일 02시,화요일,광주광역시 광산구 운수동,경상사고,0,0,3,0,차대차 - 측면충돌,차로위반,건조,맑음,교차로 - 교차로부근,승용,남,19세,경상,화물,남,42세,경상
2021072000100049,2021년 7월 20일 07시,화요일,광주광역시 북구 우산동,경상사고,0,0,1,0,차대사람 - 차도통행중,안전운전불이행,건조,맑음,단일로 - 기타,승용,여,69세,상해없음,보행자,남,38세,경상
2021072000100112,2021년 7월 20일 09시,화요일,광주광역시 북구 중흥동,중상사고,0,1,0,0,차대차 - 기타,안전운전불이행,건조,맑음,교차로 - 교차로횡단보도내,자전거,남,78세,중상,화물,남,35세,상해없음
2021072000100113,2021년 7월 20일 09시,화요일,광주광역시 광산구 우산동,경상사고,0,0,1,0,차대사람 - 보도통행중,기타,건조,맑음,단일로 - 기타,개인형이동수단(PM),여,19세,상해없음,보행자,남,57세,경상
2021072000100150,2021년 7월 20일 10시,화요일,광주광역시 동구 남동,경상사고,0,0,4,0,차대차 - 정면충돌,신호위반,건조,맑음,교차로 - 교차로부근,화물,남,56세,상해없음,승용,남,42세,경상
2021072000100151,2021년 7월 20일 10시,화요일,광주광역시 동구 운림동,경상사고,0,0,1,0,차량단독 - 기타,안전운전불이행,건조,맑음,단일로 - 기타,승합,남,63세,기타불명,,,,
2021072000100152,2021년 7월 20일 10시,화요일,광주광역시 서구 치평동,경상사고,0,0,1,0,차대차 - 추돌,안전운전불이행,건조,맑음,단일로 - 기타,승용,남,27세,상해없음,승용,여,37세,상해없음
2021072000100153,2021년 7월 20일 10시,화요일,광주광역시 광산구 진곡동,중상사고,0,2,0,0,차대차 - 추돌,안전운전불이행,건조,맑음,교차로 - 교차로부근,화물,남,53세,기타불명,승용,여,37세,중상
2021072000100187,2021년 7월 20일 11시,화요일,광주광역시 광산구 쌍암동,경상사고,0,0,1,0,차대사람 - 기타,안전운전불이행,건조,맑음,단일로 - 기타,이륜,남,31세,기타불명,보행자,남,16세,경상
2021072000100217,2021년 7월 20일 12시,화요일,광주광역시 광산구 소촌동,중상사고,0,1,2,0,차대차 - 측면충돌,안전운전불이행,건조,맑음,단일로 - 기타,승용,남,61세,상해없음,승용,남,54세,경상
2021072000100253,2021년 7월 20일 13시,화요일,광주광역시 광산구 월전동,경상사고,0,0,2,0,차대차 - 측면충돌,차로위반,건조,맑음,단일로 - 기타,승용,남,64세,상해없음,승용,남,34세,경상
2021072000100285,2021년 7월 20일 14시,화요일,광주광역시 남구 월산동,경상사고,0,0,1,0,차대차 - 측면충돌,안전운전불이행,건조,맑음,교차로 - 교차로부근,승용,여,28세,상해없음,승용,남,38세,경상
2021072000100286,2021년 7월 20일 14시,화요일,광주광역시 광산구 산정동,중상사고,0,1,0,0,차대사람 - 보도통행중,기타,건조,맑음,단일로 - 기타,개인형이동수단(PM),남,24세,상해없음,보행자,남,10세,중상
2021072000100287,2021년 7월 20일 14시,화요일,광주광역시 광산구 운남동,경상사고,0,0,1,0,차대차 - 측면충돌,직진우회전진행방해,건조,맑음,교차로 - 교차로안,승용,남,23세,상해없음,자전거,남,62세,경상
2021072000100315,2021년 7월 20일 15시,화요일,광주광역시 서구 화정동,경상사고,0,0,1,0,차대차 - 측면충돌,안전거리미확보,건조,맑음,단일로 - 기타,승용,남,69세,상해없음,승용,여,49세,경상
2021072000100357,2021년 7월 20일 16시,화요일,광주광역시 동구 충장로3가,경상사고,0,0,2,0,차대차 - 기타,신호위반,건조,맑음,단일로 - 기타,화물,남,19세,상해없음,이륜,남,28세,경상
2021072000100358,2021년 7월 20일 16시,화요일,광주광역시 서구 쌍촌동,경상사고,0,0,1,0,차대차 - 추돌,안전거리미확보,건조,맑음,교차로 - 교차로안,승용,여,24세,상해없음,승용,여,51세,경상
2021072000100359,2021년 7월 20일 16시,화요일,광주광역시 북구 문흥동,경상사고,0,0,2,0,차대차 - 측면충돌,신호위반,건조,맑음,교차로 - 교차로부근,이륜,남,32세,경상,승용,남,63세,경상
2021072000100360,2021년 7월 20일 16시,화요일,광주광역시 북구 운암동,경상사고,0,0,1,0,차대차 - 기타,안전운전불이행,건조,맑음,단일로 - 교량,승용,여,59세,상해없음,승합,남,69세,경상
2021072000100411,2021년 7월 20일 17시,화요일,광주광역시 광산구 우산동,경상사고,0,0,1,0,차대차 - 추돌,안전거리미확보,건조,맑음,단일로 - 기타,승용,남,28세,상해없음,승용,남,33세,경상
2021072000100449,2021년 7월 20일 18시,화요일,광주광역시 광산구 신가동,경상사고,0,0,1,0,차대차 - 추돌,안전운전불이행,건조,맑음,단일로 - 기타,승용,남,42세,상해없음,승용,남,48세,경상
2021072000100472,2021년 7월 20일 19시,화요일,광주광역시 북구 용전동,경상사고,0,0,2,0,차대차 - 기타,신호위반,건조,맑음,교차로 - 교차로안,승용,남,49세,상해없음,승용,남,59세,경상
2021072000100473,2021년 7월 20일 19시,화요일,광주광역시 광산구 복룡동,중상사고,0,1,3,0,차대차 - 추돌,안전운전불이행,건조,맑음,교차로 - 교차로부근,승용,남,20세,상해없음,승용,남,42세,경상
2021072000100504,2021년 7월 20일 20시,화요일,광주광역시 남구 월산동,경상사고,0,0,1,0,차대사람 - 기타,안전운전불이행,건조,맑음,주차장 - 주차장,승합,남,63세,상해없음,보행자,여,36세,경상
2021072000100562,2021년 7월 20일 23시,화요일,광주광역시 북구 화암동,경상사고,0,0,2,0,차대차 - 정면충돌,중앙선침범,건조,맑음,단일로 - 기타,승용,남,18세,상해없음,승용,남,48세,경상
2021072100100013,2021년 7월 21일 00시,수요일,광주광역시 동구 금동,경상사고,0,0,1,0,차대사람 - 길가장자리구역통행중,안전운전불이행,건조,맑음,단일로 - 기타,승용,남,24세,기타불명,보행자,남,23세,경상
2021072100100044,2021년 7월 21일 06시,수요일,광주광역시 광산구 쌍암동,경상사고,0,0,2,0,차대차 - 측면충돌,교차로운행방법위반,건조,맑음,교차로 - 교차로안,승용,여,54세,경상,승용,여,54세,경상
2021072100100150,2021년 7월 21일 09시,수요일,광주광역시 북구 용봉동,경상사고,0,0,2,0,차대차 - 측면충돌,안전운전불이행,건조,맑음,단일로 - 기타,승용,남,26세,상해없음,승용,남,63세,경상
2021072100100151,2021년 7월 21일 09시,수요일,광주광역시 광산구 비아동,경상사고,0,0,2,1,차대차 - 추돌,안전운전불이행,건조,맑음,단일로 - 기타,화물,남,49세,부상신고,화물,남,53세,경상
2021072100100192,2021년 7월 21일 10시,수요일,광주광역시 서구 쌍촌동,중상사고,0,1,0,0,차대차 - 측면충돌,신호위반,건조,맑음,교차로 - 교차로안,승용,여,57세,상해없음,이륜,남,53세,중상
2021072100100193,2021년 7월 21일 10시,수요일,광주광역시 북구 대촌동,중상사고,0,1,3,0,차대차 - 기타,신호위반,건조,맑음,교차로 - 교차로안,승용,남,57세,경상,화물,남,26세,중상
2021072100100194,2021년 7월 21일 10시,수요일,광주광역시 광산구 송정동,경상사고,0,0,1,0,차대차 - 측면충돌,신호위반,건조,맑음,교차로 - 교차로안,화물,남,71세,상해없음,승용,여,39세,경상
2021072100100195,2021년 7월 21일 10시,수요일,광주광역시 광산구 하남동,경상사고,0,0,1,0,차대차 - 측면충돌,안전운전불이행,건조,맑음,교차로 - 교차로안,승용,남,61세,상해없음,승용,남,40세,경상
2021072100100227,2021년 7월 21일 11시,수요일,광주광역시 북구 양산동,경상사고,0,0,2,0,차대차 - 측면충돌,신호위반,건조,맑음,교차로 - 교차로안,이륜,남,26세,상해없음,승용,여,45세,경상
2021072100100228,2021년 7월 21일 11시,수요일,광주광역시 광산구 운남동,경상사고,0,0,1,0,차대차 - 기타,교차로운행방법위반,건조,맑음,교차로 - 교차로안,승용,남,60세,상해없음,화물,남,46세,경상
2021072100100229,2021년 7월 21일 11시,수요일,광주광역시 광산구 수완동,경상사고,0,0,1,0,차대차 - 측면충돌,차로위반,건조,맑음,교차로 - 교차로부근,이륜,남,21세,상해없음,승용,여,41세,경상
2021072100100273,2021년 7월 21일 12시,수요일,광주광역시 서구 화정동,경상사고,0,0,1,0,차대차 - 기타,직진우회전진행방해,건조,맑음,교차로 - 교차로안,승용,남,48세,상해없음,자전거,남,74세,경상
2021072100100310,2021년 7월 21일 13시,수요일,광주광역시 북구 매곡동,경상사고,0,0,3,0,차대차 - 측면충돌,안전운전불이행,건조,맑음,교차로 - 교차로안,화물,남,58세,경상,승용,여,56세,경상
2021072100100311,2021년 7월 21일 13시,수요일,광주광역시 북구 운암동,경상사고,0,0,2,0,차대차 - 측면충돌,안전운전불이행,건조,맑음,단일로 - 기타,승용,남,72세,경상,화물,남,30세,경상
2021072100100349,2021년 7월 21일 14시,수요일,광주광역시 남구 진월동,경상사고,0,0,2,0,차대차 - 추돌,안전운전불이행,건조,맑음,단일로 - 기타,화물,남,66세,상해없음,승용,남,38세,경상
2021072100100350,2021년 7월 21일 14시,수요일,광주광역시 북구 운암동,경상사고,0,0,2,1,차대차 - 측면충돌,안전운전불이행,건조,맑음,단일로 - 고가도로위,승용,남,24세,경상,건설기계,남,59세,경상
2021072100100385,2021년 7월 21일 15시,수요일,광주광역시 북구 두암동,부상신고사고,0,0,0,1,차대사람 - 기타,안전운전불이행,건조,맑음,단일로 - 기타,자전거,기타불명,미분류,기타불명,보행자,남,80세,부상신고
2021072100100436,2021년 7월 21일 16시,수요일,광주광역시 광산구 소촌동,경상사고,0,0,1,0,차대차 - 기타,안전운전불이행,건조,맑음,단일로 - 기타,이륜,남,18세,상해없음,승용,여,49세,경상
2021072100100492,2021년 7월 21일 17시,수요일,광주광역시 서구 금호동,경상사고,0,0,1,0,차대차 - 추돌,안전운전불이행,건조,맑음,교차로 - 교차로부근,승용,여,56세,상해없음,이륜,여,36세,경상
2021072100100493,2021년 7월 21일 17시,수요일,광주광역시 서구 화정동,경상사고,0,0,1,0,차대차 - 기타,교차로운행방법위반,건조,맑음,교차로 - 교차로부근,승용,여,59세,상해없음,승용,여,56세,경상
2021072100100494,2021년 7월 21일 17시,수요일,광주광역시 서구 쌍촌동,경상사고,0,0,1,0,차대차 - 기타,불법유턴,건조,맑음,단일로 - 기타,화물,남,35세,상해없음,승용,여,37세,경상
2021072100100546,2021년 7월 21일 18시,수요일,광주광역시 북구 임동,경상사고,0,0,1,0,차대차 - 추돌,안전거리미확보,건조,맑음,단일로 - 기타,승용,남,20세,상해없음,승용,남,41세,경상
2021072100100579,2021년 7월 21일 19시,수요일,광주광역시 서구 쌍촌동,경상사고,0,0,1,0,차대사람 - 차도통행중,안전운전불이행,건조,맑음,교차로 - 교차로안,승용,여,65세,상해없음,보행자,남,45세,경상
2021072100100580,2021년 7월 21일 19시,수요일,광주광역시 서구 농성동,경상사고,0,0,2,0,차대차 - 측면충돌,안전운전불이행,건조,맑음,교차로 - 교차로부근,승용,남,48세,상해없음,승용,남,20세,경상
2021072100100606,2021년 7월 21일 20시,수요일,광주광역시 광산구 수완동,경상사고,0,0,1,0,차대사람 - 차도통행중,안전운전불이행,건조,맑음,단일로 - 기타,승용,남,63세,상해없음,보행자,여,21세,경상
2021072100100627,2021년 7월 21일 21시,수요일,광주광역시 서구 쌍촌동,경상사고,0,0,1,0,차대차 - 측면충돌,안전운전불이행,건조,맑음,교차로 - 교차로안,승용,여,48세,상해없음,승용,남,34세,경상
2021072200100014,2021년 7월 22일 00시,목요일,광주광역시 북구 삼각동,경상사고,0,0,1,1,차대차 - 기타,신호위반,건조,맑음,교차로 - 교차로안,승용,남,61세,상해없음,승용,남,56세,상해없음
2021072200100021,2021년 7월 22일 01시,목요일,광주광역시 동구 계림동,경상사고,0,0,1,0,차대차 - 측면충돌,신호위반,건조,맑음,교차로 - 교차로부근,화물,남,69세,상해없음,승용,남,54세,경상
2021072200100046,2021년 7월 22일 06시,목요일,광주광역시 동구 서석동,중상사고,0,1,0,0,차대차 - 측면충돌,안전거리미확보,건조,맑음,단일로 - 기타,승용,남,67세,상해없음,승용,남,50세,중상
2021072200100107,2021년 7월 22일 08시,목요일,광주광역시 동구 동명동,경상사고,0,0,1,0,차대차 - 기타,신호위반,건조,맑음,교차로 - 교차로안,승용,여,49세,상해없음,이륜,남,64세,경상
2021072200100108,2021년 7월 22일 08시,목요일,광주광역시 동구 서석동,경상사고,0,0,1,0,차대사람 - 차도통행중,안전운전불이행,건조,맑음,단일로 - 기타,승용,남,75세,상해없음,보행자,여,26세,경상
2021072200100109,2021년 7월 22일 08시,목요일,광주광역시 남구 백운동,중상사고,0,1,0,0,차대차 - 측면충돌,교차로운행방법위반,건조,맑음,교차로 - 교차로안,승용,남,63세,상해없음,승용,여,51세,중상
2021072200100175,2021년 7월 22일 10시,목요일,광주광역시 서구 유촌동,경상사고,0,0,1,0,차대차 - 측면충돌,신호위반,건조,맑음,교차로 - 교차로안,승용,여,31세,상해없음,승용,여,52세,경상
2021072200100205,2021년 7월 22일 11시,목요일,광주광역시 서구 쌍촌동,경상사고,0,0,2,0,차대차 - 측면충돌,교차로운행방법위반,건조,맑음,교차로 - 교차로안,승용,여,41세,경상,화물,남,52세,경상
2021072200100206,2021년 7월 22일 11시,목요일,광주광역시 북구 신용동,경상사고,0,0,1,0,차대차 - 기타,교차로운행방법위반,건조,맑음,교차로 - 교차로부근,승용,남,51세,상해없음,화물,남,52세,경상
2021072200100207,2021년 7월 22일 11시,목요일,광주광역시 광산구 신창동,경상사고,0,0,1,0,차대차 - 기타,안전운전불이행,건조,맑음,교차로 - 교차로부근,승용,남,38세,상해없음,자전거,남,60세,경상
2021072200100245,2021년 7월 22일 12시,목요일,광주광역시 광산구 오선동,중상사고,0,1,1,0,차대차 - 측면충돌,교차로운행방법위반,건조,맑음,단일로 - 기타,승용,남,53세,경상,승용,여,55세,중상
2021072200100287,2021년 7월 22일 13시,목요일,광주광역시 북구 중흥동,경상사고,0,0,1,0,차대차 - 측면충돌,안전거리미확보,건조,맑음,단일로 - 기타,승용,남,84세,상해없음,승용,여,24세,경상
2021072200100288,2021년 7월 22일 13시,목요일,광주광역시 광산구 수완동,중상사고,0,1,0,0,차대차 - 기타,안전거리미확보,건조,맑음,단일로 - 기타,승용,여,23세,상해없음,이륜,남,39세,중상
2021072200100327,2021년 7월 22일 14시,목요일,광주광역시 서구 치평동,경상사고,0,0,1,0,차대차 - 기타,안전운전불이행,건조,맑음,교차로 - 교차로부근,승용,남,52세,상해없음,승용,남,32세,경상
2021072200100381,2021년 7월 22일 15시,목요일,광주광역시 남구 월산동,경상사고,0,0,1,0,차대차 - 측면충돌,교차로운행방법위반,건조,맑음,교차로 - 교차로안,승용,남,64세,기타불명,승용,남,43세,경상
2021072200100415,2021년 7월 22일 16시,목요일,광주광역시 광산구 지정동,경상사고,0,0,3,0,차대차 - 정면충돌,안전운전불이행,건조,맑음,단일로 - 기타,이륜,남,81세,경상,승용,남,76세,경상
2021072200100416,2021년 7월 22일 16시,목요일,광주광역시 광산구 선암동,경상사고,0,0,1,0,차대차 - 추돌,안전운전불이행,건조,맑음,교차로 - 교차로부근,화물,남,23세,상해없음,승용,여,50세,경상
2021072200100461,2021년 7월 22일 17시,목요일,광주광역시 광산구 산월동,경상사고,0,0,1,0,차대차 - 측면충돌,신호위반,건조,맑음,교차로 - 교차로안,승용,남,25세,상해없음,승용,여,52세,경상
2021072200100506,2021년 7월 22일 18시,목요일,광주광역시 북구 우산동,경상사고,0,0,1,0,차대차 - 측면충돌,안전운전불이행,건조,맑음,단일로 - 기타,승용,남,59세,상해없음,이륜,남,30세,경상
2021072200100551,2021년 7월 22일 19시,목요일,광주광역시 서구 화정동,경상사고,0,0,1,0,차대차 - 기타,신호위반,건조,맑음,교차로 - 교차로안,승용,여,23세,상해없음,승용,여,38세,경상
2021072200100584,2021년 7월 22일 20시,목요일,광주광역시 광산구 운남동,경상사고,0,0,1,0,차대차 - 측면충돌,안전거리미확보,건조,맑음,교차로 - 교차로부근,승용,여,33세,상해없음,승합,남,47세,경상
2021072200100607,2021년 7월 22일 21시,목요일,광주광역시 북구 운암동,경상사고,0,0,1,0,차대차 - 추돌,안전거리미확보,건조,맑음,단일로 - 기타,승용,여,42세,상해없음,승용,여,31세,경상
2021072200100608,2021년 7월 22일 21시,목요일,광주광역시 광산구 수완동,경상사고,0,0,1,0,차대차 - 기타,교차로운행방법위반,건조,맑음,교차로 - 교차로안,승용,남,28세,상해없음,승용,남,38세,경상
2021072200100646,2021년 7월 22일 23시,목요일,광주광역시 남구 진월동,경상사고,0,0,1,0,차대차 - 기타,교차로운행방법위반,건조,맑음,교차로 - 교차로안,승용,남,70세,상해없음,승용,남,23세,경상
2021072300100024,2021년 7월 23일 02시,금요일,광주광역시 광산구 신창동,경상사고,0,0,1,0,차대차 - 측면충돌,신호위반,건조,맑음,교차로 - 교차로안,승용,여,43세,상해없음,승용,남,52세,경상
2021072300100132,2021년 7월 23일 09시,금요일,광주광역시 북구 양산동,중상사고,0,1,0,0,차대사람 - 횡단중,안전운전불이행,건조,맑음,교차로 - 교차로부근,특수,남,59세,상해없음,보행자,여,85세,중상
2021072300100172,2021년 7월 23일 10시,금요일,광주광역시 광산구 오선동,중상사고,0,1,0,0,차대차 - 측면충돌,안전운전불이행,건조,맑음,교차로 - 교차로안,화물,남,23세,상해없음,화물,남,52세,중상
2021072300100202,2021년 7월 23일 11시,금요일,광주광역시 북구 오치동,경상사고,0,0,1,0,차대사람 - 기타,안전운전불이행,건조,맑음,단일로 - 기타,이륜,남,55세,상해없음,보행자,남,27세,경상
2021072300100203,2021년 7월 23일 11시,금요일,광주광역시 광산구 운남동,중상사고,0,2,1,0,차대차 - 정면충돌,안전운전불이행,건조,맑음,교차로 - 교차로안,승합,남,57세,중상,승용,남,42세,중상
2021072300100238,2021년 7월 23일 12시,금요일,광주광역시 서구 치평동,경상사고,0,0,1,0,차대차 - 측면충돌,안전운전불이행,건조,맑음,단일로 - 기타,승용,여,38세,상해없음,승용,남,52세,경상
2021072300100239,2021년 7월 23일 12시,금요일,광주광역시 북구 중흥동,경상사고,0,0,1,0,차대사람 - 기타,안전운전불이행,건조,맑음,단일로 - 기타,승용,여,25세,상해없음,보행자,남,22세,경상
2021072300100241,2021년 7월 23일 12시,금요일,광주광역시 광산구 송정동,경상사고,0,0,1,0,차대사람 - 기타,안전운전불이행,건조,맑음,단일로 - 기타,승용,남,59세,상해없음,보행자,남,17세,경상
2021072300100281,2021년 7월 23일 13시,금요일,광주광역시 서구 쌍촌동,경상사고,0,0,1,0,차대차 - 측면충돌,안전운전불이행,건조,맑음,교차로 - 교차로안,승용,남,42세,상해없음,승용,여,37세,경상
2021072300100316,2021년 7월 23일 14시,금요일,광주광역시 광산구 월계동,경상사고,0,0,2,0,차대차 - 기타,안전운전불이행,건조,맑음,단일로 - 기타,승용,남,75세,상해없음,승용,여,33세,경상
2021072300100353,2021년 7월 23일 15시,금요일,광주광역시 동구 대인동,경상사고,0,0,1,0,차대사람 - 기타,불법유턴,건조,맑음,교차로 - 교차로부근,승용,남,47세,상해없음,보행자,남,68세,경상
2021072300100354,2021년 7월 23일 15시,금요일,광주광역시 광산구 운수동,경상사고,0,0,2,0,차대차 - 추돌,안전운전불이행,건조,맑음,교차로 - 교차로부근,승용,남,72세,상해없음,화물,남,61세,경상
2021072300100413,2021년 7월 23일 16시,금요일,광주광역시 광산구 장덕동,경상사고,0,0,1,0,차대차 - 측면충돌,신호위반,건조,맑음,교차로 - 교차로안,승용,남,73세,기타불명,승용,남,42세,경상
2021072300100453,2021년 7월 23일 17시,금요일,광주광역시 서구 양동,경상사고,0,0,1,0,차대차 - 후진중충돌,안전운전불이행,건조,맑음,단일로 - 기타,승용,남,67세,상해없음,화물,남,37세,경상
2021072300100454,2021년 7월 23일 17시,금요일,광주광역시 북구 오룡동,경상사고,0,0,2,0,차대차 - 기타,안전운전불이행,건조,맑음,단일로 - 기타,승용,여,50세,경상,승용,남,49세,경상