사고번호,사고일시,요일,시군구,사고내용,사망자수,중상자수,경상자수,부상신고자수,사고유형,법규위반,노면상태,기상상태,도로형태,가해운전자 차종,가해운전자 성별,가해운전자 연령,가해운전자 상해정도,피해운전자 차종,피해운전자 성별,피해운전자 연령,피해운전자 상해정도
2021072900100329,2021년 7월 29일 15시,목요일,광주광역시 광산구 신창동,경상사고,0,0,1,0,차대차 - 추돌,안전운전불이행,건조,맑음,단일로 - 기타,승용,여,22세,상해없음,승용,여,56세,경상
2021072900100368,2021년 7월 29일 16시,목요일,광주광역시 동구 불로동,경상사고,0,0,1,0,차대차 - 기타,안전운전불이행,건조,맑음,단일로 - 기타,승용,남,47세,상해없음,개인형이동수단(PM),남,23세,경상
2021072900100462,2021년 7월 29일 19시,목요일,광주광역시 광산구 신창동,중상사고,0,1,2,0,차대차 - 측면충돌,차로위반,건조,맑음,기타 - 기타,승용,남,67세,경상,승용,남,63세,경상
2021072900100470,2021년 7월 29일 19시,목요일,광주광역시 광산구 월계동,경상사고,0,0,1,0,차대차 - 기타,안전운전불이행,건조,맑음,교차로 - 교차로횡단보도내,승용,여,52세,상해없음,이륜,남,31세,경상
2021072900100497,2021년 7월 29일 20시,목요일,광주광역시 광산구 월곡동,중상사고,0,1,0,0,차대사람 - 길가장자리구역통행중,안전운전불이행,건조,맑음,교차로 - 교차로안,이륜,남,30세,상해없음,보행자,남,6세,중상
2021072900100510,2021년 7월 29일 21시,목요일,광주광역시 북구 각화동,경상사고,0,0,2,0,차대차 - 측면충돌,차로위반,건조,맑음,단일로 - 기타,승용,여,52세,상해없음,승용,여,32세,경상
2021072900100518,2021년 7월 29일 21시,목요일,광주광역시 북구 오치동,경상사고,0,0,1,0,차대차 - 추돌,안전운전불이행,건조,맑음,단일로 - 기타,승용,남,48세,기타불명,승용,여,40세,경상
2021072900100519,2021년 7월 29일 21시,목요일,광주광역시 광산구 장록동,경상사고,0,0,3,0,차대차 - 측면충돌,신호위반,건조,맑음,교차로 - 교차로안,승용,남,61세,경상,승용,남,63세,경상
2021072900100520,2021년 7월 29일 21시,목요일,광주광역시 광산구 운남동,경상사고,0,0,1,0,차량단독 - 기타,안전운전불이행,건조,맑음,교차로 - 교차로안,개인형이동수단(PM),여,26세,경상,,,,
2021072900100551,2021년 7월 29일 22시,목요일,광주광역시 서구 쌍촌동,경상사고,0,0,1,0,차대차 - 후진중충돌,안전운전불이행,건조,맑음,단일로 - 기타,승용,남,63세,상해없음,승용,여,26세,경상
2021072900100569,2021년 7월 29일 23시,목요일,광주광역시 북구 용봉동,중상사고,0,1,0,0,차대차 - 기타,신호위반,건조,맑음,교차로 - 교차로안,승용,남,23세,상해없음,이륜,남,36세,중상
2021073000100018,2021년 7월 30일 04시,금요일,광주광역시 북구 연제동,중상사고,0,1,0,0,차량단독 - 전도전복 - 전복,안전운전불이행,건조,맑음,단일로 - 기타,승용,남,35세,상해없음,,,,
2021073000100062,2021년 7월 30일 07시,금요일,광주광역시 남구 봉선동,경상사고,0,0,1,0,차대사람 - 차도통행중,안전운전불이행,건조,맑음,단일로 - 기타,화물,남,47세,상해없음,보행자,여,70세,경상
2021073000100063,2021년 7월 30일 07시,금요일,광주광역시 북구 대촌동,중상사고,0,1,0,0,차대차 - 기타,교차로운행방법위반,건조,맑음,교차로 - 교차로안,승용,남,43세,기타불명,자전거,남,38세,중상
2021073000100090,2021년 7월 30일 08시,금요일,광주광역시 광산구 쌍암동,부상신고사고,0,0,0,1,차대차 - 측면충돌,불법유턴,건조,맑음,교차로 - 교차로횡단보도내,자전거,남,71세,부상신고,승용,남,38세,상해없음
2021073000100112,2021년 7월 30일 09시,금요일,광주광역시 북구 오치동,경상사고,0,0,4,0,차대차 - 측면충돌,안전운전불이행,건조,맑음,단일로 - 기타,승용,남,59세,상해없음,승합,남,45세,경상
2021073000100113,2021년 7월 30일 09시,금요일,광주광역시 광산구 쌍암동,중상사고,0,1,0,0,차대사람 - 기타,기타,건조,맑음,단일로 - 기타,승용,여,51세,상해없음,보행자,남,1세,중상
2021073000100146,2021년 7월 30일 10시,금요일,광주광역시 서구 매월동,경상사고,0,0,1,0,차대차 - 기타,안전운전불이행,건조,맑음,기타 - 기타,화물,남,64세,상해없음,승용,남,43세,경상
2021073000100147,2021년 7월 30일 10시,금요일,광주광역시 북구 각화동,중상사고,0,1,0,0,차대사람 - 기타,안전운전불이행,건조,맑음,단일로 - 기타,건설기계,남,45세,상해없음,보행자,여,75세,중상
2021073000100185,2021년 7월 30일 11시,금요일,광주광역시 남구 송하동,경상사고,0,0,2,0,차대차 - 측면충돌,신호위반,건조,맑음,단일로 - 기타,승용,여,60세,상해없음,승용,여,33세,경상
2021073000100225,2021년 7월 30일 12시,금요일,광주광역시 동구 대인동,경상사고,0,0,1,0,차대차 - 측면충돌,교차로운행방법위반,건조,맑음,교차로 - 교차로안,승용,남,38세,기타불명,이륜,남,57세,경상
2021073000100226,2021년 7월 30일 12시,금요일,광주광역시 북구 운암동,경상사고,0,0,1,0,차대차 - 추돌,안전운전불이행,건조,맑음,단일로 - 기타,승용,남,61세,상해없음,승용,남,51세,경상
2021073000100271,2021년 7월 30일 13시,금요일,광주광역시 동구 계림동,중상사고,0,1,1,0,차대사람 - 차도통행중,안전운전불이행,건조,맑음,교차로 - 교차로부근,이륜,남,45세,경상,보행자,여,8세,중상
2021073000100307,2021년 7월 30일 14시,금요일,광주광역시 북구 신안동,경상사고,0,0,2,0,차대차 - 측면충돌,안전운전불이행,건조,맑음,교차로 - 교차로안,승용,남,32세,상해없음,승용,남,61세,경상
2021073000100341,2021년 7월 30일 15시,금요일,광주광역시 동구 용산동,경상사고,0,0,1,0,차대차 - 추돌,안전운전불이행,건조,맑음,단일로 - 기타,승합,남,58세,상해없음,승용,남,53세,경상
2021073000100387,2021년 7월 30일 16시,금요일,광주광역시 서구 쌍촌동,경상사고,0,0,1,0,차대차 - 측면충돌,안전운전불이행,건조,맑음,교차로 - 교차로안,승용,남,30세,상해없음,승용,여,44세,경상
2021073000100388,2021년 7월 30일 16시,금요일,광주광역시 서구 유촌동,경상사고,0,0,1,0,차대차 - 측면충돌,안전운전불이행,건조,맑음,단일로 - 기타,승용,남,26세,상해없음,승용,남,31세,경상
2021073000100389,2021년 7월 30일 16시,금요일,광주광역시 남구 주월동,경상사고,0,0,1,0,차대차 - 측면충돌,신호위반,건조,맑음,교차로 - 교차로안,승용,남,34세,상해없음,자전거,남,18세,경상
2021073000100390,2021년 7월 30일 16시,금요일,광주광역시 광산구 운남동,경상사고,0,0,2,0,차대차 - 측면충돌,안전운전불이행,건조,맑음,교차로 - 교차로안,개인형이동수단(PM),여,20세,경상,승용,여,60세,경상
2021073000100427,2021년 7월 30일 17시,금요일,광주광역시 남구 진월동,경상사고,0,0,1,0,차대차 - 측면충돌,안전거리미확보,건조,맑음,교차로 - 교차로안,승용,남,81세,상해없음,승용,남,30세,경상
2021073000100428,2021년 7월 30일 17시,금요일,광주광역시 북구 월출동,부상신고사고,0,0,0,1,차대차 - 기타,안전거리미확보,건조,맑음,단일로 - 기타,승용,남,34세,부상신고,화물,남,55세,상해없음
2021073000100429,2021년 7월 30일 17시,금요일,광주광역시 북구 오룡동,경상사고,0,0,1,0,차대차 - 측면충돌,안전거리미확보,건조,맑음,단일로 - 기타,건설기계,남,68세,상해없음,승용,남,57세,경상
2021073000100470,2021년 7월 30일 18시,금요일,광주광역시 광산구 월곡동,중상사고,0,1,0,0,차대차 - 측면충돌,안전운전불이행,건조,맑음,교차로 - 교차로안,승용,여,29세,상해없음,이륜,남,17세,중상
2021073000100530,2021년 7월 30일 20시,금요일,광주광역시 북구 양산동,경상사고,0,0,2,0,차대차 - 기타,교차로운행방법위반,건조,맑음,교차로 - 교차로안,이륜,남,17세,경상,이륜,남,53세,경상
2021073000100531,2021년 7월 30일 20시,금요일,광주광역시 북구 본촌동,중상사고,0,1,0,0,차량단독 - 전도전복 - 전도,안전운전불이행,건조,흐림,단일로 - 기타,이륜,남,58세,중상,,,,
2021073000100562,2021년 7월 30일 21시,금요일,광주광역시 서구 농성동,경상사고,0,0,2,0,차대차 - 측면충돌,안전거리미확보,건조,맑음,단일로 - 기타,승용,남,69세,상해없음,승용,남,21세,경상
2021073000100563,2021년 7월 30일 21시,금요일,광주광역시 광산구 수완동,경상사고,0,0,4,0,차대차 - 측면충돌,안전운전불이행,젖음/습기,비,단일로 - 기타,화물,남,42세,상해없음,승용,남,26세,경상
2021073000100564,2021년 7월 30일 21시,금요일,광주광역시 광산구 운남동,경상사고,0,0,1,0,차대차 - 측면충돌,안전운전불이행,젖음/습기,흐림,교차로 - 교차로안,승용,남,23세,경상,화물,남,36세,상해없음
2021073000100598,2021년 7월 30일 22시,금요일,광주광역시 동구 동명동,경상사고,0,0,1,0,차대차 - 기타,안전운전불이행,건조,맑음,기타 - 기타,이륜,남,43세,경상,승용,남,25세,상해없음
2021073000100599,2021년 7월 30일 22시,금요일,광주광역시 서구 금호동,경상사고,0,0,2,0,차대차 - 측면충돌,중앙선침범,건조,맑음,교차로 - 교차로부근,승용,남,25세,상해없음,승용,남,67세,경상
2021073000100600,2021년 7월 30일 22시,금요일,광주광역시 북구 용봉동,중상사고,0,1,0,0,차대차 - 기타,안전거리미확보,젖음/습기,비,단일로 - 기타,승용,남,49세,상해없음,이륜,남,46세,중상
2021073000100623,2021년 7월 30일 23시,금요일,광주광역시 동구 산수동,중상사고,0,1,2,0,차대차 - 기타,중앙선침범,건조,맑음,단일로 - 기타,승용,남,22세,상해없음,승용,남,23세,경상
2021073000100624,2021년 7월 30일 23시,금요일,광주광역시 북구 망월동,경상사고,0,0,3,0,차대차 - 추돌,안전운전불이행,젖음/습기,비,교차로 - 교차로부근,승용,남,42세,상해없음,승용,여,33세,경상
2021073100100071,2021년 7월 31일 07시,토요일,광주광역시 서구 양동,경상사고,0,0,3,0,차대차 - 측면충돌,안전거리미확보,건조,맑음,단일로 - 기타,승용,남,54세,경상,승용,남,22세,경상
2021073100100095,2021년 7월 31일 09시,토요일,광주광역시 광산구 신창동,부상신고사고,0,0,0,1,차대차 - 측면충돌,불법유턴,건조,맑음,교차로 - 교차로횡단보도내,자전거,남,38세,부상신고,화물,남,46세,상해없음
2021073100100119,2021년 7월 31일 10시,토요일,광주광역시 북구 용봉동,경상사고,0,0,3,0,차대차 - 측면충돌,안전거리미확보,건조,맑음,단일로 - 기타,승용,남,56세,기타불명,승용,남,64세,경상
2021073100100154,2021년 7월 31일 11시,토요일,광주광역시 서구 광천동,경상사고,0,0,1,0,차대차 - 기타,안전운전불이행,건조,맑음,교차로 - 교차로안,승용,남,68세,상해없음,승용,남,43세,경상
2021073100100155,2021년 7월 31일 11시,토요일,광주광역시 북구 용봉동,경상사고,0,0,2,0,차대차 - 측면충돌,안전운전불이행,건조,맑음,교차로 - 교차로부근,승용,남,60세,경상,이륜,여,22세,경상
2021073100100257,2021년 7월 31일 13시,토요일,광주광역시 동구 지산동,경상사고,0,0,1,0,차대차 - 기타,안전운전불이행,건조,맑음,단일로 - 기타,승용,남,25세,상해없음,이륜,남,46세,경상
2021073100100293,2021년 7월 31일 14시,토요일,광주광역시 북구 운암동,경상사고,0,0,2,0,차대차 - 측면충돌,직진우회전진행방해,건조,맑음,교차로 - 교차로안,이륜,남,19세,경상,승용,여,48세,경상
2021073100100329,2021년 7월 31일 15시,토요일,광주광역시 남구 봉선동,경상사고,0,0,1,0,차대차 - 측면충돌,안전거리미확보,건조,맑음,단일로 - 기타,승용,남,54세,상해없음,승용,여,59세,경상
2021073100100357,2021년 7월 31일 16시,토요일,광주광역시 남구 행암동,경상사고,0,0,1,0,차대차 - 기타,안전운전불이행,건조,맑음,단일로 - 기타,승용,남,33세,상해없음,승용,남,28세,상해없음
2021073100100403,2021년 7월 31일 17시,토요일,광주광역시 동구 소태동,경상사고,0,0,1,0,차대차 - 측면충돌,신호위반,건조,맑음,단일로 - 터널,승용,남,47세,상해없음,승용,남,58세,경상
2021073100100404,2021년 7월 31일 17시,토요일,광주광역시 동구 계림동,경상사고,0,0,2,0,차대차 - 추돌,안전운전불이행,건조,맑음,교차로 - 교차로부근,승용,남,53세,상해없음,승용,여,26세,경상
2021073100100405,2021년 7월 31일 17시,토요일,광주광역시 서구 풍암동,경상사고,0,0,1,0,차대차 - 측면충돌,차로위반,건조,맑음,단일로 - 기타,승용,남,47세,상해없음,이륜,남,42세,경상
2021073100100406,2021년 7월 31일 17시,토요일,광주광역시 남구 진월동,중상사고,0,3,1,0,차대차 - 추돌,기타,건조,맑음,단일로 - 기타,화물,남,62세,상해없음,승용,남,73세,중상
2021073100100461,2021년 7월 31일 19시,토요일,광주광역시 서구 동천동,경상사고,0,0,1,0,차대차 - 기타,안전운전불이행,건조,맑음,교차로 - 교차로부근,자전거,남,56세,상해없음,이륜,여,39세,경상
2021073100100462,2021년 7월 31일 19시,토요일,광주광역시 북구 양산동,경상사고,0,0,1,0,차대차 - 후진중충돌,불법유턴,건조,맑음,단일로 - 기타,승용,남,63세,상해없음,이륜,남,16세,경상
2021073100100463,2021년 7월 31일 19시,토요일,광주광역시 북구 두암동,중상사고,0,1,0,0,차대차 - 기타,기타,건조,맑음,단일로 - 기타,승용,남,32세,상해없음,자전거,남,61세,중상
2021073100100493,2021년 7월 31일 20시,토요일,광주광역시 북구 용봉동,경상사고,0,0,2,0,차대사람 - 횡단중,신호위반,건조,맑음,교차로 - 교차로횡단보도내,이륜,남,52세,상해없음,보행자,남,64세,경상
2021073100100523,2021년 7월 31일 21시,토요일,광주광역시 서구 쌍촌동,경상사고,0,0,1,0,차대차 - 측면충돌,안전거리미확보,건조,맑음,단일로 - 기타,승용,남,63세,상해없음,승용,남,53세,상해없음
2021073100100524,2021년 7월 31일 21시,토요일,광주광역시 서구 치평동,경상사고,0,0,2,0,차대차 - 측면충돌,안전운전불이행,건조,맑음,단일로 - 기타,승용,남,41세,상해없음,승용,남,26세,경상
2021073100100525,2021년 7월 31일 21시,토요일,광주광역시 서구 마륵동,경상사고,0,0,1,0,차대차 - 기타,신호위반,건조,맑음,단일로 - 기타,승용,남,50세,상해없음,승용,여,32세,경상
2021073100100526,2021년 7월 31일 21시,토요일,광주광역시 북구 용봉동,부상신고사고,0,0,0,1,차대사람 - 차도통행중,안전운전불이행,건조,맑음,단일로 - 기타,승용,남,46세,상해없음,보행자,여,34세,부상신고
2021073100100527,2021년 7월 31일 21시,토요일,광주광역시 북구 각화동,경상사고,0,0,3,0,차대차 - 측면충돌,안전거리미확보,건조,맑음,교차로 - 교차로부근,승용,남,32세,상해없음,승용,남,49세,경상
2021073100100528,2021년 7월 31일 21시,토요일,광주광역시 광산구 신촌동,경상사고,0,0,3,0,차대차 - 측면충돌,신호위반,건조,맑음,교차로 - 교차로안,이륜,남,25세,기타불명,승용,남,60세,경상
2021073100100549,2021년 7월 31일 22시,토요일,광주광역시 서구 치평동,경상사고,0,0,1,0,차대사람 - 기타,안전운전불이행,건조,맑음,단일로 - 기타,이륜,남,32세,상해없음,보행자,여,23세,경상
2021073100100550,2021년 7월 31일 22시,토요일,광주광역시 북구 양산동,경상사고,0,0,2,0,차대차 - 추돌,안전운전불이행,건조,맑음,교차로 - 교차로부근,승용,남,41세,상해없음,승용,남,32세,경상
2021073100100565,2021년 7월 31일 23시,토요일,광주광역시 광산구 신창동,경상사고,0,0,3,0,차대차 - 추돌,안전운전불이행,건조,맑음,교차로 - 교차로부근,승용,남,61세,상해없음,승용,남,59세,경상
2021080100100016,2021년 8월 1일 01시,일요일,광주광역시 광산구 하남동,사망사고,1,0,0,0,차량단독 - 공작물충돌,기타,건조,맑음,교차로 - 교차로부근,승용,남,26세,기타불명,,,,
2021080100100071,2021년 8월 1일 09시,일요일,광주광역시 서구 유촌동,경상사고,0,0,3,0,차대차 - 추돌,안전운전불이행,건조,맑음,단일로 - 기타,승용,남,22세,상해없음,승용,여,30세,경상
2021080100100072,2021년 8월 1일 09시,일요일,광주광역시 남구 백운동,경상사고,0,0,1,0,차대차 - 측면충돌,안전운전불이행,건조,맑음,교차로 - 교차로부근,승용,남,17세,기타불명,승용,여,57세,경상
2021080100100169,2021년 8월 1일 13시,일요일,광주광역시 남구 임암동,경상사고,0,0,1,0,차대사람 - 기타,안전운전불이행,건조,맑음,단일로 - 기타,승용,남,47세,상해없음,보행자,여,53세,경상
2021080100100191,2021년 8월 1일 14시,일요일,광주광역시 북구 본촌동,경상사고,0,0,5,0,차대차 - 측면충돌,안전운전불이행,건조,맑음,교차로 - 교차로안,승용,남,18세,기타불명,화물,남,33세,경상
2021080100100250,2021년 8월 1일 16시,일요일,광주광역시 광산구 산정동,경상사고,0,0,1,0,차대차 - 추돌,안전운전불이행,젖음/습기,비,단일로 - 기타,승용,남,50세,상해없음,승용,여,64세,경상
2021080100100310,2021년 8월 1일 18시,일요일,광주광역시 남구 백운동,경상사고,0,0,1,0,차대차 - 측면충돌,교차로운행방법위반,젖음/습기,비,교차로 - 교차로안,승용,남,53세,상해없음,이륜,남,25세,경상
2021080100100347,2021년 8월 1일 19시,일요일,광주광역시 서구 유촌동,경상사고,0,0,1,0,차대차 - 측면충돌,안전운전불이행,젖음/습기,비,교차로 - 교차로안,승용,여,27세,상해없음,승용,남,37세,경상
2021080100100386,2021년 8월 1일 20시,일요일,광주광역시 서구 쌍촌동,중상사고,0,1,1,0,차대차 - 측면충돌,안전운전불이행,건조,맑음,단일로 - 기타,이륜,남,27세,중상,승용,남,54세,경상
2021080100100387,2021년 8월 1일 20시,일요일,광주광역시 북구 각화동,중상사고,0,1,0,0,차대차 - 기타,안전운전불이행,젖음/습기,비,교차로 - 교차로안,승합,남,31세,상해없음,이륜,남,75세,중상
2021080100100423,2021년 8월 1일 21시,일요일,광주광역시 남구 봉선동,중상사고,0,1,0,0,차대사람 - 횡단중,안전운전불이행,젖음/습기,흐림,교차로 - 교차로부근,승용,남,21세,상해없음,보행자,여,66세,중상
2021080100100442,2021년 8월 1일 22시,일요일,광주광역시 서구 치평동,경상사고,0,0,1,0,차대차 - 추돌,안전운전불이행,건조,맑음,교차로 - 교차로부근,승용,남,62세,상해없음,승용,남,26세,경상
2021080100100460,2021년 8월 1일 23시,일요일,광주광역시 서구 농성동,경상사고,0,0,2,0,차대차 - 측면충돌,신호위반,건조,맑음,교차로 - 교차로안,승용,여,74세,경상,승용,여,53세,경상
2021080200100251,2021년 8월 2일 13시,월요일,광주광역시 남구 송하동,경상사고,0,0,1,0,차량단독 - 공작물충돌,안전운전불이행,젖음/습기,맑음,단일로 - 기타,승용,남,62세,상해없음,,,,
2021080200100252,2021년 8월 2일 13시,월요일,광주광역시 광산구 수완동,경상사고,0,0,1,0,차대차 - 기타,교차로운행방법위반,젖음/습기,비,교차로 - 교차로안,승용,남,37세,상해없음,이륜,남,39세,경상
2021080200100334,2021년 8월 2일 15시,월요일,광주광역시 서구 치평동,경상사고,0,0,1,1,차대차 - 추돌,안전운전불이행,건조,맑음,단일로 - 기타,승용,남,77세,상해없음,승용,여,41세,경상
2021080200100364,2021년 8월 2일 16시,월요일,광주광역시 서구 금호동,경상사고,0,0,1,0,차대차 - 기타,안전거리미확보,건조,맑음,단일로 - 기타,화물,남,48세,상해없음,승용,남,53세,경상
2021080200100365,2021년 8월 2일 16시,월요일,광주광역시 남구 송하동,경상사고,0,0,1,0,차대차 - 측면충돌,안전거리미확보,젖음/습기,비,단일로 - 기타,승용,여,47세,상해없음,승용,남,59세,경상
2021080200100366,2021년 8월 2일 16시,월요일,광주광역시 북구 각화동,중상사고,0,1,0,0,차대사람 - 기타,안전운전불이행,젖음/습기,비,교차로 - 교차로안,승용,여,65세,상해없음,보행자,여,64세,중상
2021080200100510,2021년 8월 2일 20시,월요일,광주광역시 광산구 송정동,경상사고,0,0,1,0,차대사람 - 기타,안전운전불이행,침수,비,교차로 - 교차로안,승용,남,28세,상해없음,보행자,남,61세,경상
2021080200100539,2021년 8월 2일 21시,월요일,광주광역시 남구 주월동,경상사고,0,0,1,0,차대차 - 측면충돌,차로위반,건조,맑음,단일로 - 기타,승용,남,46세,상해없음,이륜,남,39세,경상
2021080200100560,2021년 8월 2일 22시,월요일,광주광역시 서구 쌍촌동,경상사고,0,0,1,0,차대차 - 추돌,안전운전불이행,젖음/습기,비,단일로 - 기타,승용,남,45세,상해없음,승용,여,21세,경상
2021080200100562,2021년 8월 2일 22시,월요일,광주광역시 광산구 수완동,경상사고,0,0,1,0,차대차 - 측면충돌,중앙선침범,젖음/습기,비,교차로 - 교차로부근,승용,남,46세,상해없음,승용,남,46세,경상
2021080300100011,2021년 8월 3일 01시,화요일,광주광역시 서구 치평동,경상사고,0,0,1,0,차대차 - 측면충돌,신호위반,젖음/습기,비,교차로 - 교차로안,승용,남,62세,상해없음,승용,남,19세,경상
2021080300100090,2021년 8월 3일 09시,화요일,광주광역시 광산구 소촌동,경상사고,0,0,4,0,차대차 - 측면충돌,직진우회전진행방해,건조,맑음,교차로 - 교차로안,승용,남,36세,경상,승용,여,71세,경상
2021080300100157,2021년 8월 3일 11시,화요일,광주광역시 남구 주월동,경상사고,0,0,2,0,차대차 - 기타,안전운전불이행,건조,맑음,단일로 - 기타,승용,여,28세,상해없음,승용,여,52세,상해없음
2021080300100181,2021년 8월 3일 12시,화요일,광주광역시 서구 치평동,경상사고,0,0,1,0,차대차 - 추돌,안전거리미확보,건조,맑음,교차로 - 교차로부근,승용,여,42세,상해없음,승용,남,45세,경상
2021080300100182,2021년 8월 3일 12시,화요일,광주광역시 서구 치평동,경상사고,0,0,1,0,차대차 - 추돌,안전운전불이행,건조,맑음,교차로 - 교차로안,화물,남,41세,상해없음,승용,여,42세,경상
2021080300100251,2021년 8월 3일 14시,화요일,광주광역시 동구 계림동,경상사고,0,0,2,0,차대차 - 추돌,안전운전불이행,건조,맑음,단일로 - 기타,승용,남,70세,기타불명,승용,남,30세,경상
2021080300100252,2021년 8월 3일 14시,화요일,광주광역시 광산구 송정동,경상사고,0,0,1,0,차대차 - 측면충돌,안전거리미확보,건조,맑음,교차로 - 교차로부근,승용,여,49세,상해없음,승용,남,36세,경상
2021080300100322,2021년 8월 3일 16시,화요일,광주광역시 북구 중흥동,중상사고,0,1,0,0,차대사람 - 기타,안전운전불이행,건조,흐림,단일로 - 기타,승용,남,65세,상해없음,보행자,남,65세,중상
2021080300100364,2021년 8월 3일 17시,화요일,광주광역시 광산구 수완동,경상사고,0,0,1,0,차대차 - 측면충돌,차로위반,건조,맑음,교차로 - 교차로부근,승용,여,55세,상해없음,승용,남,22세,경상
2021080300100433,2021년 8월 3일 19시,화요일,광주광역시 북구 동림동,경상사고,0,0,1,0,차대차 - 기타,안전운전불이행,건조,맑음,단일로 - 기타,이륜,남,36세,상해없음,승용,남,58세,경상
2021080300100481,2021년 8월 3일 21시,화요일,광주광역시 서구 화정동,경상사고,0,0,2,0,차대차 - 측면충돌,안전운전불이행,건조,흐림,교차로 - 교차로안,승용,남,58세,상해없음,승용,남,37세,경상
2021080300100504,2021년 8월 3일 22시,화요일,광주광역시 북구 풍향동,경상사고,0,0,1,0,차대차 - 기타,안전운전불이행,건조,맑음,단일로 - 기타,화물,남,61세,상해없음,승용,남,54세,경상
2021080300100518,2021년 8월 3일 23시,화요일,광주광역시 광산구 신창동,경상사고,0,0,1,0,차대사람 - 기타,안전운전불이행,건조,맑음,단일로 - 기타,원동기,남,32세,상해없음,보행자,남,27세,경상
2021080400100006,2021년 8월 4일 00시,수요일,광주광역시 북구 중흥동,중상사고,0,1,0,0,차대차 - 측면충돌,교차로운행방법위반,건조,맑음,교차로 - 교차로안,이륜,남,19세,중상,승용,남,41세,상해없음
2021080400100056,2021년 8월 4일 07시,수요일,광주광역시 서구 치평동,경상사고,0,0,2,0,차대차 - 측면충돌,신호위반,건조,맑음,교차로 - 교차로안,승용,남,36세,상해없음,승용,남,62세,경상
2021080400100091,2021년 8월 4일 08시,수요일,광주광역시 동구 황금동,경상사고,0,0,1,0,차대사람 - 기타,신호위반,건조,맑음,단일로 - 기타,화물,남,65세,상해없음,보행자,남,48세,경상
2021080400100118,2021년 8월 4일 09시,수요일,광주광역시 서구 치평동,경상사고,0,0,5,0,차대차 - 측면충돌,중앙선침범,건조,맑음,교차로 - 교차로부근,승용,남,37세,상해없음,승용,남,26세,경상
2021080400100119,2021년 8월 4일 09시,수요일,광주광역시 광산구 수완동,경상사고,0,0,2,0,차대차 - 측면충돌,안전거리미확보,건조,맑음,교차로 - 교차로부근,승용,남,69세,경상,승용,여,25세,경상
2021080400100154,2021년 8월 4일 10시,수요일,광주광역시 동구 소태동,경상사고,0,0,1,0,차대차 - 추돌,안전운전불이행,건조,맑음,단일로 - 기타,승용,남,29세,상해없음,승용,남,27세,경상
2021080400100155,2021년 8월 4일 10시,수요일,광주광역시 광산구 장덕동,경상사고,0,0,7,0,차대차 - 추돌,안전거리미확보,건조,맑음,교차로 - 교차로안,화물,남,41세,상해없음,승용,여,37세,경상
2021080400100184,2021년 8월 4일 11시,수요일,광주광역시 서구 치평동,경상사고,0,0,2,0,차대차 - 측면충돌,기타,건조,맑음,교차로 - 교차로안,승용,남,30세,상해없음,승용,여,65세,경상
2021080400100185,2021년 8월 4일 11시,수요일,광주광역시 서구 농성동,중상사고,0,1,0,0,차대차 - 기타,차로위반,건조,맑음,단일로 - 기타,화물,남,60세,상해없음,이륜,남,38세,중상
2021080400100186,2021년 8월 4일 11시,수요일,광주광역시 광산구 송정동,경상사고,0,0,1,0,차대차 - 기타,기타,건조,맑음,단일로 - 기타,승용,남,61세,상해없음,자전거,여,66세,경상
2021080400100214,2021년 8월 4일 12시,수요일,광주광역시 광산구 신가동,경상사고,0,0,1,0,차대차 - 측면충돌,안전운전불이행,건조,맑음,단일로 - 기타,이륜,여,29세,상해없음,자전거,남,9세,경상
2021080400100215,2021년 8월 4일 12시,수요일,광주광역시 광산구 쌍암동,경상사고,0,0,1,0,차대차 - 측면충돌,신호위반,건조,맑음,교차로 - 교차로안,승용,남,52세,상해없음,이륜,남,44세,경상
2021080400100294,2021년 8월 4일 14시,수요일,광주광역시 북구 동림동,경상사고,0,0,5,0,차대차 - 측면충돌,안전운전불이행,건조,맑음,교차로 - 교차로부근,승용,남,21세,경상,승용,여,35세,경상
2021080400100332,2021년 8월 4일 15시,수요일,광주광역시 북구 용봉동,경상사고,0,0,1,0,차대차 - 기타,안전운전불이행,건조,맑음,기타 - 기타,승용,여,26세,상해없음,이륜,남,20세,경상
2021080400100333,2021년 8월 4일 15시,수요일,광주광역시 광산구 신창동,경상사고,0,0,2,0,차대차 - 기타,기타,건조,맑음,교차로 - 교차로부근,화물,남,81세,상해없음,승용,남,42세,경상
2021080400100368,2021년 8월 4일 16시,수요일,광주광역시 서구 광천동,경상사고,0,0,1,1,차대차 - 추돌,안전운전불이행,건조,맑음,교차로 - 교차로부근,화물,남,38세,부상신고,승용,남,46세,경상
2021080400100369,2021년 8월 4일 16시,수요일,광주광역시 북구 운암동,경상사고,0,0,1,0,차대차 - 추돌,안전거리미확보,건조,맑음,단일로 - 기타,승용,남,71세,상해없음,승용,여,35세,경상
2021080400100370,2021년 8월 4일 16시,수요일,광주광역시 광산구 비아동,경상사고,0,0,2,0,차대차 - 측면충돌,안전운전불이행,건조,맑음,단일로 - 기타,승용,남,64세,기타불명,승용,남,32세,경상
2021080400100371,2021년 8월 4일 16시,수요일,광주광역시 광산구 장덕동,중상사고,0,1,0,0,차대차 - 기타,안전거리미확보,건조,맑음,단일로 - 기타,승용,남,41세,상해없음,이륜,남,21세,중상
2021080400100429,2021년 8월 4일 17시,수요일,광주광역시 서구 벽진동,경상사고,0,0,1,0,차대차 - 추돌,안전운전불이행,건조,맑음,교차로 - 교차로부근,승용,남,67세,상해없음,화물,남,46세,경상