사고번호,사고일시,요일,시군구,사고내용,사망자수,중상자수,경상자수,부상신고자수,사고유형,법규위반,노면상태,기상상태,도로형태,가해운전자 차종,가해운전자 성별,가해운전자 연령,가해운전자 상해정도,피해운전자 차종,피해운전자 성별,피해운전자 연령,피해운전자 상해정도
2021081700100052,2021년 8월 17일 07시,화요일,광주광역시 광산구 수완동,중상사고,0,1,5,0,차대차 - 측면충돌,안전운전불이행,건조,맑음,교차로 - 교차로안,승용,남,19세,상해없음,승합,남,60세,상해없음
2021081700100087,2021년 8월 17일 08시,화요일,광주광역시 북구 운암동,경상사고,0,0,1,0,차대차 - 측면충돌,안전운전불이행,건조,맑음,단일로 - 기타,승용,남,38세,상해없음,화물,남,43세,경상
2021081700100154,2021년 8월 17일 10시,화요일,광주광역시 남구 월산동,경상사고,0,0,1,0,차대차 - 측면충돌,교차로운행방법위반,건조,맑음,교차로 - 교차로안,승용,남,76세,상해없음,승용,남,29세,경상
2021081700100155,2021년 8월 17일 10시,화요일,광주광역시 광산구 송정동,경상사고,0,0,1,1,차대차 - 측면충돌,직진우회전진행방해,건조,맑음,교차로 - 교차로안,승용,남,27세,부상신고,승용,남,29세,경상
2021081700100189,2021년 8월 17일 11시,화요일,광주광역시 북구 일곡동,경상사고,0,0,3,0,차대차 - 기타,안전운전불이행,건조,맑음,단일로 - 기타,승용,여,69세,상해없음,승용,여,25세,경상
2021081700100295,2021년 8월 17일 14시,화요일,광주광역시 북구 양산동,경상사고,0,0,1,0,차대차 - 기타,신호위반,건조,맑음,교차로 - 교차로안,승용,남,20세,상해없음,승용,여,54세,경상
2021081700100334,2021년 8월 17일 15시,화요일,광주광역시 서구 농성동,중상사고,0,1,1,0,차대차 - 기타,신호위반,건조,맑음,교차로 - 교차로안,승용,여,73세,중상,승용,남,69세,경상
2021081700100374,2021년 8월 17일 16시,화요일,광주광역시 남구 주월동,경상사고,0,0,1,0,차대차 - 측면충돌,교차로운행방법위반,건조,맑음,교차로 - 교차로안,화물,남,62세,상해없음,승용,여,39세,경상
2021081700100375,2021년 8월 17일 16시,화요일,광주광역시 광산구 소촌동,경상사고,0,0,1,0,차대차 - 측면충돌,안전운전불이행,건조,맑음,단일로 - 기타,화물,남,62세,상해없음,승용,남,22세,상해없음
2021081700100419,2021년 8월 17일 17시,화요일,광주광역시 서구 화정동,경상사고,0,0,2,0,차대차 - 측면충돌,안전거리미확보,건조,맑음,단일로 - 기타,승용,남,63세,상해없음,화물,남,57세,경상
2021081700100420,2021년 8월 17일 17시,화요일,광주광역시 북구 삼각동,경상사고,0,0,1,0,차대차 - 기타,안전운전불이행,건조,맑음,교차로 - 교차로안,승용,남,34세,상해없음,자전거,여,75세,경상
2021081700100490,2021년 8월 17일 19시,화요일,광주광역시 서구 치평동,중상사고,0,1,0,0,차대사람 - 횡단중,보행자보호의무위반,건조,맑음,교차로 - 교차로안,화물,남,43세,상해없음,보행자,여,23세,중상
2021081700100552,2021년 8월 17일 21시,화요일,광주광역시 북구 신안동,경상사고,0,0,1,0,차대차 - 추돌,안전운전불이행,젖음/습기,비,단일로 - 기타,승용,남,47세,상해없음,승용,남,38세,경상
2021081700100553,2021년 8월 17일 21시,화요일,광주광역시 북구 양산동,경상사고,0,0,2,0,차대차 - 측면충돌,안전운전불이행,젖음/습기,비,단일로 - 기타,승용,여,56세,경상,이륜,남,50세,경상
2021081700100578,2021년 8월 17일 22시,화요일,광주광역시 광산구 비아동,경상사고,0,0,4,0,차대차 - 측면충돌,안전거리미확보,젖음/습기,흐림,교차로 - 교차로부근,승용,남,50세,경상,승용,남,50세,경상
2021081700100591,2021년 8월 17일 23시,화요일,광주광역시 서구 화정동,경상사고,0,0,1,0,차대차 - 기타,안전운전불이행,젖음/습기,비,교차로 - 교차로횡단보도내,승용,여,64세,상해없음,이륜,남,24세,경상
2021081700100592,2021년 8월 17일 23시,화요일,광주광역시 광산구 운수동,경상사고,0,0,2,0,차대차 - 추돌,안전운전불이행,건조,맑음,교차로 - 교차로부근,승용,남,31세,상해없음,승용,남,28세,경상
2021081800100032,2021년 8월 18일 06시,수요일,광주광역시 서구 화정동,경상사고,0,0,2,0,차대차 - 측면충돌,신호위반,건조,맑음,교차로 - 교차로안,승용,남,28세,경상,화물,남,56세,경상
2021081800100052,2021년 8월 18일 07시,수요일,광주광역시 광산구 장록동,경상사고,0,0,2,0,차대차 - 측면충돌,안전거리미확보,건조,맑음,단일로 - 기타,승용,남,59세,상해없음,승용,남,35세,경상
2021081800100107,2021년 8월 18일 09시,수요일,광주광역시 서구 매월동,경상사고,0,0,1,0,차대차 - 기타,교차로운행방법위반,건조,맑음,교차로 - 교차로안,승용,남,32세,상해없음,승용,여,27세,경상
2021081800100108,2021년 8월 18일 09시,수요일,광주광역시 북구 용봉동,경상사고,0,0,1,0,차대사람 - 횡단중,안전운전불이행,건조,맑음,단일로 - 기타,개인형이동수단(PM),남,25세,상해없음,보행자,여,28세,경상
2021081800100109,2021년 8월 18일 09시,수요일,광주광역시 광산구 신창동,경상사고,0,0,1,0,차대차 - 측면충돌,안전운전불이행,건조,맑음,단일로 - 기타,승용,남,29세,기타불명,승용,남,29세,경상
2021081800100138,2021년 8월 18일 10시,수요일,광주광역시 서구 광천동,경상사고,0,0,1,0,차대차 - 측면충돌,신호위반,건조,맑음,교차로 - 교차로안,승용,남,43세,상해없음,화물,남,67세,상해없음
2021081800100202,2021년 8월 18일 12시,수요일,광주광역시 북구 임동,부상신고사고,0,0,0,6,차대차 - 측면충돌,교차로운행방법위반,건조,맑음,교차로 - 교차로안,승용,여,63세,기타불명,승용,남,31세,부상신고
2021081800100339,2021년 8월 18일 16시,수요일,광주광역시 서구 광천동,경상사고,0,0,2,0,차대차 - 추돌,안전운전불이행,젖음/습기,비,단일로 - 기타,승용,남,68세,상해없음,승용,남,53세,경상
2021081800100340,2021년 8월 18일 16시,수요일,광주광역시 북구 본촌동,경상사고,0,0,1,0,차대차 - 측면충돌,안전운전불이행,젖음/습기,비,단일로 - 기타,승용,여,74세,기타불명,승용,여,51세,경상
2021081800100396,2021년 8월 18일 17시,수요일,광주광역시 광산구 고룡동,경상사고,0,0,1,0,차대차 - 측면충돌,안전운전불이행,건조,맑음,단일로 - 고가도로위,승용,남,71세,상해없음,화물,남,57세,경상
2021081800100440,2021년 8월 18일 18시,수요일,광주광역시 북구 중흥동,경상사고,0,0,1,0,차대차 - 측면충돌,안전운전불이행,젖음/습기,비,단일로 - 기타,승용,남,59세,상해없음,승용,여,56세,경상
2021081800100441,2021년 8월 18일 18시,수요일,광주광역시 북구 일곡동,경상사고,0,0,1,0,차대차 - 기타,교차로운행방법위반,젖음/습기,비,교차로 - 교차로안,승용,남,50세,상해없음,이륜,남,31세,경상
2021081800100442,2021년 8월 18일 18시,수요일,광주광역시 광산구 송정동,경상사고,0,0,1,0,차대차 - 정면충돌,안전운전불이행,젖음/습기,비,단일로 - 기타,화물,남,71세,상해없음,승용,남,72세,경상
2021081800100443,2021년 8월 18일 18시,수요일,광주광역시 광산구 신창동,경상사고,0,0,1,0,차대차 - 기타,안전운전불이행,젖음/습기,비,교차로 - 교차로안,화물,남,54세,상해없음,이륜,남,16세,경상
2021081800100481,2021년 8월 18일 19시,수요일,광주광역시 서구 화정동,경상사고,0,0,1,1,차대차 - 기타,신호위반,젖음/습기,비,교차로 - 교차로안,이륜,남,18세,부상신고,승용,남,61세,경상
2021081800100482,2021년 8월 18일 19시,수요일,광주광역시 서구 벽진동,경상사고,0,0,2,0,차대차 - 추돌,안전운전불이행,건조,맑음,교차로 - 교차로부근,화물,남,34세,상해없음,승용,여,51세,경상
2021081800100483,2021년 8월 18일 19시,수요일,광주광역시 광산구 수완동,경상사고,0,0,1,0,차대차 - 추돌,안전운전불이행,젖음/습기,흐림,단일로 - 기타,원동기,남,19세,상해없음,승용,남,56세,경상
2021081800100515,2021년 8월 18일 20시,수요일,광주광역시 광산구 우산동,경상사고,0,0,1,0,차대차 - 측면충돌,교차로운행방법위반,건조,맑음,교차로 - 교차로안,이륜,남,22세,경상,승용,남,58세,상해없음
2021081900100030,2021년 8월 19일 06시,목요일,광주광역시 서구 마륵동,경상사고,0,0,1,0,차대차 - 추돌,안전운전불이행,건조,맑음,단일로 - 기타,승용,남,68세,상해없음,승용,남,43세,경상
2021081900100084,2021년 8월 19일 08시,목요일,광주광역시 동구 지산동,경상사고,0,0,1,0,차대차 - 측면충돌,안전운전불이행,건조,맑음,단일로 - 기타,승용,남,73세,기타불명,승용,남,30세,경상
2021081900100085,2021년 8월 19일 08시,목요일,광주광역시 서구 농성동,경상사고,0,0,1,0,차대차 - 측면충돌,안전운전불이행,건조,맑음,교차로 - 교차로부근,승용,남,68세,상해없음,화물,남,45세,경상
2021081900100123,2021년 8월 19일 09시,목요일,광주광역시 서구 치평동,경상사고,0,0,1,0,차대차 - 측면충돌,안전운전불이행,건조,맑음,단일로 - 기타,승용,여,28세,상해없음,이륜,남,27세,경상
2021081900100124,2021년 8월 19일 09시,목요일,광주광역시 서구 금호동,경상사고,0,0,1,0,차대차 - 측면충돌,교차로운행방법위반,건조,맑음,교차로 - 교차로안,승용,여,35세,상해없음,이륜,남,33세,경상
2021081900100125,2021년 8월 19일 09시,목요일,광주광역시 북구 문흥동,경상사고,0,0,3,0,차대차 - 추돌,안전거리미확보,건조,맑음,교차로 - 교차로안,승용,남,47세,상해없음,승용,남,42세,경상
2021081900100126,2021년 8월 19일 09시,목요일,광주광역시 북구 풍향동,경상사고,0,0,1,0,차대사람 - 차도통행중,안전운전불이행,건조,맑음,단일로 - 기타,화물,남,46세,상해없음,보행자,남,7세,경상
2021081900100161,2021년 8월 19일 10시,목요일,광주광역시 서구 동천동,경상사고,0,0,1,0,차대차 - 측면충돌,안전운전불이행,건조,맑음,교차로 - 교차로안,승용,남,56세,상해없음,승용,남,33세,경상
2021081900100162,2021년 8월 19일 10시,목요일,광주광역시 북구 용봉동,경상사고,0,0,2,0,차대차 - 측면충돌,직진우회전진행방해,건조,맑음,교차로 - 교차로안,승용,남,58세,경상,승용,여,49세,경상
2021081900100199,2021년 8월 19일 11시,목요일,광주광역시 서구 쌍촌동,경상사고,0,0,3,0,차대차 - 기타,안전거리미확보,건조,맑음,단일로 - 기타,특수,남,45세,경상,승용,남,70세,경상
2021081900100232,2021년 8월 19일 12시,목요일,광주광역시 남구 백운동,경상사고,0,0,1,0,차대차 - 측면충돌,안전운전불이행,건조,맑음,단일로 - 기타,화물,남,70세,상해없음,승용,남,54세,경상
2021081900100259,2021년 8월 19일 13시,목요일,광주광역시 서구 매월동,경상사고,0,0,1,0,차대차 - 기타,안전운전불이행,건조,맑음,교차로 - 교차로부근,승용,여,66세,상해없음,승용,남,27세,경상
2021081900100260,2021년 8월 19일 13시,목요일,광주광역시 북구 신안동,경상사고,0,0,2,0,차대차 - 기타,교차로운행방법위반,젖음/습기,맑음,교차로 - 교차로부근,승용,남,49세,상해없음,승용,남,24세,경상
2021081900100261,2021년 8월 19일 13시,목요일,광주광역시 광산구 산정동,경상사고,0,0,1,0,차대차 - 측면충돌,안전운전불이행,건조,맑음,교차로 - 교차로부근,화물,남,67세,상해없음,이륜,남,64세,경상
2021081900100296,2021년 8월 19일 14시,목요일,광주광역시 동구 충장로5가,경상사고,0,0,1,0,차대차 - 기타,중앙선침범,건조,맑음,기타 - 기타,개인형이동수단(PM),남,20세,상해없음,승용,여,27세,경상
2021081900100297,2021년 8월 19일 14시,목요일,광주광역시 서구 치평동,경상사고,0,0,1,0,차대차 - 측면충돌,교차로운행방법위반,건조,맑음,교차로 - 교차로안,화물,남,58세,상해없음,승용,남,52세,경상
2021081900100298,2021년 8월 19일 14시,목요일,광주광역시 광산구 도산동,중상사고,0,1,0,0,차대사람 - 횡단중,보행자보호의무위반,건조,맑음,단일로 - 기타,승용,남,56세,상해없음,보행자,여,24세,중상
2021081900100336,2021년 8월 19일 15시,목요일,광주광역시 동구 금남로5가,경상사고,0,0,1,0,차대차 - 기타,안전운전불이행,건조,맑음,단일로 - 기타,승용,여,72세,상해없음,승용,여,39세,경상
2021081900100337,2021년 8월 19일 15시,목요일,광주광역시 동구 산수동,경상사고,0,0,1,0,차대차 - 추돌,안전거리미확보,건조,맑음,교차로 - 교차로안,승용,여,59세,상해없음,승용,남,39세,경상
2021081900100339,2021년 8월 19일 15시,목요일,광주광역시 광산구 쌍암동,경상사고,0,0,1,0,차대차 - 측면충돌,직진우회전진행방해,젖음/습기,흐림,교차로 - 교차로안,승용,여,24세,상해없음,자전거,여,59세,경상
2021081900100340,2021년 8월 19일 15시,목요일,광주광역시 광산구 신촌동,경상사고,0,0,4,0,차대차 - 측면충돌,교차로운행방법위반,건조,맑음,교차로 - 교차로안,승용,여,48세,상해없음,승용,여,57세,경상
2021081900100373,2021년 8월 19일 16시,목요일,광주광역시 서구 화정동,경상사고,0,0,1,0,차대차 - 추돌,안전운전불이행,젖음/습기,비,단일로 - 기타,화물,남,31세,상해없음,승용,남,36세,상해없음
2021081900100374,2021년 8월 19일 16시,목요일,광주광역시 북구 양산동,경상사고,0,0,1,0,차대차 - 기타,안전운전불이행,젖음/습기,비,단일로 - 기타,자전거,남,11세,경상,승용,남,65세,상해없음
2021081900100375,2021년 8월 19일 16시,목요일,광주광역시 광산구 장덕동,중상사고,0,1,0,0,차대차 - 측면충돌,신호위반,젖음/습기,비,교차로 - 교차로횡단보도내,승용,남,31세,상해없음,자전거,남,28세,중상
2021081900100376,2021년 8월 19일 16시,목요일,광주광역시 광산구 산월동,경상사고,0,0,3,0,차대차 - 측면충돌,안전거리미확보,건조,맑음,단일로 - 기타,승용,남,47세,경상,승용,남,47세,경상
2021081900100420,2021년 8월 19일 17시,목요일,광주광역시 동구 소태동,경상사고,0,0,1,0,차대차 - 기타,안전거리미확보,건조,맑음,단일로 - 기타,승용,여,54세,상해없음,승용,남,47세,경상
2021081900100461,2021년 8월 19일 18시,목요일,광주광역시 북구 신용동,경상사고,0,0,1,0,차대차 - 기타,안전운전불이행,젖음/습기,비,단일로 - 기타,자전거,여,50세,경상,승용,남,37세,상해없음
2021081900100462,2021년 8월 19일 18시,목요일,광주광역시 북구 월출동,부상신고사고,0,0,0,1,차대차 - 측면충돌,안전운전불이행,건조,맑음,교차로 - 교차로안,사륜오토바이(ATV),남,43세,상해없음,승용,남,60세,부상신고
2021081900100496,2021년 8월 19일 19시,목요일,광주광역시 북구 우산동,경상사고,0,0,2,0,차대차 - 측면충돌,안전운전불이행,건조,맑음,교차로 - 교차로안,개인형이동수단(PM),남,19세,경상,승용,여,25세,경상
2021081900100524,2021년 8월 19일 20시,목요일,광주광역시 서구 양동,경상사고,0,0,2,0,차대차 - 추돌,안전거리미확보,젖음/습기,흐림,교차로 - 교차로부근,승용,남,30세,상해없음,승용,남,74세,경상
2021081900100525,2021년 8월 19일 20시,목요일,광주광역시 서구 화정동,경상사고,0,0,1,0,차대차 - 기타,안전운전불이행,건조,맑음,교차로 - 교차로안,이륜,남,55세,상해없음,승용,남,43세,경상
2021081900100575,2021년 8월 19일 22시,목요일,광주광역시 남구 주월동,경상사고,0,0,1,0,차대차 - 기타,안전운전불이행,젖음/습기,흐림,교차로 - 교차로안,승용,남,35세,상해없음,개인형이동수단(PM),남,39세,경상
2021081900100576,2021년 8월 19일 22시,목요일,광주광역시 광산구 월계동,중상사고,0,1,1,0,차대차 - 기타,신호위반,젖음/습기,맑음,교차로 - 교차로안,이륜,남,19세,기타불명,이륜,남,42세,중상
2021081900100587,2021년 8월 19일 23시,목요일,광주광역시 서구 쌍촌동,경상사고,0,0,1,0,차대차 - 정면충돌,안전운전불이행,건조,맑음,단일로 - 기타,승용,남,49세,상해없음,이륜,남,36세,경상
2021081900100588,2021년 8월 19일 23시,목요일,광주광역시 서구 쌍촌동,경상사고,0,0,1,0,차대차 - 측면충돌,안전거리미확보,건조,맑음,단일로 - 기타,이륜,남,42세,기타불명,승용,여,29세,경상
2021081900100589,2021년 8월 19일 23시,목요일,광주광역시 광산구 수완동,경상사고,0,0,1,0,차대차 - 측면충돌,중앙선침범,건조,맑음,교차로 - 교차로부근,승용,여,31세,상해없음,승용,남,37세,경상
2021082000100080,2021년 8월 20일 08시,금요일,광주광역시 광산구 신촌동,경상사고,0,0,2,0,차대차 - 추돌,안전거리미확보,건조,맑음,교차로 - 교차로안,승용,남,70세,상해없음,승용,남,42세,경상
2021082000100107,2021년 8월 20일 09시,금요일,광주광역시 북구 각화동,경상사고,0,0,1,0,차대차 - 추돌,안전운전불이행,기타,기타,교차로 - 교차로부근,건설기계,남,27세,상해없음,승용,여,46세,경상
2021082000100108,2021년 8월 20일 09시,금요일,광주광역시 광산구 비아동,경상사고,0,0,1,0,차대차 - 측면충돌,안전운전불이행,건조,맑음,교차로 - 교차로안,화물,남,61세,경상,화물,남,54세,기타불명
2021082000100135,2021년 8월 20일 10시,금요일,광주광역시 동구 학동,경상사고,0,0,1,0,차대사람 - 길가장자리구역통행중,안전운전불이행,건조,맑음,교차로 - 교차로부근,승용,남,48세,상해없음,보행자,남,59세,경상
2021082000100170,2021년 8월 20일 11시,금요일,광주광역시 서구 양동,경상사고,0,0,1,0,차대차 - 측면충돌,안전운전불이행,건조,맑음,교차로 - 교차로부근,승용,남,45세,경상,화물,남,49세,상해없음
2021082000100171,2021년 8월 20일 11시,금요일,광주광역시 남구 봉선동,중상사고,0,1,0,0,차대사람 - 횡단중,안전운전불이행,건조,맑음,교차로 - 교차로부근,승용,여,58세,상해없음,보행자,여,70세,중상
2021082000100172,2021년 8월 20일 11시,금요일,광주광역시 북구 각화동,경상사고,0,0,1,0,차대사람 - 기타,기타,건조,맑음,기타 - 기타,화물,남,35세,상해없음,보행자,여,52세,경상
2021082000100173,2021년 8월 20일 11시,금요일,광주광역시 북구 용봉동,경상사고,0,0,2,0,차대차 - 측면충돌,교차로운행방법위반,건조,맑음,교차로 - 교차로안,승용,남,33세,경상,승용,남,56세,경상
2021082000100247,2021년 8월 20일 13시,금요일,광주광역시 북구 동림동,경상사고,0,0,2,0,차대차 - 측면충돌,안전거리미확보,건조,맑음,기타 - 기타,승용,여,60세,상해없음,화물,남,54세,경상
2021082000100251,2021년 8월 20일 13시,금요일,광주광역시 북구 오치동,경상사고,0,0,2,0,차대차 - 기타,안전운전불이행,건조,맑음,교차로 - 교차로안,승용,여,56세,경상,승용,남,70세,경상
2021082000100252,2021년 8월 20일 13시,금요일,광주광역시 광산구 신가동,경상사고,0,0,1,0,차대차 - 측면충돌,중앙선침범,건조,맑음,교차로 - 교차로부근,화물,남,45세,상해없음,이륜,남,19세,경상
2021082000100293,2021년 8월 20일 14시,금요일,광주광역시 남구 봉선동,경상사고,0,0,3,0,차대차 - 측면충돌,교차로운행방법위반,건조,맑음,교차로 - 교차로안,승용,여,59세,상해없음,승합,남,37세,경상
2021082000100294,2021년 8월 20일 14시,금요일,광주광역시 남구 주월동,경상사고,0,0,2,0,차대차 - 기타,안전운전불이행,건조,맑음,교차로 - 교차로부근,건설기계,남,61세,상해없음,승용,여,58세,경상
2021082000100330,2021년 8월 20일 15시,금요일,광주광역시 서구 쌍촌동,경상사고,0,0,1,0,차대차 - 추돌,안전거리미확보,건조,맑음,교차로 - 교차로부근,승용,남,51세,상해없음,승용,남,61세,상해없음
2021082000100364,2021년 8월 20일 16시,금요일,광주광역시 북구 각화동,경상사고,0,0,1,0,차대차 - 측면충돌,안전거리미확보,건조,맑음,단일로 - 기타,승용,남,52세,상해없음,승용,여,39세,경상
2021082000100373,2021년 8월 20일 16시,금요일,광주광역시 북구 중흥동,경상사고,0,0,3,0,차대차 - 추돌,안전운전불이행,건조,맑음,단일로 - 기타,승용,여,28세,상해없음,승용,남,24세,경상
2021082000100430,2021년 8월 20일 17시,금요일,광주광역시 서구 매월동,경상사고,0,0,1,0,차대차 - 측면충돌,안전거리미확보,건조,맑음,단일로 - 기타,승용,남,34세,상해없음,승용,남,39세,경상
2021082000100431,2021년 8월 20일 17시,금요일,광주광역시 북구 대촌동,경상사고,0,0,5,0,차대차 - 측면충돌,안전거리미확보,건조,맑음,교차로 - 교차로안,승용,남,22세,상해없음,승용,남,63세,경상
2021082000100432,2021년 8월 20일 17시,금요일,광주광역시 북구 일곡동,경상사고,0,0,2,0,차대차 - 측면충돌,안전운전불이행,건조,맑음,교차로 - 교차로안,승용,남,36세,경상,승용,남,26세,경상
2021082000100552,2021년 8월 20일 20시,금요일,광주광역시 북구 두암동,부상신고사고,0,0,0,1,차대차 - 측면충돌,신호위반,건조,맑음,교차로 - 교차로부근,이륜,남,17세,부상신고,승용,남,65세,상해없음
2021082000100553,2021년 8월 20일 20시,금요일,광주광역시 북구 일곡동,경상사고,0,0,1,0,차대사람 - 횡단중,신호위반,건조,맑음,교차로 - 교차로부근,개인형이동수단(PM),남,15세,상해없음,보행자,남,28세,경상
2021082000100554,2021년 8월 20일 20시,금요일,광주광역시 북구 두암동,중상사고,0,1,0,0,차대사람 - 차도통행중,안전운전불이행,건조,맑음,단일로 - 기타,이륜,남,38세,상해없음,보행자,여,79세,중상
2021082000100555,2021년 8월 20일 20시,금요일,광주광역시 북구 각화동,경상사고,0,0,1,0,차대차 - 측면충돌,차로위반,건조,맑음,단일로 - 기타,승용,남,36세,상해없음,승합,남,47세,경상
2021082000100592,2021년 8월 20일 21시,금요일,광주광역시 광산구 우산동,경상사고,0,0,3,0,차대차 - 측면충돌,안전운전불이행,젖음/습기,비,단일로 - 기타,승용,남,48세,경상,승용,남,40세,경상
2021082000100625,2021년 8월 20일 22시,금요일,광주광역시 동구 서석동,경상사고,0,0,2,0,차대차 - 측면충돌,안전운전불이행,건조,맑음,단일로 - 기타,승용,남,25세,상해없음,승용,남,25세,경상
2021082000100626,2021년 8월 20일 22시,금요일,광주광역시 북구 신용동,중상사고,0,1,1,0,차대차 - 측면충돌,안전운전불이행,건조,맑음,단일로 - 기타,승용,여,44세,상해없음,승용,남,57세,경상
2021082000100644,2021년 8월 20일 23시,금요일,광주광역시 서구 마륵동,경상사고,0,0,1,0,차대차 - 기타,안전운전불이행,건조,맑음,교차로 - 교차로안,승용,남,25세,상해없음,승용,남,64세,경상
2021082100100023,2021년 8월 21일 03시,토요일,광주광역시 동구 월남동,중상사고,0,1,0,0,차량단독 - 전도전복 - 전도,안전운전불이행,건조,맑음,단일로 - 기타,이륜,남,35세,중상,,,,
2021082100100041,2021년 8월 21일 06시,토요일,광주광역시 서구 화정동,경상사고,0,0,1,0,차대차 - 기타,신호위반,젖음/습기,비,교차로 - 교차로횡단보도내,승용,남,71세,상해없음,승용,남,33세,경상
2021082100100042,2021년 8월 21일 06시,토요일,광주광역시 남구 백운동,경상사고,0,0,5,0,차대차 - 추돌,안전운전불이행,건조,맑음,단일로 - 기타,승합,남,73세,상해없음,승용,남,39세,경상
2021082100100063,2021년 8월 21일 08시,토요일,광주광역시 북구 일곡동,경상사고,0,0,2,0,차대차 - 측면충돌,안전운전불이행,건조,맑음,교차로 - 교차로부근,승용,여,67세,상해없음,승용,여,24세,경상
2021082100100084,2021년 8월 21일 09시,토요일,광주광역시 북구 운암동,경상사고,0,0,1,0,차대차 - 측면충돌,안전거리미확보,젖음/습기,비,단일로 - 기타,승용,남,65세,상해없음,승용,여,61세,경상
2021082100100107,2021년 8월 21일 10시,토요일,광주광역시 북구 운암동,경상사고,0,0,2,0,차대차 - 측면충돌,안전운전불이행,젖음/습기,비,교차로 - 교차로안,승용,남,42세,상해없음,승용,여,62세,경상
2021082100100108,2021년 8월 21일 10시,토요일,광주광역시 광산구 소촌동,중상사고,0,1,0,0,차대사람 - 횡단중,신호위반,젖음/습기,비,단일로 - 기타,화물,남,67세,상해없음,보행자,여,23세,중상
2021082100100182,2021년 8월 21일 12시,토요일,광주광역시 서구 치평동,경상사고,0,0,1,0,차대차 - 기타,안전거리미확보,건조,맑음,단일로 - 기타,승용,남,62세,상해없음,승용,여,44세,경상
2021082100100224,2021년 8월 21일 13시,토요일,광주광역시 남구 월산동,경상사고,0,0,1,0,차대차 - 기타,중앙선침범,젖음/습기,비,교차로 - 교차로안,승용,남,83세,상해없음,건설기계,남,39세,경상
2021082100100225,2021년 8월 21일 13시,토요일,광주광역시 광산구 장덕동,경상사고,0,0,2,0,차대차 - 측면충돌,안전운전불이행,건조,맑음,교차로 - 교차로부근,승용,남,54세,상해없음,승용,여,58세,경상
2021082100100267,2021년 8월 21일 14시,토요일,광주광역시 동구 계림동,경상사고,0,0,1,0,차대차 - 기타,불법유턴,젖음/습기,비,단일로 - 기타,기타불명,여,64세,경상,승용,여,66세,상해없음
2021082100100268,2021년 8월 21일 14시,토요일,광주광역시 서구 화정동,중상사고,0,1,0,0,차대차 - 측면충돌,안전운전불이행,건조,맑음,교차로 - 교차로부근,승용,남,71세,상해없음,이륜,남,21세,중상
2021082100100269,2021년 8월 21일 14시,토요일,광주광역시 광산구 하남동,경상사고,0,0,2,0,차대차 - 기타,신호위반,건조,맑음,교차로 - 교차로안,승용,남,58세,기타불명,승용,여,35세,경상
2021082100100298,2021년 8월 21일 15시,토요일,광주광역시 남구 백운동,부상신고사고,0,0,0,1,차대차 - 기타,안전운전불이행,젖음/습기,비,교차로 - 교차로부근,승용,남,24세,상해없음,승용,여,28세,부상신고
2021082100100299,2021년 8월 21일 15시,토요일,광주광역시 광산구 수완동,경상사고,0,0,3,0,차대차 - 측면충돌,교차로운행방법위반,건조,맑음,교차로 - 교차로안,승용,남,51세,상해없음,승용,남,22세,경상
2021082100100384,2021년 8월 21일 18시,토요일,광주광역시 광산구 장록동,경상사고,0,0,1,0,차대차 - 측면충돌,안전거리미확보,젖음/습기,흐림,단일로 - 기타,승용,남,28세,상해없음,승용,남,40세,경상
2021082100100385,2021년 8월 21일 18시,토요일,광주광역시 광산구 수완동,경상사고,0,0,1,0,차대차 - 기타,안전운전불이행,젖음/습기,흐림,교차로 - 교차로부근,이륜,남,41세,경상,승용,여,48세,상해없음
2021082100100386,2021년 8월 21일 18시,토요일,광주광역시 광산구 수완동,경상사고,0,0,1,0,차대차 - 측면충돌,교차로운행방법위반,젖음/습기,흐림,교차로 - 교차로안,승용,여,53세,상해없음,이륜,남,24세,경상
2021082100100408,2021년 8월 21일 19시,토요일,광주광역시 광산구 소촌동,경상사고,0,0,1,0,차량단독 - 전도전복 - 전도,안전운전불이행,젖음/습기,흐림,단일로 - 기타,이륜,남,40세,경상,,,,
2021082100100409,2021년 8월 21일 19시,토요일,광주광역시 광산구 월곡동,중상사고,0,1,0,0,차대차 - 측면충돌,신호위반,건조,맑음,교차로 - 교차로안,승용,여,50세,상해없음,이륜,남,25세,중상
2021082100100444,2021년 8월 21일 20시,토요일,광주광역시 서구 풍암동,경상사고,0,0,1,0,차대차 - 측면충돌,안전거리미확보,건조,맑음,교차로 - 교차로안,승용,여,39세,상해없음,화물,남,38세,경상
2021082100100510,2021년 8월 21일 22시,토요일,광주광역시 북구 풍향동,경상사고,0,0,1,0,차대차 - 측면충돌,안전거리미확보,젖음/습기,맑음,교차로 - 교차로안,승용,남,24세,상해없음,승용,남,31세,경상
2021082100100518,2021년 8월 21일 23시,토요일,광주광역시 광산구 월곡동,경상사고,0,0,1,0,차대차 - 측면충돌,직진우회전진행방해,건조,흐림,교차로 - 교차로안,이륜,여,29세,경상,승용,남,20세,상해없음
2021082200100006,2021년 8월 22일 00시,일요일,광주광역시 광산구 우산동,경상사고,0,0,2,0,차대차 - 측면충돌,기타,건조,맑음,교차로 - 교차로안,승용,남,20세,경상,승용,남,26세,경상
2021082200100101,2021년 8월 22일 11시,일요일,광주광역시 북구 용봉동,경상사고,0,0,1,0,차대차 - 측면충돌,안전운전불이행,건조,맑음,단일로 - 기타,승용,남,31세,상해없음,승합,남,46세,경상