사고번호,사고일시,요일,시군구,사고내용,사망자수,중상자수,경상자수,부상신고자수,사고유형,법규위반,노면상태,기상상태,도로형태,가해운전자 차종,가해운전자 성별,가해운전자 연령,가해운전자 상해정도,피해운전자 차종,피해운전자 성별,피해운전자 연령,피해운전자 상해정도
2021091000100207,2021년 9월 10일 11시,금요일,광주광역시 서구 화정동,경상사고,0,0,1,0,차대차 - 기타,안전운전불이행,건조,맑음,단일로 - 기타,승용,남,24세,상해없음,승용,남,43세,경상
2021091000100263,2021년 9월 10일 13시,금요일,광주광역시 서구 매월동,경상사고,0,0,1,0,차대차 - 측면충돌,안전운전불이행,건조,맑음,단일로 - 기타,승용,여,39세,상해없음,화물,남,25세,경상
2021091000100296,2021년 9월 10일 14시,금요일,광주광역시 서구 내방동,중상사고,0,1,0,0,차대사람 - 차도통행중,불법유턴,건조,맑음,단일로 - 기타,화물,남,31세,상해없음,보행자,여,74세,중상
2021091000100335,2021년 9월 10일 15시,금요일,광주광역시 서구 매월동,중상사고,0,1,0,0,차대차 - 기타,안전운전불이행,건조,맑음,단일로 - 기타,승용,남,47세,상해없음,이륜,남,41세,중상
2021091000100336,2021년 9월 10일 15시,금요일,광주광역시 남구 월산동,경상사고,0,0,1,0,차대차 - 기타,중앙선침범,건조,맑음,교차로 - 교차로안,자전거,여,19세,경상,승용,남,54세,상해없음
2021091000100383,2021년 9월 10일 16시,금요일,광주광역시 서구 쌍촌동,경상사고,0,0,1,0,차대차 - 추돌,안전거리미확보,건조,맑음,단일로 - 기타,승용,여,55세,상해없음,이륜,남,22세,경상
2021091000100384,2021년 9월 10일 16시,금요일,광주광역시 북구 신안동,부상신고사고,0,0,0,1,차대사람 - 기타,안전운전불이행,건조,맑음,단일로 - 기타,승용,남,51세,상해없음,보행자,남,20세,부상신고
2021091000100385,2021년 9월 10일 16시,금요일,광주광역시 북구 두암동,경상사고,0,0,1,0,차대차 - 기타,안전거리미확보,건조,맑음,단일로 - 기타,승용,여,53세,경상,화물,남,67세,상해없음
2021091000100434,2021년 9월 10일 17시,금요일,광주광역시 광산구 산정동,경상사고,0,0,1,0,차대차 - 측면충돌,신호위반,건조,맑음,단일로 - 기타,승용,여,63세,상해없음,이륜,남,42세,경상
2021091000100435,2021년 9월 10일 17시,금요일,광주광역시 광산구 서봉동,경상사고,0,0,5,0,차대차 - 측면충돌,안전거리미확보,건조,맑음,단일로 - 기타,승용,여,43세,경상,승용,남,44세,경상
2021091000100496,2021년 9월 10일 18시,금요일,광주광역시 서구 벽진동,부상신고사고,0,0,0,1,차대차 - 기타,안전운전불이행,건조,맑음,단일로 - 기타,승용,여,30세,상해없음,자전거,남,70세,부상신고
2021091000100497,2021년 9월 10일 18시,금요일,광주광역시 북구 우산동,경상사고,0,0,1,0,차대차 - 기타,안전운전불이행,건조,맑음,단일로 - 기타,이륜,남,25세,경상,승용,남,52세,상해없음
2021091000100498,2021년 9월 10일 18시,금요일,광주광역시 광산구 월계동,경상사고,0,0,2,0,차대차 - 측면충돌,안전거리미확보,건조,맑음,단일로 - 기타,이륜,남,26세,경상,승용,남,29세,경상
2021091000100499,2021년 9월 10일 18시,금요일,광주광역시 광산구 신창동,경상사고,0,0,2,0,차대차 - 측면충돌,신호위반,건조,맑음,교차로 - 교차로안,승용,여,51세,경상,승용,남,36세,경상
2021091000100541,2021년 9월 10일 19시,금요일,광주광역시 서구 치평동,경상사고,0,0,1,0,차대사람 - 횡단중,보행자보호의무위반,건조,맑음,교차로 - 교차로안,승용,남,44세,상해없음,보행자,여,63세,경상
2021091000100542,2021년 9월 10일 19시,금요일,광주광역시 서구 광천동,경상사고,0,0,1,0,차대차 - 기타,교차로운행방법위반,건조,맑음,단일로 - 기타,승용,남,29세,상해없음,승용,남,29세,경상
2021091000100575,2021년 9월 10일 20시,금요일,광주광역시 서구 농성동,중상사고,0,1,0,0,차대사람 - 횡단중,중앙선침범,건조,맑음,교차로 - 교차로부근,승용,남,39세,상해없음,보행자,남,66세,중상
2021091000100609,2021년 9월 10일 21시,금요일,광주광역시 광산구 수완동,경상사고,0,0,2,0,차대차 - 정면충돌,교차로운행방법위반,건조,맑음,교차로 - 교차로안,승용,여,47세,기타불명,승용,남,48세,경상
2021091000100679,2021년 9월 10일 23시,금요일,광주광역시 북구 신안동,경상사고,0,0,4,0,차대차 - 기타,신호위반,건조,맑음,교차로 - 교차로안,승용,여,66세,경상,승용,남,64세,경상
2021091100100116,2021년 9월 11일 09시,토요일,광주광역시 북구 신용동,중상사고,0,1,0,0,차대사람 - 기타,안전운전불이행,건조,맑음,단일로 - 기타,승용,남,48세,상해없음,보행자,남,52세,중상
2021091100100149,2021년 9월 11일 10시,토요일,광주광역시 남구 칠석동,경상사고,0,0,3,1,차대차 - 추돌,안전거리미확보,건조,맑음,단일로 - 기타,승용,여,22세,경상,승용,여,22세,경상
2021091100100151,2021년 9월 11일 10시,토요일,광주광역시 광산구 우산동,경상사고,0,0,1,0,차대차 - 추돌,안전거리미확보,건조,맑음,단일로 - 터널,승용,남,22세,상해없음,승용,남,52세,경상
2021091100100202,2021년 9월 11일 11시,토요일,광주광역시 북구 일곡동,중상사고,0,1,1,0,차대차 - 기타,안전운전불이행,건조,맑음,교차로 - 교차로안,승용,남,64세,경상,이륜,남,38세,중상
2021091100100203,2021년 9월 11일 11시,토요일,광주광역시 북구 우산동,경상사고,0,0,1,0,차대차 - 후진중충돌,안전운전불이행,건조,맑음,단일로 - 기타,승용,남,79세,상해없음,승용,여,33세,경상
2021091100100204,2021년 9월 11일 11시,토요일,광주광역시 북구 운암동,경상사고,0,0,3,0,차대차 - 측면충돌,직진우회전진행방해,건조,맑음,교차로 - 교차로안,이륜,남,31세,경상,승용,남,47세,경상
2021091100100205,2021년 9월 11일 11시,토요일,광주광역시 광산구 송정동,경상사고,0,0,1,0,차대차 - 기타,안전운전불이행,건조,맑음,단일로 - 기타,자전거,남,78세,경상,승용,여,34세,상해없음
2021091100100206,2021년 9월 11일 11시,토요일,광주광역시 광산구 송정동,경상사고,0,0,1,0,차대차 - 측면충돌,안전운전불이행,건조,맑음,교차로 - 교차로안,승용,남,22세,상해없음,승용,남,23세,경상
2021091100100256,2021년 9월 11일 12시,토요일,광주광역시 서구 화정동,중상사고,0,2,0,0,차대차 - 측면충돌,신호위반,건조,맑음,교차로 - 교차로안,승용,여,27세,상해없음,승용,여,28세,중상
2021091100100309,2021년 9월 11일 13시,토요일,광주광역시 광산구 송정동,중상사고,0,1,0,0,차대차 - 측면충돌,신호위반,건조,맑음,교차로 - 교차로안,승용,여,38세,상해없음,개인형이동수단(PM),남,17세,중상
2021091100100310,2021년 9월 11일 13시,토요일,광주광역시 광산구 수완동,경상사고,0,0,4,0,차대차 - 측면충돌,차로위반,건조,맑음,단일로 - 기타,승용,남,59세,상해없음,승용,남,68세,경상
2021091100100311,2021년 9월 11일 13시,토요일,광주광역시 광산구 송정동,경상사고,0,0,5,0,차대차 - 기타,중앙선침범,건조,맑음,단일로 - 기타,승용,여,47세,상해없음,승용,남,37세,경상
2021091100100312,2021년 9월 11일 13시,토요일,광주광역시 광산구 도천동,경상사고,0,0,4,0,차대차 - 측면충돌,불법유턴,건조,맑음,교차로 - 교차로안,승용,여,36세,경상,승용,남,43세,경상
2021091100100356,2021년 9월 11일 14시,토요일,광주광역시 북구 신안동,경상사고,0,0,3,0,차대차 - 측면충돌,안전운전불이행,건조,맑음,단일로 - 기타,승용,여,30세,경상,승용,남,30세,경상
2021091100100357,2021년 9월 11일 14시,토요일,광주광역시 광산구 선암동,경상사고,0,0,1,0,차대차 - 추돌,안전운전불이행,건조,맑음,단일로 - 기타,승용,여,35세,기타불명,승용,여,44세,경상
2021091100100405,2021년 9월 11일 15시,토요일,광주광역시 서구 치평동,경상사고,0,0,1,0,차대차 - 측면충돌,신호위반,건조,맑음,교차로 - 교차로안,승용,남,61세,상해없음,자전거,남,36세,경상
2021091100100406,2021년 9월 11일 15시,토요일,광주광역시 서구 치평동,중상사고,0,1,1,0,차대차 - 측면충돌,신호위반,건조,맑음,교차로 - 교차로안,이륜,여,24세,중상,승용,남,32세,경상
2021091100100407,2021년 9월 11일 15시,토요일,광주광역시 서구 쌍촌동,중상사고,0,1,0,0,차대차 - 기타,안전운전불이행,건조,맑음,기타 - 기타,승용,여,25세,상해없음,승용,여,46세,기타불명
2021091100100408,2021년 9월 11일 15시,토요일,광주광역시 남구 월산동,경상사고,0,0,2,0,차대차 - 추돌,안전운전불이행,건조,맑음,교차로 - 교차로부근,승용,여,65세,상해없음,승용,남,62세,경상
2021091100100409,2021년 9월 11일 15시,토요일,광주광역시 광산구 우산동,경상사고,0,0,1,0,차대차 - 측면충돌,안전거리미확보,건조,맑음,단일로 - 기타,승합,남,20세,상해없음,승용,남,47세,경상
2021091100100449,2021년 9월 11일 16시,토요일,광주광역시 북구 중흥동,경상사고,0,0,2,0,차대차 - 기타,안전거리미확보,건조,맑음,단일로 - 기타,승용,남,69세,경상,승용,남,60세,경상
2021091100100532,2021년 9월 11일 18시,토요일,광주광역시 동구 대의동,경상사고,0,0,1,0,차대사람 - 횡단중,안전운전불이행,건조,맑음,교차로 - 교차로부근,승용,여,65세,상해없음,보행자,남,22세,경상
2021091100100533,2021년 9월 11일 18시,토요일,광주광역시 남구 봉선동,경상사고,0,0,1,0,차대차 - 후진중충돌,안전운전불이행,건조,맑음,단일로 - 기타,승용,남,24세,상해없음,승용,여,28세,경상
2021091100100581,2021년 9월 11일 19시,토요일,광주광역시 광산구 산월동,중상사고,0,1,0,0,차대차 - 측면충돌,중앙선침범,건조,맑음,단일로 - 기타,화물,남,60세,상해없음,원동기,남,16세,중상
2021091100100616,2021년 9월 11일 20시,토요일,광주광역시 남구 월산동,경상사고,0,0,1,0,차대차 - 기타,안전운전불이행,건조,맑음,단일로 - 기타,이륜,남,42세,경상,승용,남,44세,상해없음
2021091100100617,2021년 9월 11일 20시,토요일,광주광역시 북구 두암동,부상신고사고,0,0,0,1,차대차 - 측면충돌,안전운전불이행,건조,맑음,단일로 - 기타,이륜,남,50세,부상신고,승용,남,60세,상해없음
2021091100100685,2021년 9월 11일 22시,토요일,광주광역시 서구 치평동,경상사고,0,0,1,0,차대사람 - 차도통행중,안전운전불이행,건조,맑음,교차로 - 교차로안,승용,남,20세,상해없음,보행자,여,19세,경상
2021091100100686,2021년 9월 11일 22시,토요일,광주광역시 광산구 산정동,경상사고,0,0,4,0,차대차 - 추돌,안전운전불이행,건조,맑음,교차로 - 교차로부근,이륜,남,41세,상해없음,승용,여,30세,경상
2021091100100703,2021년 9월 11일 23시,토요일,광주광역시 북구 신안동,중상사고,0,1,0,0,차대사람 - 기타,안전운전불이행,건조,맑음,교차로 - 교차로부근,승용,여,27세,상해없음,보행자,남,54세,중상
2021091200100008,2021년 9월 12일 00시,일요일,광주광역시 광산구 우산동,경상사고,0,0,6,0,차대차 - 측면충돌,신호위반,건조,맑음,교차로 - 교차로안,승용,남,57세,상해없음,승용,남,30세,경상
2021091200100040,2021년 9월 12일 07시,일요일,광주광역시 서구 치평동,경상사고,0,0,1,0,차대차 - 기타,안전운전불이행,건조,맑음,교차로 - 교차로안,화물,남,57세,상해없음,승용,남,59세,경상
2021091200100084,2021년 9월 12일 10시,일요일,광주광역시 북구 일곡동,경상사고,0,0,1,0,차대차 - 추돌,안전운전불이행,건조,맑음,단일로 - 기타,승용,남,18세,상해없음,승용,남,40세,경상
2021091200100123,2021년 9월 12일 12시,일요일,광주광역시 광산구 월곡동,중상사고,0,1,0,0,차대차 - 측면충돌,교차로운행방법위반,건조,맑음,교차로 - 교차로안,이륜,남,39세,중상,승용,여,49세,상해없음
2021091200100208,2021년 9월 12일 14시,일요일,광주광역시 남구 방림동,중상사고,0,1,0,0,차대사람 - 횡단중,안전운전불이행,건조,맑음,교차로 - 교차로부근,승용,여,64세,상해없음,보행자,여,61세,중상
2021091200100235,2021년 9월 12일 15시,일요일,광주광역시 서구 광천동,경상사고,0,0,1,0,차대차 - 측면충돌,안전운전불이행,건조,맑음,교차로 - 교차로횡단보도내,승용,남,72세,상해없음,자전거,남,64세,경상
2021091200100270,2021년 9월 12일 16시,일요일,광주광역시 북구 문흥동,경상사고,0,0,1,0,차대차 - 기타,안전운전불이행,건조,맑음,단일로 - 기타,승용,여,29세,경상,건설기계,남,60세,상해없음
2021091200100271,2021년 9월 12일 16시,일요일,광주광역시 북구 운암동,경상사고,0,0,1,0,차대사람 - 기타,안전운전불이행,건조,맑음,기타 - 기타,승용,남,57세,상해없음,보행자,여,13세,경상
2021091200100272,2021년 9월 12일 16시,일요일,광주광역시 북구 두암동,경상사고,0,0,3,0,차대차 - 추돌,안전운전불이행,건조,맑음,단일로 - 기타,승용,남,53세,상해없음,승용,남,41세,경상
2021091200100315,2021년 9월 12일 17시,일요일,광주광역시 광산구 송정동,경상사고,0,0,1,0,차대차 - 기타,안전운전불이행,건조,맑음,단일로 - 기타,승용,남,52세,상해없음,승용,남,34세,경상
2021091200100352,2021년 9월 12일 18시,일요일,광주광역시 서구 광천동,중상사고,0,1,0,0,차대차 - 기타,안전거리미확보,건조,맑음,단일로 - 기타,승용,남,41세,상해없음,이륜,남,46세,중상
2021091200100384,2021년 9월 12일 19시,일요일,광주광역시 동구 학동,중상사고,0,1,0,0,차대차 - 측면충돌,안전거리미확보,건조,맑음,기타 - 기타,승합,남,59세,상해없음,이륜,남,24세,중상
2021091200100385,2021년 9월 12일 19시,일요일,광주광역시 동구 충장로2가,경상사고,0,0,1,0,차대사람 - 기타,안전운전불이행,건조,맑음,단일로 - 기타,승용,남,22세,상해없음,보행자,여,20세,경상
2021091200100386,2021년 9월 12일 19시,일요일,광주광역시 남구 노대동,경상사고,0,0,1,0,차대차 - 측면충돌,차로위반,건조,맑음,단일로 - 기타,승용,남,30세,상해없음,승용,여,68세,경상
2021091200100387,2021년 9월 12일 19시,일요일,광주광역시 북구 오치동,경상사고,0,0,1,0,차량단독 - 기타,기타,건조,맑음,교차로 - 교차로안,승합,남,63세,상해없음,,,,
2021091200100410,2021년 9월 12일 20시,일요일,광주광역시 북구 중흥동,중상사고,0,1,0,0,차대차 - 측면충돌,교차로운행방법위반,건조,맑음,교차로 - 교차로안,승용,남,58세,상해없음,이륜,남,36세,중상
2021091200100411,2021년 9월 12일 20시,일요일,광주광역시 광산구 고룡동,중상사고,0,1,0,0,차대차 - 정면충돌,중앙선침범,건조,맑음,단일로 - 기타,승용,남,48세,상해없음,승용,여,39세,중상
2021091200100430,2021년 9월 12일 21시,일요일,광주광역시 광산구 월계동,경상사고,0,0,1,0,차대차 - 측면충돌,안전운전불이행,건조,맑음,단일로 - 기타,승용,남,30세,상해없음,승용,남,26세,경상
2021091300100039,2021년 9월 13일 06시,월요일,광주광역시 광산구 수완동,경상사고,0,0,1,0,차대차 - 측면충돌,안전거리미확보,건조,맑음,교차로 - 교차로부근,승용,여,53세,상해없음,승용,남,21세,경상
2021091300100097,2021년 9월 13일 08시,월요일,광주광역시 서구 농성동,중상사고,0,1,0,0,차대사람 - 기타,안전운전불이행,건조,맑음,기타 - 기타,화물,남,38세,상해없음,보행자,남,8세,중상
2021091300100098,2021년 9월 13일 08시,월요일,광주광역시 서구 마륵동,경상사고,0,0,1,0,차대차 - 기타,안전운전불이행,건조,맑음,교차로 - 교차로안,승용,남,35세,기타불명,승용,남,38세,경상
2021091300100099,2021년 9월 13일 08시,월요일,광주광역시 서구 쌍촌동,경상사고,0,0,1,0,차대차 - 기타,안전운전불이행,건조,맑음,교차로 - 교차로부근,승용,여,24세,기타불명,승용,남,28세,경상
2021091300100100,2021년 9월 13일 08시,월요일,광주광역시 광산구 송정동,중상사고,0,1,0,0,차대사람 - 기타,안전운전불이행,건조,맑음,교차로 - 교차로부근,화물,남,51세,상해없음,보행자,여,70세,중상
2021091300100174,2021년 9월 13일 10시,월요일,광주광역시 북구 용봉동,경상사고,0,0,3,0,차대차 - 측면충돌,직진우회전진행방해,건조,맑음,교차로 - 교차로안,승용,남,26세,상해없음,승합,남,66세,상해없음
2021091300100175,2021년 9월 13일 10시,월요일,광주광역시 광산구 운수동,경상사고,0,0,1,0,차대차 - 기타,차로위반,건조,맑음,단일로 - 기타,화물,남,59세,상해없음,승용,여,49세,경상
2021091300100214,2021년 9월 13일 11시,월요일,광주광역시 북구 동림동,경상사고,0,0,1,0,차대차 - 측면충돌,안전거리미확보,건조,맑음,단일로 - 기타,승용,남,40세,상해없음,승용,남,45세,경상
2021091300100215,2021년 9월 13일 11시,월요일,광주광역시 광산구 운수동,경상사고,0,0,2,0,차대차 - 측면충돌,기타,건조,흐림,단일로 - 기타,화물,남,57세,기타불명,승용,남,53세,경상
2021091300100216,2021년 9월 13일 11시,월요일,광주광역시 광산구 소촌동,중상사고,0,2,1,0,차대차 - 추돌,안전운전불이행,건조,맑음,단일로 - 기타,화물,남,32세,상해없음,승용,남,39세,중상
2021091300100306,2021년 9월 13일 13시,월요일,광주광역시 서구 용두동,경상사고,0,0,4,0,차대차 - 추돌,안전거리미확보,건조,맑음,단일로 - 기타,승용,남,35세,상해없음,승용,남,18세,경상
2021091300100307,2021년 9월 13일 13시,월요일,광주광역시 광산구 비아동,경상사고,0,0,2,0,차대차 - 측면충돌,직진우회전진행방해,건조,맑음,교차로 - 교차로안,승용,남,80세,기타불명,승용,여,24세,경상
2021091300100354,2021년 9월 13일 14시,월요일,광주광역시 동구 학동,중상사고,0,1,0,0,차대차 - 기타,안전거리미확보,건조,맑음,단일로 - 기타,승용,남,41세,상해없음,이륜,남,67세,중상
2021091300100356,2021년 9월 13일 14시,월요일,광주광역시 광산구 우산동,경상사고,0,0,1,0,차대차 - 측면충돌,교차로운행방법위반,건조,맑음,교차로 - 교차로안,승용,남,48세,상해없음,자전거,남,11세,경상
2021091300100386,2021년 9월 13일 15시,월요일,광주광역시 남구 진월동,중상사고,0,1,0,0,차대사람 - 기타,안전거리미확보,건조,맑음,단일로 - 기타,이륜,남,19세,상해없음,보행자,남,63세,중상
2021091300100387,2021년 9월 13일 15시,월요일,광주광역시 북구 임동,경상사고,0,0,2,0,차대차 - 측면충돌,차로위반,건조,맑음,단일로 - 기타,승용,여,65세,상해없음,승용,남,23세,경상
2021091300100427,2021년 9월 13일 16시,월요일,광주광역시 북구 두암동,경상사고,0,0,1,0,차대사람 - 차도통행중,안전운전불이행,건조,맑음,단일로 - 기타,승용,남,30세,상해없음,보행자,여,14세,경상
2021091300100522,2021년 9월 13일 18시,월요일,광주광역시 광산구 서봉동,경상사고,0,0,2,0,차대차 - 측면충돌,차로위반,건조,맑음,단일로 - 기타,승용,남,22세,상해없음,승용,여,32세,경상
2021091300100568,2021년 9월 13일 19시,월요일,광주광역시 서구 농성동,경상사고,0,0,1,0,차대차 - 추돌,안전운전불이행,건조,맑음,교차로 - 교차로부근,승용,남,63세,상해없음,이륜,여,61세,경상
2021091300100569,2021년 9월 13일 19시,월요일,광주광역시 북구 일곡동,경상사고,0,0,1,0,차대사람 - 차도통행중,안전운전불이행,건조,맑음,교차로 - 교차로부근,승용,남,46세,상해없음,보행자,남,58세,경상
2021091300100604,2021년 9월 13일 20시,월요일,광주광역시 남구 백운동,경상사고,0,0,1,0,차대차 - 측면충돌,신호위반,건조,맑음,교차로 - 교차로부근,이륜,남,21세,상해없음,이륜,남,40세,경상
2021091300100655,2021년 9월 13일 22시,월요일,광주광역시 북구 삼각동,경상사고,0,0,1,1,차대차 - 추돌,안전운전불이행,건조,맑음,교차로 - 교차로부근,승용,여,60세,경상,승용,여,56세,부상신고
2021091400100010,2021년 9월 14일 00시,화요일,광주광역시 남구 백운동,경상사고,0,0,2,1,차대차 - 측면충돌,신호위반,건조,맑음,교차로 - 교차로안,이륜,남,28세,부상신고,승용,여,37세,경상
2021091400100023,2021년 9월 14일 03시,화요일,광주광역시 북구 두암동,경상사고,0,0,2,0,차대차 - 측면충돌,안전운전불이행,건조,맑음,단일로 - 기타,이륜,남,17세,경상,이륜,남,15세,경상
2021091400100079,2021년 9월 14일 07시,화요일,광주광역시 서구 매월동,중상사고,0,1,0,0,차대차 - 측면충돌,안전운전불이행,젖음/습기,비,교차로 - 교차로부근,이륜,남,64세,중상,승용,여,54세,상해없음
2021091400100080,2021년 9월 14일 07시,화요일,광주광역시 북구 신안동,경상사고,0,0,1,0,차대차 - 측면충돌,신호위반,건조,맑음,교차로 - 교차로안,승용,여,51세,상해없음,승용,남,53세,경상
2021091400100122,2021년 9월 14일 08시,화요일,광주광역시 광산구 월계동,경상사고,0,0,3,0,차대차 - 측면충돌,교차로운행방법위반,건조,맑음,교차로 - 교차로안,승용,남,21세,상해없음,승용,남,41세,경상
2021091400100169,2021년 9월 14일 09시,화요일,광주광역시 서구 광천동,경상사고,0,0,2,0,차대차 - 추돌,안전운전불이행,건조,맑음,단일로 - 기타,승용,남,44세,상해없음,승용,남,26세,경상
2021091400100170,2021년 9월 14일 09시,화요일,광주광역시 광산구 선암동,중상사고,0,1,0,0,차대사람 - 횡단중,안전운전불이행,건조,흐림,교차로 - 교차로안,승용,남,27세,상해없음,보행자,여,64세,중상
2021091400100203,2021년 9월 14일 10시,화요일,광주광역시 북구 동림동,경상사고,0,0,1,0,차대사람 - 횡단중,보행자보호의무위반,젖음/습기,비,교차로 - 교차로안,승용,남,72세,상해없음,보행자,남,73세,경상
2021091400100204,2021년 9월 14일 10시,화요일,광주광역시 광산구 옥동,경상사고,0,0,2,0,차대차 - 추돌,안전운전불이행,젖음/습기,흐림,단일로 - 기타,화물,남,50세,상해없음,승용,여,52세,경상
2021091400100248,2021년 9월 14일 11시,화요일,광주광역시 서구 치평동,경상사고,0,0,1,0,차대차 - 추돌,안전운전불이행,건조,맑음,단일로 - 기타,승용,남,64세,상해없음,승용,남,64세,경상
2021091400100249,2021년 9월 14일 11시,화요일,광주광역시 광산구 월계동,경상사고,0,0,7,0,차대차 - 기타,안전운전불이행,건조,맑음,단일로 - 기타,승용,여,53세,경상,승용,여,34세,경상
2021091400100250,2021년 9월 14일 11시,화요일,광주광역시 광산구 도천동,중상사고,0,1,1,0,차대사람 - 기타,안전운전불이행,건조,맑음,단일로 - 기타,승용,여,45세,경상,보행자,여,82세,중상
2021091400100251,2021년 9월 14일 11시,화요일,광주광역시 광산구 선암동,경상사고,0,0,1,0,차대차 - 측면충돌,차로위반,건조,맑음,교차로 - 교차로부근,승용,남,46세,상해없음,화물,남,43세,경상
2021091400100331,2021년 9월 14일 13시,화요일,광주광역시 서구 광천동,경상사고,0,0,2,1,차대차 - 기타,안전거리미확보,건조,맑음,단일로 - 기타,승합,남,57세,부상신고,승용,남,63세,경상
2021091400100381,2021년 9월 14일 14시,화요일,광주광역시 광산구 안청동,경상사고,0,0,1,0,차대차 - 측면충돌,교차로운행방법위반,건조,맑음,교차로 - 교차로안,화물,남,56세,상해없음,이륜,남,32세,경상
2021091400100420,2021년 9월 14일 15시,화요일,광주광역시 서구 화정동,경상사고,0,0,2,0,차대차 - 측면충돌,안전운전불이행,건조,맑음,교차로 - 교차로안,화물,남,30세,경상,승용,남,27세,경상
2021091400100421,2021년 9월 14일 15시,화요일,광주광역시 광산구 월계동,경상사고,0,0,1,0,차대차 - 측면충돌,직진우회전진행방해,건조,맑음,교차로 - 교차로안,개인형이동수단(PM),남,22세,경상,승용,여,32세,상해없음
2021091400100422,2021년 9월 14일 15시,화요일,광주광역시 광산구 수완동,경상사고,0,0,1,0,차대차 - 측면충돌,안전거리미확보,건조,맑음,단일로 - 기타,승용,남,41세,상해없음,승용,남,28세,경상
2021091400100423,2021년 9월 14일 15시,화요일,광주광역시 광산구 대산동,경상사고,0,0,1,0,차대차 - 추돌,안전거리미확보,건조,맑음,단일로 - 기타,승용,남,38세,상해없음,승용,여,53세,경상
2021091400100487,2021년 9월 14일 16시,화요일,광주광역시 서구 내방동,경상사고,0,0,2,0,차대차 - 측면충돌,안전운전불이행,건조,맑음,단일로 - 기타,화물,남,51세,상해없음,승용,남,44세,경상
2021091400100532,2021년 9월 14일 17시,화요일,광주광역시 북구 용봉동,경상사고,0,0,1,0,차대사람 - 횡단중,신호위반,건조,맑음,교차로 - 교차로횡단보도내,이륜,남,20세,상해없음,보행자,남,11세,경상
2021091400100570,2021년 9월 14일 18시,화요일,광주광역시 남구 진월동,중상사고,0,1,1,0,차대차 - 기타,신호위반,건조,맑음,단일로 - 기타,원동기,남,33세,중상,원동기,남,53세,경상
2021091400100571,2021년 9월 14일 18시,화요일,광주광역시 광산구 하남동,경상사고,0,0,1,0,차대차 - 기타,안전운전불이행,건조,맑음,단일로 - 기타,승용,여,41세,상해없음,이륜,남,30세,경상
2021091400100619,2021년 9월 14일 19시,화요일,광주광역시 서구 치평동,경상사고,0,0,1,0,차대차 - 측면충돌,안전운전불이행,젖음/습기,맑음,교차로 - 교차로안,승용,남,28세,경상,승용,여,47세,상해없음
2021091400100621,2021년 9월 14일 19시,화요일,광주광역시 광산구 쌍암동,경상사고,0,0,1,0,차대차 - 측면충돌,교차로운행방법위반,건조,맑음,교차로 - 교차로안,승용,남,29세,기타불명,이륜,여,38세,경상
2021091400100698,2021년 9월 14일 21시,화요일,광주광역시 북구 용봉동,경상사고,0,0,1,0,차대차 - 측면충돌,안전거리미확보,건조,맑음,교차로 - 교차로부근,승용,남,22세,상해없음,승용,여,25세,경상
2021091400100730,2021년 9월 14일 23시,화요일,광주광역시 서구 유촌동,경상사고,0,0,1,0,차대차 - 추돌,안전운전불이행,건조,맑음,교차로 - 교차로부근,승용,남,40세,상해없음,승용,남,29세,경상
2021091500100129,2021년 9월 15일 08시,수요일,광주광역시 동구 지산동,경상사고,0,0,2,0,차대차 - 후진중충돌,안전운전불이행,건조,맑음,단일로 - 기타,승용,여,64세,상해없음,승용,남,33세,경상
2021091500100130,2021년 9월 15일 08시,수요일,광주광역시 서구 금호동,경상사고,0,0,3,1,차대차 - 기타,직진우회전진행방해,건조,맑음,교차로 - 교차로안,화물,남,65세,부상신고,승용,여,36세,경상
2021091500100131,2021년 9월 15일 08시,수요일,광주광역시 남구 도금동,경상사고,0,0,1,0,차대차 - 추돌,안전운전불이행,건조,맑음,단일로 - 기타,승용,남,39세,상해없음,화물,남,47세,상해없음
2021091500100132,2021년 9월 15일 08시,수요일,광주광역시 광산구 본덕동,경상사고,0,0,3,0,차대차 - 추돌,안전운전불이행,건조,맑음,교차로 - 교차로부근,화물,남,71세,상해없음,승용,여,63세,경상
2021091500100133,2021년 9월 15일 08시,수요일,광주광역시 광산구 소촌동,경상사고,0,0,2,0,차대차 - 측면충돌,안전운전불이행,건조,맑음,교차로 - 교차로안,승용,여,61세,경상,승용,여,58세,경상
2021091500100173,2021년 9월 15일 09시,수요일,광주광역시 동구 소태동,중상사고,0,1,0,0,차대차 - 측면충돌,교차로운행방법위반,건조,맑음,교차로 - 교차로부근,승용,남,33세,상해없음,자전거,남,83세,중상
2021091500100218,2021년 9월 15일 10시,수요일,광주광역시 동구 동명동,경상사고,0,0,2,0,차대차 - 측면충돌,안전운전불이행,건조,맑음,단일로 - 기타,승용,남,80세,기타불명,승용,남,33세,경상
2021091500100219,2021년 9월 15일 10시,수요일,광주광역시 서구 치평동,부상신고사고,0,0,0,1,차대차 - 측면충돌,신호위반,건조,맑음,교차로 - 교차로안,승용,여,35세,기타불명,승용,남,26세,부상신고
2021091500100220,2021년 9월 15일 10시,수요일,광주광역시 남구 방림동,경상사고,0,0,1,0,차량단독 - 기타,안전운전불이행,건조,맑음,단일로 - 기타,승합,남,58세,상해없음,,,,