사고번호,사고일시,요일,시군구,사고내용,사망자수,중상자수,경상자수,부상신고자수,사고유형,법규위반,노면상태,기상상태,도로형태,가해운전자 차종,가해운전자 성별,가해운전자 연령,가해운전자 상해정도,피해운전자 차종,피해운전자 성별,피해운전자 연령,피해운전자 상해정도
2021091500100221,2021년 9월 15일 10시,수요일,광주광역시 북구 용봉동,경상사고,0,0,2,0,차대차 - 기타,안전거리미확보,건조,맑음,단일로 - 기타,승용,남,58세,상해없음,승용,여,24세,경상
2021091500100222,2021년 9월 15일 10시,수요일,광주광역시 광산구 신가동,경상사고,0,0,4,0,차대차 - 추돌,안전거리미확보,건조,맑음,단일로 - 기타,승용,여,55세,경상,승용,남,65세,경상
2021091500100259,2021년 9월 15일 11시,수요일,광주광역시 북구 신용동,부상신고사고,0,0,0,1,차대차 - 기타,중앙선침범,건조,맑음,교차로 - 교차로부근,개인형이동수단(PM),남,17세,부상신고,승용,여,44세,상해없음
2021091500100293,2021년 9월 15일 12시,수요일,광주광역시 서구 풍암동,경상사고,0,0,1,0,차대차 - 기타,안전운전불이행,건조,맑음,교차로 - 교차로안,승용,남,20세,상해없음,승용,여,40세,경상
2021091500100377,2021년 9월 15일 14시,수요일,광주광역시 서구 쌍촌동,경상사고,0,0,1,0,차대차 - 기타,교차로운행방법위반,건조,맑음,교차로 - 교차로부근,승용,남,37세,상해없음,이륜,남,28세,경상
2021091500100378,2021년 9월 15일 14시,수요일,광주광역시 남구 백운동,경상사고,0,0,2,0,차대차 - 측면충돌,안전거리미확보,건조,맑음,단일로 - 기타,화물,남,42세,상해없음,승용,남,35세,경상
2021091500100429,2021년 9월 15일 15시,수요일,광주광역시 북구 임동,경상사고,0,0,2,0,차대차 - 측면충돌,안전거리미확보,건조,맑음,교차로 - 교차로부근,승용,남,41세,기타불명,승용,남,24세,경상
2021091500100478,2021년 9월 15일 16시,수요일,광주광역시 동구 용산동,경상사고,0,0,1,0,차대차 - 측면충돌,안전거리미확보,건조,맑음,단일로 - 기타,승용,남,48세,상해없음,승용,남,41세,경상
2021091500100480,2021년 9월 15일 16시,수요일,광주광역시 남구 백운동,경상사고,0,0,1,0,차대차 - 기타,신호위반,건조,맑음,교차로 - 교차로안,화물,남,54세,상해없음,승용,여,32세,상해없음
2021091500100481,2021년 9월 15일 16시,수요일,광주광역시 북구 용봉동,경상사고,0,0,2,0,차대차 - 측면충돌,안전운전불이행,건조,맑음,단일로 - 기타,승용,남,59세,경상,승용,남,56세,경상
2021091500100482,2021년 9월 15일 16시,수요일,광주광역시 북구 누문동,경상사고,0,0,2,0,차대차 - 기타,안전운전불이행,건조,맑음,교차로 - 교차로안,승용,남,60세,상해없음,승용,여,37세,경상
2021091500100526,2021년 9월 15일 17시,수요일,광주광역시 북구 동림동,경상사고,0,0,1,0,차대차 - 기타,안전운전불이행,건조,맑음,단일로 - 기타,승용,남,70세,상해없음,승용,남,43세,상해없음
2021091500100535,2021년 9월 15일 17시,수요일,광주광역시 북구 용봉동,경상사고,0,0,1,0,차대차 - 측면충돌,안전운전불이행,건조,맑음,교차로 - 교차로안,승용,여,56세,상해없음,이륜,남,23세,경상
2021091500100536,2021년 9월 15일 17시,수요일,광주광역시 북구 오치동,경상사고,0,0,1,0,차대사람 - 횡단중,신호위반,건조,맑음,교차로 - 교차로횡단보도내,기타불명,기타불명,미분류,기타불명,보행자,여,8세,경상
2021091500100537,2021년 9월 15일 17시,수요일,광주광역시 북구 운암동,중상사고,0,1,1,0,차대차 - 측면충돌,중앙선침범,건조,맑음,단일로 - 기타,승용,여,60세,경상,승용,남,32세,중상
2021091500100598,2021년 9월 15일 18시,수요일,광주광역시 서구 양동,경상사고,0,0,1,0,차대차 - 측면충돌,교차로운행방법위반,건조,맑음,단일로 - 기타,승용,여,62세,상해없음,승합,남,48세,경상
2021091500100599,2021년 9월 15일 18시,수요일,광주광역시 광산구 신창동,경상사고,0,0,2,0,차대차 - 측면충돌,신호위반,건조,맑음,교차로 - 교차로안,이륜,남,40세,경상,화물,남,54세,경상
2021091500100645,2021년 9월 15일 19시,수요일,광주광역시 서구 쌍촌동,경상사고,0,0,1,0,차대사람 - 횡단중,보행자보호의무위반,건조,맑음,교차로 - 교차로횡단보도내,승용,여,35세,상해없음,보행자,남,22세,경상
2021091500100681,2021년 9월 15일 20시,수요일,광주광역시 광산구 우산동,경상사고,0,0,2,0,차대차 - 측면충돌,중앙선침범,건조,맑음,단일로 - 기타,승용,남,18세,상해없음,승용,남,19세,경상
2021091500100682,2021년 9월 15일 20시,수요일,광주광역시 광산구 선암동,경상사고,0,0,1,0,차대차 - 추돌,안전운전불이행,건조,맑음,단일로 - 기타,승용,남,40세,상해없음,화물,남,40세,경상
2021091500100740,2021년 9월 15일 22시,수요일,광주광역시 북구 신용동,부상신고사고,0,0,0,1,차대차 - 측면충돌,안전운전불이행,건조,맑음,단일로 - 기타,기타불명,기타불명,미분류,기타불명,승용,여,52세,상해없음
2021091500100741,2021년 9월 15일 22시,수요일,광주광역시 북구 연제동,경상사고,0,0,1,0,차대차 - 측면충돌,안전운전불이행,건조,맑음,교차로 - 교차로부근,승용,여,26세,상해없음,승용,여,24세,경상
2021091600100037,2021년 9월 16일 06시,목요일,광주광역시 광산구 도천동,경상사고,0,0,1,0,차대차 - 기타,안전운전불이행,건조,맑음,단일로 - 기타,승용,남,69세,상해없음,승용,여,32세,경상
2021091600100117,2021년 9월 16일 08시,목요일,광주광역시 서구 매월동,경상사고,0,0,1,0,차대차 - 측면충돌,차로위반,건조,맑음,단일로 - 기타,화물,남,48세,상해없음,승용,여,56세,경상
2021091600100185,2021년 9월 16일 10시,목요일,광주광역시 광산구 선암동,경상사고,0,0,2,0,차대차 - 측면충돌,신호위반,건조,맑음,교차로 - 교차로안,승용,남,29세,상해없음,승용,남,53세,경상
2021091600100218,2021년 9월 16일 11시,목요일,광주광역시 북구 운암동,경상사고,0,0,1,0,차대차 - 기타,신호위반,건조,맑음,교차로 - 교차로안,승용,여,22세,상해없음,승용,남,71세,경상
2021091600100299,2021년 9월 16일 13시,목요일,광주광역시 서구 쌍촌동,경상사고,0,0,1,0,차대차 - 측면충돌,안전운전불이행,건조,맑음,교차로 - 교차로안,승용,남,58세,상해없음,승용,남,29세,경상
2021091600100300,2021년 9월 16일 13시,목요일,광주광역시 남구 양림동,경상사고,0,0,1,0,차대사람 - 횡단중,보행자보호의무위반,건조,맑음,단일로 - 기타,승용,여,66세,상해없음,보행자,여,74세,경상
2021091600100301,2021년 9월 16일 13시,목요일,광주광역시 북구 연제동,경상사고,0,0,1,0,차대사람 - 횡단중,안전운전불이행,건조,맑음,교차로 - 교차로횡단보도내,승용,여,51세,상해없음,보행자,남,10세,경상
2021091600100354,2021년 9월 16일 14시,목요일,광주광역시 남구 주월동,경상사고,0,0,2,0,차대차 - 측면충돌,안전운전불이행,젖음/습기,비,단일로 - 기타,화물,남,29세,상해없음,승용,여,30세,경상
2021091600100395,2021년 9월 16일 15시,목요일,광주광역시 서구 벽진동,경상사고,0,0,1,0,차대차 - 측면충돌,신호위반,건조,맑음,교차로 - 교차로안,화물,남,55세,상해없음,승용,여,30세,경상
2021091600100396,2021년 9월 16일 15시,목요일,광주광역시 남구 주월동,경상사고,0,0,1,0,차대차 - 기타,안전운전불이행,건조,맑음,단일로 - 기타,승용,여,41세,상해없음,승용,남,38세,경상
2021091600100443,2021년 9월 16일 16시,목요일,광주광역시 서구 쌍촌동,경상사고,0,0,1,0,차대차 - 후진중충돌,안전운전불이행,건조,흐림,교차로 - 교차로부근,승용,남,75세,상해없음,승용,여,30세,경상
2021091600100444,2021년 9월 16일 16시,목요일,광주광역시 광산구 월곡동,경상사고,0,0,1,0,차대차 - 기타,신호위반,건조,맑음,교차로 - 교차로안,승용,남,41세,상해없음,승합,남,64세,상해없음
2021091600100484,2021년 9월 16일 17시,목요일,광주광역시 광산구 도산동,경상사고,0,0,1,0,차대차 - 측면충돌,안전운전불이행,건조,맑음,단일로 - 기타,승용,여,36세,상해없음,이륜,남,78세,경상
2021091600100485,2021년 9월 16일 17시,목요일,광주광역시 광산구 월계동,경상사고,0,0,2,0,차대차 - 측면충돌,중앙선침범,건조,맑음,단일로 - 기타,승용,여,34세,상해없음,승용,남,25세,경상
2021091600100486,2021년 9월 16일 17시,목요일,광주광역시 광산구 신가동,중상사고,0,1,0,0,차대차 - 측면충돌,차로위반,건조,맑음,단일로 - 기타,승용,남,33세,상해없음,승용,여,48세,중상
2021091600100530,2021년 9월 16일 18시,목요일,광주광역시 남구 주월동,경상사고,0,0,2,0,차대차 - 기타,교차로운행방법위반,젖음/습기,비,교차로 - 교차로안,화물,남,48세,상해없음,승용,남,28세,경상
2021091600100531,2021년 9월 16일 18시,목요일,광주광역시 남구 봉선동,경상사고,0,0,1,0,차대사람 - 기타,안전운전불이행,젖음/습기,비,단일로 - 기타,승용,남,60세,상해없음,보행자,여,35세,경상
2021091600100532,2021년 9월 16일 18시,목요일,광주광역시 남구 노대동,경상사고,0,0,1,0,차대차 - 측면충돌,안전운전불이행,건조,맑음,교차로 - 교차로안,승용,남,64세,상해없음,승용,남,37세,경상
2021091600100533,2021년 9월 16일 18시,목요일,광주광역시 북구 양산동,중상사고,0,1,0,0,차대차 - 기타,안전운전불이행,젖음/습기,비,교차로 - 교차로안,승용,여,42세,상해없음,이륜,남,47세,중상
2021091600100534,2021년 9월 16일 18시,목요일,광주광역시 북구 동림동,경상사고,0,0,2,0,차대차 - 기타,안전운전불이행,젖음/습기,비,교차로 - 교차로부근,승용,남,49세,상해없음,승용,여,47세,경상
2021091600100581,2021년 9월 16일 19시,목요일,광주광역시 서구 내방동,경상사고,0,0,3,0,차대차 - 측면충돌,교차로운행방법위반,젖음/습기,비,교차로 - 교차로안,승용,남,55세,경상,이륜,남,40세,경상
2021091600100582,2021년 9월 16일 19시,목요일,광주광역시 서구 치평동,경상사고,0,0,2,0,차대차 - 추돌,안전운전불이행,젖음/습기,흐림,기타 - 기타,승용,남,31세,상해없음,승용,여,35세,상해없음
2021091600100583,2021년 9월 16일 19시,목요일,광주광역시 북구 운암동,경상사고,0,0,1,0,차대차 - 기타,차로위반,젖음/습기,비,단일로 - 고가도로위,기타불명,기타불명,미분류,기타불명,승용,여,53세,경상
2021091600100584,2021년 9월 16일 19시,목요일,광주광역시 북구 신용동,경상사고,0,0,1,0,차대차 - 기타,안전거리미확보,젖음/습기,비,단일로 - 기타,승용,남,54세,상해없음,승용,여,57세,경상
2021091600100624,2021년 9월 16일 20시,목요일,광주광역시 서구 쌍촌동,경상사고,0,0,4,0,차대차 - 기타,신호위반,젖음/습기,비,교차로 - 교차로안,승용,여,55세,상해없음,승용,여,39세,경상
2021091700100019,2021년 9월 17일 01시,금요일,광주광역시 서구 양동,중상사고,0,1,1,0,차대차 - 추돌,안전운전불이행,건조,맑음,단일로 - 기타,승용,남,27세,상해없음,이륜,남,60세,경상
2021091700100030,2021년 9월 17일 04시,금요일,광주광역시 서구 유촌동,경상사고,0,0,3,0,차대차 - 측면충돌,신호위반,건조,맑음,교차로 - 교차로안,승용,남,24세,상해없음,승용,남,72세,경상
2021091700100040,2021년 9월 17일 05시,금요일,광주광역시 남구 백운동,경상사고,0,0,1,0,차대차 - 측면충돌,안전거리미확보,건조,맑음,교차로 - 교차로안,승용,여,48세,상해없음,화물,남,73세,경상
2021091700100112,2021년 9월 17일 08시,금요일,광주광역시 서구 동천동,경상사고,0,0,1,0,차대차 - 측면충돌,차로위반,건조,맑음,단일로 - 기타,건설기계,남,26세,상해없음,승용,여,34세,경상
2021091700100113,2021년 9월 17일 08시,금요일,광주광역시 광산구 선암동,경상사고,0,0,1,0,차대차 - 측면충돌,안전거리미확보,건조,맑음,교차로 - 교차로부근,승용,남,61세,상해없음,승용,여,32세,경상
2021091700100157,2021년 9월 17일 09시,금요일,광주광역시 남구 주월동,경상사고,0,0,1,0,차대차 - 기타,신호위반,건조,맑음,교차로 - 교차로안,승용,여,50세,상해없음,승용,남,25세,경상
2021091700100158,2021년 9월 17일 09시,금요일,광주광역시 광산구 우산동,경상사고,0,0,1,0,차대차 - 측면충돌,신호위반,건조,맑음,교차로 - 교차로안,승용,여,51세,상해없음,특수,남,61세,경상
2021091700100195,2021년 9월 17일 10시,금요일,광주광역시 북구 운암동,중상사고,0,1,0,0,차대차 - 측면충돌,안전운전불이행,건조,맑음,교차로 - 교차로안,화물,남,42세,상해없음,이륜,남,34세,중상
2021091700100242,2021년 9월 17일 11시,금요일,광주광역시 북구 월출동,경상사고,0,0,3,0,차대차 - 기타,안전운전불이행,건조,맑음,교차로 - 교차로안,화물,남,64세,상해없음,화물,남,48세,경상
2021091700100297,2021년 9월 17일 12시,금요일,광주광역시 서구 농성동,중상사고,0,1,0,0,차대차 - 추돌,안전운전불이행,건조,맑음,교차로 - 교차로부근,승용,여,58세,상해없음,승용,여,56세,중상
2021091700100298,2021년 9월 17일 12시,금요일,광주광역시 북구 북동,경상사고,0,0,1,0,차대사람 - 기타,안전운전불이행,건조,맑음,단일로 - 기타,승용,남,78세,상해없음,보행자,남,53세,경상
2021091700100299,2021년 9월 17일 12시,금요일,광주광역시 북구 용봉동,경상사고,0,0,1,0,차대차 - 측면충돌,안전운전불이행,건조,맑음,단일로 - 기타,화물,남,29세,상해없음,승용,남,25세,경상
2021091700100343,2021년 9월 17일 13시,금요일,광주광역시 서구 쌍촌동,경상사고,0,0,1,0,차대차 - 측면충돌,안전운전불이행,건조,맑음,단일로 - 기타,승용,남,46세,상해없음,승용,남,35세,경상
2021091700100344,2021년 9월 17일 13시,금요일,광주광역시 서구 매월동,경상사고,0,0,1,0,차대차 - 기타,안전운전불이행,건조,맑음,단일로 - 기타,화물,남,56세,상해없음,승용,여,52세,경상
2021091700100399,2021년 9월 17일 14시,금요일,광주광역시 서구 화정동,경상사고,0,0,1,0,차대사람 - 횡단중,안전운전불이행,건조,맑음,교차로 - 교차로횡단보도내,승용,남,62세,상해없음,보행자,여,11세,경상
2021091700100400,2021년 9월 17일 14시,금요일,광주광역시 서구 유촌동,부상신고사고,0,0,0,1,차량단독 - 기타,안전운전불이행,건조,맑음,단일로 - 기타,승용,남,35세,부상신고,,,,
2021091700100401,2021년 9월 17일 14시,금요일,광주광역시 남구 방림동,경상사고,0,0,1,0,차대차 - 추돌,안전운전불이행,건조,맑음,단일로 - 기타,화물,남,31세,상해없음,승용,남,35세,경상
2021091700100402,2021년 9월 17일 14시,금요일,광주광역시 광산구 수완동,경상사고,0,0,1,0,차대차 - 추돌,안전운전불이행,건조,맑음,단일로 - 기타,승용,남,49세,상해없음,승용,남,42세,경상
2021091700100453,2021년 9월 17일 15시,금요일,광주광역시 광산구 하남동,경상사고,0,0,1,0,차대차 - 측면충돌,차로위반,건조,맑음,교차로 - 교차로부근,승용,남,61세,상해없음,승용,남,28세,경상
2021091700100507,2021년 9월 17일 16시,금요일,광주광역시 광산구 신창동,경상사고,0,0,1,0,차대차 - 측면충돌,안전거리미확보,건조,맑음,단일로 - 기타,승용,여,33세,기타불명,특수,남,35세,경상
2021091700100508,2021년 9월 17일 16시,금요일,광주광역시 광산구 산정동,경상사고,0,0,1,0,차대사람 - 기타,기타,건조,맑음,단일로 - 기타,개인형이동수단(PM),남,14세,상해없음,보행자,여,67세,경상
2021091700100630,2021년 9월 17일 18시,금요일,광주광역시 서구 내방동,경상사고,0,0,1,0,차대사람 - 기타,안전운전불이행,건조,맑음,교차로 - 교차로안,승용,남,52세,상해없음,보행자,여,52세,경상
2021091700100631,2021년 9월 17일 18시,금요일,광주광역시 서구 마륵동,경상사고,0,0,1,0,차대차 - 측면충돌,차로위반,건조,맑음,단일로 - 기타,승용,여,41세,상해없음,승용,여,30세,경상
2021091700100632,2021년 9월 17일 18시,금요일,광주광역시 서구 매월동,경상사고,0,0,1,0,차대차 - 측면충돌,교차로운행방법위반,건조,맑음,교차로 - 교차로안,승용,남,37세,상해없음,승용,남,50세,경상
2021091700100633,2021년 9월 17일 18시,금요일,광주광역시 남구 임암동,경상사고,0,0,2,0,차대차 - 측면충돌,안전운전불이행,건조,맑음,교차로 - 교차로안,건설기계,남,61세,상해없음,승용,여,58세,경상
2021091700100634,2021년 9월 17일 18시,금요일,광주광역시 북구 삼각동,경상사고,0,0,1,0,차대차 - 추돌,안전운전불이행,건조,맑음,교차로 - 교차로부근,승합,여,60세,상해없음,승용,남,38세,경상
2021091700100635,2021년 9월 17일 18시,금요일,광주광역시 광산구 월곡동,중상사고,0,1,1,0,차대차 - 측면충돌,안전운전불이행,건조,맑음,교차로 - 교차로부근,승용,남,63세,상해없음,승용,남,51세,경상
2021091700100690,2021년 9월 17일 19시,금요일,광주광역시 북구 운암동,경상사고,0,0,1,0,차대차 - 측면충돌,안전거리미확보,건조,맑음,교차로 - 교차로안,승합,남,53세,상해없음,승합,여,67세,경상
2021091700100731,2021년 9월 17일 20시,금요일,광주광역시 북구 동림동,경상사고,0,0,2,0,차대차 - 추돌,안전운전불이행,건조,맑음,단일로 - 기타,승용,남,22세,상해없음,승용,여,28세,경상
2021091700100796,2021년 9월 17일 22시,금요일,광주광역시 서구 치평동,경상사고,0,0,1,0,차대사람 - 보도통행중,기타,건조,맑음,단일로 - 기타,원동기,남,40세,상해없음,보행자,여,79세,경상
2021091700100813,2021년 9월 17일 23시,금요일,광주광역시 남구 주월동,경상사고,0,0,1,0,차대차 - 기타,안전운전불이행,건조,맑음,단일로 - 기타,이륜,남,38세,경상,승용,남,65세,상해없음
2021091700100814,2021년 9월 17일 23시,금요일,광주광역시 광산구 도산동,경상사고,0,0,1,0,차대사람 - 횡단중,안전운전불이행,건조,맑음,교차로 - 교차로부근,승용,남,61세,상해없음,보행자,여,21세,경상
2021091800100043,2021년 9월 18일 06시,토요일,광주광역시 광산구 장덕동,중상사고,0,1,0,0,차대차 - 기타,안전운전불이행,건조,기타,단일로 - 기타,기타불명,기타불명,미분류,기타불명,개인형이동수단(PM),남,39세,중상
2021091800100056,2021년 9월 18일 07시,토요일,광주광역시 서구 화정동,중상사고,0,1,1,0,차대차 - 추돌,안전운전불이행,건조,맑음,단일로 - 기타,승용,남,55세,상해없음,승용,남,70세,경상
2021091800100057,2021년 9월 18일 07시,토요일,광주광역시 서구 유촌동,경상사고,0,0,1,0,차대차 - 측면충돌,안전운전불이행,건조,맑음,교차로 - 교차로부근,승용,여,62세,상해없음,승용,남,29세,경상
2021091800100114,2021년 9월 18일 09시,토요일,광주광역시 서구 덕흥동,중상사고,0,1,3,0,차대차 - 측면충돌,교차로운행방법위반,건조,맑음,교차로 - 교차로안,화물,남,26세,경상,화물,남,40세,경상
2021091800100115,2021년 9월 18일 09시,토요일,광주광역시 북구 오치동,경상사고,0,0,1,0,차대차 - 측면충돌,안전운전불이행,건조,맑음,단일로 - 기타,승용,남,33세,상해없음,이륜,남,59세,경상
2021091800100172,2021년 9월 18일 10시,토요일,광주광역시 서구 농성동,중상사고,0,1,0,0,차대차 - 측면충돌,기타,건조,맑음,단일로 - 기타,승용,남,39세,상해없음,자전거,남,41세,중상
2021091800100173,2021년 9월 18일 10시,토요일,광주광역시 북구 동림동,경상사고,0,0,3,0,차대차 - 추돌,안전운전불이행,건조,맑음,단일로 - 기타,승용,남,25세,상해없음,승용,여,41세,경상
2021091800100174,2021년 9월 18일 10시,토요일,광주광역시 광산구 월곡동,경상사고,0,0,2,0,차대차 - 기타,안전운전불이행,건조,맑음,교차로 - 교차로안,승용,여,54세,상해없음,승용,여,39세,경상
2021091800100224,2021년 9월 18일 11시,토요일,광주광역시 서구 금호동,경상사고,0,0,2,0,차대차 - 기타,교차로운행방법위반,건조,맑음,교차로 - 교차로안,승용,여,44세,상해없음,승용,여,59세,경상
2021091800100225,2021년 9월 18일 11시,토요일,광주광역시 북구 양산동,경상사고,0,0,1,0,차대차 - 측면충돌,안전운전불이행,건조,흐림,단일로 - 기타,화물,남,52세,상해없음,이륜,남,37세,경상
2021091800100273,2021년 9월 18일 12시,토요일,광주광역시 동구 산수동,경상사고,0,0,1,0,차대사람 - 기타,안전운전불이행,건조,맑음,단일로 - 기타,화물,남,45세,상해없음,보행자,여,61세,경상
2021091800100274,2021년 9월 18일 12시,토요일,광주광역시 남구 주월동,경상사고,0,0,1,0,차대차 - 기타,안전운전불이행,건조,맑음,교차로 - 교차로안,승용,여,39세,상해없음,이륜,남,40세,경상
2021091800100275,2021년 9월 18일 12시,토요일,광주광역시 북구 신안동,경상사고,0,0,1,0,차대차 - 측면충돌,안전운전불이행,건조,맑음,단일로 - 기타,승용,남,61세,상해없음,승합,남,60세,경상
2021091800100276,2021년 9월 18일 12시,토요일,광주광역시 북구 우산동,경상사고,0,0,3,0,차대차 - 기타,안전운전불이행,건조,맑음,단일로 - 기타,승용,남,28세,기타불명,승용,남,36세,경상
2021091800100322,2021년 9월 18일 13시,토요일,광주광역시 북구 임동,경상사고,0,0,1,0,차대차 - 기타,안전운전불이행,건조,맑음,단일로 - 기타,자전거,남,25세,경상,승용,남,61세,상해없음
2021091800100358,2021년 9월 18일 14시,토요일,광주광역시 서구 농성동,경상사고,0,0,1,0,차대차 - 추돌,안전운전불이행,건조,맑음,단일로 - 기타,자전거,남,79세,경상,화물,남,36세,상해없음
2021091800100441,2021년 9월 18일 16시,토요일,광주광역시 남구 임암동,경상사고,0,0,1,0,차대차 - 기타,안전거리미확보,건조,맑음,단일로 - 기타,화물,남,55세,상해없음,승용,남,26세,경상
2021091800100442,2021년 9월 18일 16시,토요일,광주광역시 광산구 송정동,경상사고,0,0,2,0,차대차 - 기타,안전운전불이행,건조,맑음,교차로 - 교차로부근,승용,남,74세,상해없음,승용,남,31세,경상
2021091800100500,2021년 9월 18일 17시,토요일,광주광역시 서구 내방동,경상사고,0,0,2,0,차대차 - 추돌,안전운전불이행,건조,맑음,교차로 - 교차로부근,승용,남,51세,상해없음,승용,남,72세,경상
2021091800100501,2021년 9월 18일 17시,토요일,광주광역시 북구 신안동,경상사고,0,0,1,0,차대차 - 측면충돌,안전거리미확보,건조,맑음,단일로 - 기타,승용,남,65세,상해없음,승용,남,53세,경상
2021091800100566,2021년 9월 18일 19시,토요일,광주광역시 광산구 월계동,중상사고,0,1,1,0,차대차 - 기타,안전거리미확보,건조,맑음,단일로 - 기타,승용,남,78세,경상,화물,남,58세,중상
2021091800100574,2021년 9월 18일 19시,토요일,광주광역시 동구 불로동,경상사고,0,0,3,0,차대차 - 추돌,안전운전불이행,건조,맑음,단일로 - 기타,승용,남,39세,상해없음,승용,남,34세,경상
2021091800100575,2021년 9월 18일 19시,토요일,광주광역시 서구 마륵동,경상사고,0,0,2,0,차대차 - 측면충돌,안전운전불이행,건조,맑음,교차로 - 교차로안,화물,여,60세,경상,화물,남,52세,경상
2021091800100576,2021년 9월 18일 19시,토요일,광주광역시 북구 일곡동,경상사고,0,0,1,0,차대차 - 측면충돌,차로위반,건조,맑음,단일로 - 기타,승용,여,49세,상해없음,승용,남,40세,경상
2021091800100614,2021년 9월 18일 20시,토요일,광주광역시 남구 행암동,경상사고,0,0,1,0,차대차 - 기타,신호위반,건조,맑음,교차로 - 교차로안,화물,여,62세,상해없음,승용,남,49세,경상
2021091800100615,2021년 9월 18일 20시,토요일,광주광역시 북구 신안동,경상사고,0,0,1,0,차대차 - 기타,안전운전불이행,건조,맑음,교차로 - 교차로안,승용,남,32세,상해없음,승용,남,53세,경상
2021091800100648,2021년 9월 18일 21시,토요일,광주광역시 북구 두암동,경상사고,0,0,1,0,차대차 - 추돌,안전운전불이행,건조,맑음,단일로 - 기타,화물,남,38세,상해없음,승용,남,40세,경상
2021091800100649,2021년 9월 18일 21시,토요일,광주광역시 북구 삼각동,경상사고,0,0,3,0,차대차 - 측면충돌,안전운전불이행,건조,흐림,교차로 - 교차로안,승용,남,60세,상해없음,승용,남,60세,경상
2021091900100060,2021년 9월 19일 08시,일요일,광주광역시 서구 광천동,경상사고,0,0,1,0,차대차 - 측면충돌,안전운전불이행,건조,맑음,교차로 - 교차로횡단보도내,승용,남,74세,상해없음,승용,남,27세,경상
2021091900100076,2021년 9월 19일 09시,일요일,광주광역시 동구 산수동,경상사고,0,0,1,0,차대사람 - 기타,안전운전불이행,건조,맑음,교차로 - 교차로부근,승용,남,50세,상해없음,보행자,여,41세,경상
2021091900100104,2021년 9월 19일 10시,일요일,광주광역시 서구 화정동,경상사고,0,0,2,0,차대차 - 측면충돌,안전운전불이행,건조,맑음,교차로 - 교차로안,승용,여,30세,경상,승용,남,71세,경상
2021091900100135,2021년 9월 19일 11시,일요일,광주광역시 서구 치평동,경상사고,0,0,1,0,차대차 - 측면충돌,안전운전불이행,건조,맑음,교차로 - 교차로안,화물,남,58세,상해없음,이륜,남,47세,경상
2021091900100189,2021년 9월 19일 13시,일요일,광주광역시 북구 용전동,경상사고,0,0,1,0,차대차 - 측면충돌,중앙선침범,건조,맑음,단일로 - 기타,승용,남,31세,상해없음,승용,남,61세,경상
2021091900100190,2021년 9월 19일 13시,일요일,광주광역시 광산구 신가동,경상사고,0,0,1,0,차대사람 - 길가장자리구역통행중,안전운전불이행,건조,맑음,단일로 - 기타,화물,남,53세,상해없음,보행자,남,35세,경상
2021091900100220,2021년 9월 19일 14시,일요일,광주광역시 서구 화정동,경상사고,0,0,1,0,차대차 - 측면충돌,안전운전불이행,건조,맑음,교차로 - 교차로안,승용,남,50세,상해없음,이륜,남,23세,경상
2021091900100284,2021년 9월 19일 16시,일요일,광주광역시 광산구 선암동,경상사고,0,0,2,1,차대차 - 측면충돌,안전운전불이행,건조,맑음,단일로 - 기타,승용,남,49세,부상신고,승용,남,47세,경상
2021091900100336,2021년 9월 19일 17시,일요일,광주광역시 서구 쌍촌동,경상사고,0,0,1,0,차대차 - 기타,안전운전불이행,건조,맑음,교차로 - 교차로안,승용,남,48세,상해없음,승용,남,22세,경상
2021091900100337,2021년 9월 19일 17시,일요일,광주광역시 북구 삼각동,경상사고,0,0,1,0,차대차 - 측면충돌,안전운전불이행,건조,맑음,교차로 - 교차로부근,승용,남,50세,상해없음,자전거,남,66세,경상
2021091900100338,2021년 9월 19일 17시,일요일,광주광역시 광산구 운남동,중상사고,0,1,1,0,차대차 - 측면충돌,신호위반,건조,맑음,교차로 - 교차로횡단보도내,이륜,남,21세,경상,자전거,남,70세,중상
2021091900100363,2021년 9월 19일 18시,일요일,광주광역시 북구 매곡동,경상사고,0,0,1,0,차대사람 - 기타,안전운전불이행,건조,맑음,기타 - 기타,승용,남,45세,상해없음,보행자,남,46세,경상
2021091900100364,2021년 9월 19일 18시,일요일,광주광역시 광산구 수완동,경상사고,0,0,3,0,차대차 - 측면충돌,안전거리미확보,건조,맑음,교차로 - 교차로안,승용,남,62세,경상,승용,남,44세,경상
2021091900100415,2021년 9월 19일 20시,일요일,광주광역시 동구 광산동,경상사고,0,0,1,0,차대사람 - 기타,안전운전불이행,건조,맑음,교차로 - 교차로부근,승용,여,33세,기타불명,보행자,남,36세,경상
2021091900100417,2021년 9월 19일 20시,일요일,광주광역시 북구 두암동,경상사고,0,0,1,0,차대사람 - 차도통행중,안전운전불이행,건조,맑음,단일로 - 기타,화물,남,68세,상해없음,보행자,여,25세,경상
2021091900100435,2021년 9월 19일 21시,일요일,광주광역시 광산구 도천동,경상사고,0,0,5,0,차대차 - 측면충돌,신호위반,건조,맑음,교차로 - 교차로안,이륜,남,40세,상해없음,승용,남,34세,경상
2021092000100004,2021년 9월 20일 00시,월요일,광주광역시 서구 내방동,경상사고,0,0,1,0,차대차 - 기타,안전거리미확보,건조,맑음,단일로 - 기타,승용,남,47세,상해없음,이륜,남,45세,경상