사고번호,사고일시,요일,시군구,사고내용,사망자수,중상자수,경상자수,부상신고자수,사고유형,법규위반,노면상태,기상상태,도로형태,가해운전자 차종,가해운전자 성별,가해운전자 연령,가해운전자 상해정도,피해운전자 차종,피해운전자 성별,피해운전자 연령,피해운전자 상해정도
2021092000100025,2021년 9월 20일 02시,월요일,광주광역시 광산구 신창동,경상사고,0,0,2,0,차대차 - 추돌,안전운전불이행,건조,맑음,단일로 - 기타,승용,남,28세,상해없음,승용,남,32세,경상
2021092000100073,2021년 9월 20일 09시,월요일,광주광역시 북구 양산동,경상사고,0,0,1,0,차대사람 - 횡단중,안전운전불이행,건조,맑음,단일로 - 기타,이륜,남,74세,상해없음,보행자,여,66세,경상
2021092000100128,2021년 9월 20일 11시,월요일,광주광역시 서구 내방동,경상사고,0,0,1,0,차대차 - 측면충돌,차로위반,건조,맑음,교차로 - 교차로안,승용,남,56세,상해없음,승용,남,42세,경상
2021092000100129,2021년 9월 20일 11시,월요일,광주광역시 북구 운암동,경상사고,0,0,1,0,차대차 - 기타,안전운전불이행,건조,맑음,교차로 - 교차로부근,승용,남,59세,상해없음,승용,남,56세,경상
2021092000100130,2021년 9월 20일 11시,월요일,광주광역시 광산구 신창동,경상사고,0,0,1,0,차대차 - 추돌,안전운전불이행,건조,맑음,교차로 - 교차로부근,화물,남,70세,기타불명,승용,여,26세,경상
2021092000100166,2021년 9월 20일 12시,월요일,광주광역시 서구 쌍촌동,경상사고,0,0,1,0,차대사람 - 기타,안전운전불이행,건조,맑음,단일로 - 기타,승용,남,72세,상해없음,보행자,남,66세,경상
2021092000100201,2021년 9월 20일 13시,월요일,광주광역시 서구 광천동,경상사고,0,0,1,0,차대차 - 측면충돌,안전운전불이행,건조,맑음,단일로 - 기타,승용,남,48세,기타불명,승용,여,57세,경상
2021092000100202,2021년 9월 20일 13시,월요일,광주광역시 북구 신안동,경상사고,0,0,2,1,차대차 - 측면충돌,안전운전불이행,건조,맑음,단일로 - 기타,승용,여,31세,경상,승용,여,34세,경상
2021092000100236,2021년 9월 20일 14시,월요일,광주광역시 광산구 운수동,경상사고,0,0,1,0,차대차 - 측면충돌,안전운전불이행,건조,맑음,단일로 - 기타,자전거,여,56세,경상,화물,남,52세,상해없음
2021092000100263,2021년 9월 20일 15시,월요일,광주광역시 북구 본촌동,중상사고,0,1,0,0,차대차 - 측면충돌,신호위반,건조,맑음,교차로 - 교차로안,승용,남,43세,상해없음,이륜,남,32세,중상
2021092000100264,2021년 9월 20일 15시,월요일,광주광역시 북구 운암동,경상사고,0,0,2,0,차대차 - 기타,안전운전불이행,건조,맑음,단일로 - 기타,승용,남,56세,상해없음,승용,여,50세,경상
2021092000100298,2021년 9월 20일 16시,월요일,광주광역시 북구 일곡동,경상사고,0,0,4,0,차대차 - 측면충돌,교차로운행방법위반,건조,맑음,교차로 - 교차로안,승용,여,61세,경상,승용,남,35세,경상
2021092000100299,2021년 9월 20일 16시,월요일,광주광역시 광산구 소촌동,경상사고,0,0,2,0,차대차 - 추돌,안전거리미확보,건조,맑음,단일로 - 기타,승용,남,23세,상해없음,승용,남,74세,경상
2021092000100355,2021년 9월 20일 18시,월요일,광주광역시 서구 유촌동,경상사고,0,0,2,0,차대차 - 추돌,안전운전불이행,건조,맑음,교차로 - 교차로부근,승용,남,55세,상해없음,승용,남,38세,경상
2021092000100387,2021년 9월 20일 19시,월요일,광주광역시 북구 두암동,경상사고,0,0,1,0,차대사람 - 기타,안전운전불이행,건조,맑음,단일로 - 기타,승용,여,24세,상해없음,보행자,여,26세,경상
2021092000100429,2021년 9월 20일 21시,월요일,광주광역시 광산구 쌍암동,중상사고,0,1,0,0,차대차 - 측면충돌,교차로운행방법위반,건조,맑음,교차로 - 교차로부근,승용,남,51세,상해없음,이륜,남,31세,중상
2021092000100446,2021년 9월 20일 22시,월요일,광주광역시 동구 광산동,경상사고,0,0,1,0,차대사람 - 기타,안전운전불이행,젖음/습기,맑음,단일로 - 기타,승용,남,27세,상해없음,보행자,여,28세,경상
2021092000100447,2021년 9월 20일 22시,월요일,광주광역시 동구 소태동,경상사고,0,0,1,0,차량단독 - 기타,안전운전불이행,건조,맑음,기타 - 기타,승용,남,72세,상해없음,,,,
2021092000100448,2021년 9월 20일 22시,월요일,광주광역시 서구 내방동,경상사고,0,0,2,0,차대차 - 측면충돌,안전운전불이행,건조,맑음,단일로 - 기타,화물,남,52세,상해없음,승용,남,50세,경상
2021092000100449,2021년 9월 20일 22시,월요일,광주광역시 북구 삼각동,경상사고,0,0,1,0,차량단독 - 기타,안전운전불이행,건조,맑음,단일로 - 기타,개인형이동수단(PM),남,26세,경상,,,,
2021092100100009,2021년 9월 21일 01시,화요일,광주광역시 남구 봉선동,경상사고,0,0,1,0,차대차 - 정면충돌,중앙선침범,건조,맑음,단일로 - 기타,승용,남,27세,상해없음,이륜,남,20세,경상
2021092100100010,2021년 9월 21일 01시,화요일,광주광역시 광산구 우산동,사망사고,1,0,0,0,차대차 - 추돌,안전운전불이행,젖음/습기,비,교차로 - 교차로부근,승용,여,42세,사망,승용,남,51세,기타불명
2021092100100037,2021년 9월 21일 08시,화요일,광주광역시 광산구 운남동,경상사고,0,0,1,0,차대차 - 기타,신호위반,건조,맑음,교차로 - 교차로안,승용,여,30세,상해없음,승용,여,37세,경상
2021092100100078,2021년 9월 21일 11시,화요일,광주광역시 광산구 신가동,경상사고,0,0,1,0,차대차 - 기타,차로위반,젖음/습기,비,단일로 - 기타,승용,남,51세,상해없음,이륜,남,23세,경상
2021092100100079,2021년 9월 21일 11시,화요일,광주광역시 광산구 신창동,경상사고,0,0,1,0,차대차 - 추돌,안전운전불이행,건조,맑음,단일로 - 기타,승용,남,38세,상해없음,승용,남,53세,경상
2021092100100103,2021년 9월 21일 12시,화요일,광주광역시 광산구 운남동,경상사고,0,0,1,0,차대차 - 기타,안전운전불이행,건조,맑음,단일로 - 기타,승용,남,22세,기타불명,승용,여,40세,경상
2021092100100104,2021년 9월 21일 12시,화요일,광주광역시 광산구 오운동,경상사고,0,0,1,0,차대차 - 측면충돌,안전운전불이행,건조,맑음,교차로 - 교차로안,승합,남,63세,상해없음,화물,남,46세,경상
2021092100100123,2021년 9월 21일 13시,화요일,광주광역시 북구 유동,경상사고,0,0,1,0,차대사람 - 횡단중,신호위반,건조,맑음,교차로 - 교차로횡단보도내,이륜,남,58세,상해없음,보행자,여,53세,경상
2021092100100124,2021년 9월 21일 13시,화요일,광주광역시 광산구 운수동,경상사고,0,0,5,0,차대차 - 기타,안전거리미확보,건조,맑음,단일로 - 기타,승용,남,62세,경상,승용,남,72세,경상
2021092100100160,2021년 9월 21일 14시,화요일,광주광역시 광산구 서봉동,경상사고,0,0,3,0,차대차 - 추돌,안전운전불이행,건조,맑음,단일로 - 기타,승용,남,63세,상해없음,승용,남,51세,경상
2021092100100218,2021년 9월 21일 16시,화요일,광주광역시 북구 운암동,경상사고,0,0,1,0,차대차 - 기타,안전운전불이행,건조,맑음,단일로 - 기타,이륜,여,19세,상해없음,이륜,남,39세,경상
2021092100100312,2021년 9월 21일 20시,화요일,광주광역시 광산구 도산동,경상사고,0,0,1,0,차대차 - 기타,안전거리미확보,건조,맑음,단일로 - 기타,승합,남,22세,상해없음,이륜,남,18세,경상
2021092100100355,2021년 9월 21일 22시,화요일,광주광역시 광산구 수완동,경상사고,0,0,1,0,차대사람 - 기타,보행자보호의무위반,건조,맑음,교차로 - 교차로안,승용,여,52세,기타불명,보행자,남,30세,경상
2021092100100371,2021년 9월 21일 23시,화요일,광주광역시 광산구 월계동,경상사고,0,0,1,0,차대차 - 측면충돌,불법유턴,건조,맑음,단일로 - 기타,승용,남,20세,상해없음,이륜,남,20세,경상
2021092100100372,2021년 9월 21일 23시,화요일,광주광역시 광산구 송정동,경상사고,0,0,1,0,차대차 - 측면충돌,안전운전불이행,건조,맑음,교차로 - 교차로안,승용,여,29세,상해없음,승용,남,19세,경상
2021092200100013,2021년 9월 22일 00시,수요일,광주광역시 광산구 신창동,경상사고,0,0,1,0,차대차 - 기타,중앙선침범,건조,맑음,단일로 - 기타,승용,여,45세,상해없음,승용,여,36세,경상
2021092200100022,2021년 9월 22일 01시,수요일,광주광역시 동구 소태동,경상사고,0,0,4,0,차대차 - 추돌,신호위반,건조,맑음,단일로 - 기타,승용,남,36세,상해없음,승용,남,43세,경상
2021092200100037,2021년 9월 22일 03시,수요일,광주광역시 서구 광천동,경상사고,0,0,1,0,차대차 - 측면충돌,신호위반,건조,맑음,단일로 - 기타,승용,남,21세,상해없음,승용,남,22세,경상
2021092200100050,2021년 9월 22일 07시,수요일,광주광역시 북구 우산동,경상사고,0,0,2,0,차대차 - 측면충돌,안전운전불이행,건조,맑음,교차로 - 교차로안,승용,여,62세,경상,승용,남,47세,경상
2021092200100082,2021년 9월 22일 10시,수요일,광주광역시 광산구 운수동,경상사고,0,0,1,0,차대차 - 추돌,안전운전불이행,젖음/습기,흐림,교차로 - 교차로부근,승용,남,73세,상해없음,승용,남,46세,경상
2021092200100098,2021년 9월 22일 11시,수요일,광주광역시 서구 풍암동,경상사고,0,0,1,0,차대차 - 측면충돌,안전운전불이행,건조,맑음,교차로 - 교차로안,승용,남,64세,상해없음,승용,남,37세,경상
2021092200100195,2021년 9월 22일 14시,수요일,광주광역시 동구 대의동,경상사고,0,0,2,0,차대차 - 기타,교차로운행방법위반,건조,맑음,교차로 - 교차로안,원동기,남,31세,상해없음,승용,남,24세,경상
2021092200100196,2021년 9월 22일 14시,수요일,광주광역시 광산구 우산동,경상사고,0,0,1,0,차대차 - 추돌,안전운전불이행,건조,맑음,단일로 - 기타,자전거,남,7세,경상,승용,여,28세,상해없음
2021092200100227,2021년 9월 22일 15시,수요일,광주광역시 광산구 하남동,중상사고,0,1,0,0,차대차 - 정면충돌,안전운전불이행,건조,맑음,단일로 - 기타,승용,여,29세,상해없음,이륜,남,24세,중상
2021092200100249,2021년 9월 22일 16시,수요일,광주광역시 광산구 도산동,중상사고,0,1,0,0,차대차 - 측면충돌,안전운전불이행,건조,맑음,교차로 - 교차로안,자전거,남,11세,중상,승용,여,53세,상해없음
2021092200100334,2021년 9월 22일 19시,수요일,광주광역시 북구 두암동,경상사고,0,0,1,0,차대차 - 측면충돌,직진우회전진행방해,건조,맑음,교차로 - 교차로안,승용,남,21세,상해없음,승용,여,23세,경상
2021092200100410,2021년 9월 22일 22시,수요일,광주광역시 동구 계림동,중상사고,0,1,0,0,차대사람 - 횡단중,기타,건조,맑음,단일로 - 기타,승용,남,58세,상해없음,보행자,남,54세,중상
2021092200100424,2021년 9월 22일 23시,수요일,광주광역시 북구 두암동,중상사고,0,1,0,0,차대사람 - 횡단중,신호위반,건조,맑음,단일로 - 기타,이륜,남,60세,상해없음,보행자,남,25세,중상
2021092200100425,2021년 9월 22일 23시,수요일,광주광역시 북구 문흥동,경상사고,0,0,3,0,차대차 - 기타,안전운전불이행,건조,맑음,교차로 - 교차로부근,승용,남,67세,경상,승용,남,27세,경상
2021092300100090,2021년 9월 23일 08시,목요일,광주광역시 광산구 도천동,경상사고,0,0,1,0,차대차 - 측면충돌,차로위반,건조,맑음,단일로 - 기타,승용,남,61세,상해없음,화물,남,52세,경상
2021092300100132,2021년 9월 23일 09시,목요일,광주광역시 북구 오치동,중상사고,0,1,0,0,차대차 - 측면충돌,교차로운행방법위반,건조,맑음,교차로 - 교차로안,승용,여,59세,기타불명,이륜,남,16세,중상
2021092300100133,2021년 9월 23일 09시,목요일,광주광역시 광산구 신창동,중상사고,0,2,4,0,차대차 - 기타,기타,건조,맑음,단일로 - 기타,승용,남,31세,기타불명,승용,여,51세,중상
2021092300100134,2021년 9월 23일 09시,목요일,광주광역시 광산구 신가동,경상사고,0,0,1,0,차대차 - 측면충돌,안전거리미확보,건조,맑음,교차로 - 교차로부근,승용,남,74세,상해없음,승용,여,34세,경상
2021092300100167,2021년 9월 23일 10시,목요일,광주광역시 북구 양산동,경상사고,0,0,2,0,차대차 - 측면충돌,안전운전불이행,건조,맑음,단일로 - 기타,승용,남,68세,상해없음,승용,남,27세,경상
2021092300100203,2021년 9월 23일 11시,목요일,광주광역시 북구 오치동,중상사고,0,1,0,0,차대사람 - 기타,안전운전불이행,건조,맑음,단일로 - 기타,승용,여,56세,상해없음,보행자,여,74세,중상
2021092300100229,2021년 9월 23일 12시,목요일,광주광역시 북구 용봉동,경상사고,0,0,1,0,차대사람 - 차도통행중,안전운전불이행,건조,맑음,단일로 - 기타,승용,여,23세,상해없음,보행자,남,37세,경상
2021092300100309,2021년 9월 23일 14시,목요일,광주광역시 남구 백운동,경상사고,0,0,1,0,차대차 - 측면충돌,안전거리미확보,건조,맑음,단일로 - 기타,화물,남,56세,상해없음,이륜,남,48세,경상
2021092300100310,2021년 9월 23일 14시,목요일,광주광역시 북구 임동,중상사고,0,1,0,0,차대차 - 측면충돌,안전운전불이행,건조,맑음,교차로 - 교차로안,승용,남,49세,상해없음,자전거,남,73세,중상
2021092300100311,2021년 9월 23일 14시,목요일,광주광역시 북구 용봉동,경상사고,0,0,2,0,차대차 - 측면충돌,차로위반,건조,맑음,단일로 - 기타,승용,남,51세,경상,승용,남,40세,경상
2021092300100347,2021년 9월 23일 15시,목요일,광주광역시 서구 치평동,중상사고,0,1,2,1,차대차 - 기타,안전운전불이행,건조,맑음,단일로 - 기타,승용,여,51세,부상신고,화물,남,51세,경상
2021092300100348,2021년 9월 23일 15시,목요일,광주광역시 북구 양산동,경상사고,0,0,2,0,차대차 - 측면충돌,신호위반,건조,맑음,교차로 - 교차로안,승용,남,27세,상해없음,승용,남,61세,경상
2021092300100349,2021년 9월 23일 15시,목요일,광주광역시 광산구 소촌동,중상사고,0,1,0,0,차량단독 - 기타,안전운전불이행,건조,맑음,단일로 - 기타,승합,남,55세,상해없음,,,,
2021092300100350,2021년 9월 23일 15시,목요일,광주광역시 광산구 소촌동,경상사고,0,0,1,0,차대차 - 측면충돌,안전운전불이행,건조,맑음,단일로 - 기타,승용,남,62세,상해없음,승용,여,34세,경상
2021092300100391,2021년 9월 23일 16시,목요일,광주광역시 서구 유촌동,경상사고,0,0,2,0,차대차 - 기타,안전운전불이행,건조,맑음,단일로 - 기타,승용,남,27세,상해없음,승용,남,29세,경상
2021092300100392,2021년 9월 23일 16시,목요일,광주광역시 남구 진월동,경상사고,0,0,2,0,차대차 - 측면충돌,안전운전불이행,건조,맑음,단일로 - 기타,승용,남,68세,상해없음,승용,여,31세,경상
2021092300100393,2021년 9월 23일 16시,목요일,광주광역시 광산구 우산동,경상사고,0,0,1,0,차대차 - 후진중충돌,불법유턴,건조,맑음,교차로 - 교차로안,화물,남,50세,상해없음,승용,여,45세,경상
2021092300100476,2021년 9월 23일 18시,목요일,광주광역시 북구 양산동,중상사고,0,1,0,0,차대사람 - 횡단중,안전운전불이행,건조,맑음,단일로 - 기타,승용,여,45세,상해없음,보행자,남,6세,중상
2021092300100525,2021년 9월 23일 19시,목요일,광주광역시 서구 용두동,중상사고,0,1,0,0,차대차 - 기타,안전운전불이행,건조,맑음,단일로 - 기타,자전거,여,42세,상해없음,자전거,남,61세,중상
2021092300100590,2021년 9월 23일 22시,목요일,광주광역시 서구 동천동,경상사고,0,0,1,0,차대차 - 측면충돌,안전운전불이행,건조,맑음,교차로 - 교차로안,승용,남,21세,상해없음,이륜,남,29세,경상
2021092300100591,2021년 9월 23일 22시,목요일,광주광역시 북구 용봉동,경상사고,0,0,1,0,차대사람 - 기타,안전운전불이행,건조,흐림,교차로 - 교차로횡단보도내,승합,남,67세,상해없음,보행자,남,29세,경상
2021092300100592,2021년 9월 23일 22시,목요일,광주광역시 광산구 수완동,경상사고,0,0,1,0,차대사람 - 횡단중,보행자보호의무위반,건조,맑음,교차로 - 교차로안,승용,남,64세,상해없음,보행자,여,17세,경상
2021092300100593,2021년 9월 23일 22시,목요일,광주광역시 광산구 월계동,경상사고,0,0,4,0,차대차 - 측면충돌,안전운전불이행,건조,맑음,교차로 - 교차로부근,승용,남,31세,경상,승용,여,22세,경상
2021092400100050,2021년 9월 24일 07시,금요일,광주광역시 광산구 월계동,경상사고,0,0,2,0,차대차 - 측면충돌,기타,건조,맑음,기타 - 기타,승용,남,56세,경상,승용,남,44세,경상
2021092400100118,2021년 9월 24일 09시,금요일,광주광역시 동구 학동,경상사고,0,0,1,0,차대차 - 기타,안전거리미확보,건조,맑음,단일로 - 기타,승용,남,58세,경상,승용,남,82세,상해없음
2021092400100119,2021년 9월 24일 09시,금요일,광주광역시 광산구 월전동,경상사고,0,0,1,0,차대차 - 측면충돌,안전운전불이행,건조,맑음,교차로 - 교차로부근,승용,남,50세,경상,승합,남,38세,상해없음
2021092400100153,2021년 9월 24일 10시,금요일,광주광역시 서구 쌍촌동,경상사고,0,0,4,0,차대차 - 기타,직진우회전진행방해,건조,맑음,교차로 - 교차로안,이륜,남,52세,경상,승용,남,21세,경상
2021092400100185,2021년 9월 24일 11시,금요일,광주광역시 서구 금호동,경상사고,0,0,1,0,차대사람 - 기타,기타,건조,맑음,단일로 - 기타,승용,남,33세,상해없음,보행자,여,44세,경상
2021092400100214,2021년 9월 24일 12시,금요일,광주광역시 광산구 장덕동,경상사고,0,0,1,0,차대차 - 측면충돌,안전운전불이행,건조,맑음,단일로 - 기타,승용,남,19세,상해없음,승용,여,33세,경상
2021092400100215,2021년 9월 24일 12시,금요일,광주광역시 광산구 선암동,부상신고사고,0,0,0,1,차대사람 - 기타,안전운전불이행,건조,맑음,교차로 - 교차로안,승용,남,30세,상해없음,보행자,남,22세,부상신고
2021092400100411,2021년 9월 24일 17시,금요일,광주광역시 동구 학동,중상사고,0,1,0,0,차대차 - 측면충돌,교차로운행방법위반,건조,맑음,교차로 - 교차로안,승용,남,74세,상해없음,승용,남,37세,중상
2021092400100412,2021년 9월 24일 17시,금요일,광주광역시 남구 진월동,경상사고,0,0,1,0,차대차 - 추돌,안전운전불이행,건조,맑음,단일로 - 기타,승용,여,45세,상해없음,승용,여,45세,경상
2021092400100413,2021년 9월 24일 17시,금요일,광주광역시 광산구 장덕동,경상사고,0,0,2,0,차대차 - 측면충돌,직진우회전진행방해,건조,맑음,교차로 - 교차로안,승용,여,21세,기타불명,승용,남,29세,경상
2021092400100499,2021년 9월 24일 19시,금요일,광주광역시 서구 매월동,경상사고,0,0,1,0,차대차 - 측면충돌,안전운전불이행,건조,맑음,교차로 - 교차로안,승용,여,40세,기타불명,승합,남,27세,경상
2021092400100522,2021년 9월 24일 20시,금요일,광주광역시 북구 두암동,경상사고,0,0,1,0,차대차 - 기타,안전운전불이행,건조,맑음,교차로 - 교차로안,승용,남,72세,상해없음,승용,남,29세,경상
2021092400100523,2021년 9월 24일 20시,금요일,광주광역시 광산구 우산동,부상신고사고,0,0,0,1,차량단독 - 기타,안전운전불이행,건조,맑음,단일로 - 기타,자전거,남,12세,부상신고,,,,
2021092500100071,2021년 9월 25일 09시,토요일,광주광역시 북구 용봉동,중상사고,0,1,0,0,차대차 - 측면충돌,안전운전불이행,건조,맑음,교차로 - 교차로안,자전거,남,67세,중상,승용,남,34세,상해없음
2021092500100094,2021년 9월 25일 10시,토요일,광주광역시 남구 진월동,중상사고,0,1,3,0,차대차 - 측면충돌,중앙선침범,건조,맑음,교차로 - 교차로부근,이륜,남,87세,중상,승용,남,39세,경상
2021092500100184,2021년 9월 25일 13시,토요일,광주광역시 북구 양산동,경상사고,0,0,2,0,차대차 - 추돌,안전운전불이행,건조,맑음,단일로 - 기타,이륜,남,34세,경상,이륜,남,39세,경상
2021092500100225,2021년 9월 25일 14시,토요일,광주광역시 서구 벽진동,경상사고,0,0,1,0,차대차 - 측면충돌,안전운전불이행,건조,맑음,교차로 - 교차로안,화물,남,62세,상해없음,승용,남,32세,경상
2021092500100226,2021년 9월 25일 14시,토요일,광주광역시 광산구 우산동,경상사고,0,0,2,0,차대차 - 측면충돌,신호위반,건조,맑음,교차로 - 교차로안,승용,남,55세,상해없음,특수,남,24세,경상
2021092500100262,2021년 9월 25일 15시,토요일,광주광역시 광산구 도산동,경상사고,0,0,1,0,차대차 - 측면충돌,직진우회전진행방해,건조,맑음,교차로 - 교차로안,자전거,남,9세,경상,승용,남,33세,상해없음
2021092500100263,2021년 9월 25일 15시,토요일,광주광역시 광산구 장덕동,경상사고,0,0,1,0,차대차 - 측면충돌,직진우회전진행방해,건조,맑음,교차로 - 교차로안,개인형이동수단(PM),남,17세,경상,승용,남,57세,상해없음
2021092500100328,2021년 9월 25일 17시,토요일,광주광역시 서구 양동,경상사고,0,0,1,0,차대차 - 기타,안전운전불이행,건조,맑음,단일로 - 기타,승용,여,53세,상해없음,승용,남,67세,상해없음
2021092500100329,2021년 9월 25일 17시,토요일,광주광역시 남구 주월동,경상사고,0,0,1,0,차대사람 - 횡단중,안전운전불이행,건조,맑음,교차로 - 교차로안,화물,남,63세,상해없음,보행자,남,85세,경상
2021092500100359,2021년 9월 25일 18시,토요일,광주광역시 광산구 월계동,경상사고,0,0,3,0,차대차 - 측면충돌,안전운전불이행,건조,맑음,단일로 - 기타,이륜,남,38세,경상,승용,여,48세,경상
2021092500100360,2021년 9월 25일 18시,토요일,광주광역시 광산구 수완동,경상사고,0,0,1,0,차대차 - 측면충돌,안전운전불이행,건조,맑음,교차로 - 교차로안,승용,여,31세,기타불명,승용,남,38세,경상
2021092500100437,2021년 9월 25일 21시,토요일,광주광역시 서구 치평동,경상사고,0,0,2,0,차대차 - 측면충돌,교차로운행방법위반,건조,맑음,교차로 - 교차로안,승용,남,29세,상해없음,승용,남,58세,경상
2021092500100438,2021년 9월 25일 21시,토요일,광주광역시 서구 화정동,경상사고,0,0,1,0,차대사람 - 횡단중,신호위반,건조,맑음,교차로 - 교차로안,승용,여,49세,상해없음,보행자,남,26세,경상
2021092500100439,2021년 9월 25일 21시,토요일,광주광역시 서구 금호동,경상사고,0,0,1,0,차대차 - 측면충돌,신호위반,젖음/습기,비,교차로 - 교차로안,승용,남,70세,상해없음,화물,남,23세,경상
2021092500100469,2021년 9월 25일 22시,토요일,광주광역시 광산구 월곡동,중상사고,0,1,1,0,차대차 - 측면충돌,안전운전불이행,건조,맑음,교차로 - 교차로안,이륜,남,22세,경상,승용,여,52세,중상
2021092500100487,2021년 9월 25일 23시,토요일,광주광역시 남구 월산동,경상사고,0,0,1,0,차대차 - 측면충돌,중앙선침범,건조,맑음,단일로 - 기타,승용,남,67세,상해없음,승용,여,29세,경상
2021092500100488,2021년 9월 25일 23시,토요일,광주광역시 북구 각화동,경상사고,0,0,3,0,차대차 - 측면충돌,신호위반,건조,맑음,교차로 - 교차로안,승용,남,27세,경상,승용,남,18세,경상
2021092600100009,2021년 9월 26일 00시,일요일,광주광역시 서구 풍암동,경상사고,0,0,1,0,차량단독 - 전도전복 - 전복,안전운전불이행,건조,맑음,단일로 - 기타,승용,남,22세,상해없음,,,,
2021092600100064,2021년 9월 26일 09시,일요일,광주광역시 서구 농성동,경상사고,0,0,1,0,차대차 - 후진중충돌,안전운전불이행,건조,맑음,기타 - 기타,승용,남,38세,상해없음,승용,남,28세,경상
2021092600100065,2021년 9월 26일 09시,일요일,광주광역시 북구 오치동,경상사고,0,0,3,0,차대차 - 추돌,안전운전불이행,건조,맑음,단일로 - 기타,승용,남,49세,상해없음,승용,남,61세,경상
2021092600100086,2021년 9월 26일 10시,일요일,광주광역시 남구 임암동,경상사고,0,0,1,0,차대차 - 기타,신호위반,건조,맑음,교차로 - 교차로안,승용,남,63세,상해없음,승용,여,26세,경상
2021092600100138,2021년 9월 26일 12시,일요일,광주광역시 광산구 월계동,경상사고,0,0,1,0,차대차 - 측면충돌,신호위반,건조,맑음,교차로 - 교차로안,승용,남,24세,상해없음,이륜,남,26세,경상
2021092600100224,2021년 9월 26일 15시,일요일,광주광역시 남구 백운동,중상사고,0,1,0,0,차대차 - 측면충돌,교차로운행방법위반,건조,맑음,교차로 - 교차로안,승용,남,32세,상해없음,이륜,남,18세,중상
2021092600100225,2021년 9월 26일 15시,일요일,광주광역시 광산구 월계동,경상사고,0,0,1,0,차대차 - 기타,안전거리미확보,건조,맑음,교차로 - 교차로부근,승용,남,53세,기타불명,승용,남,46세,상해없음
2021092600100255,2021년 9월 26일 16시,일요일,광주광역시 광산구 삼거동,경상사고,0,0,1,0,차대차 - 추돌,안전운전불이행,건조,맑음,단일로 - 기타,승용,남,44세,상해없음,승용,남,34세,경상
2021092700100041,2021년 9월 27일 06시,월요일,광주광역시 동구 소태동,경상사고,0,0,2,0,차대차 - 기타,중앙선침범,건조,맑음,단일로 - 기타,화물,남,45세,상해없음,승용,여,39세,경상
2021092700100042,2021년 9월 27일 06시,월요일,광주광역시 서구 광천동,경상사고,0,0,1,0,차대차 - 추돌,안전거리미확보,건조,맑음,교차로 - 교차로부근,승용,남,56세,기타불명,화물,남,33세,경상
2021092700100121,2021년 9월 27일 09시,월요일,광주광역시 북구 두암동,경상사고,0,0,1,0,차대사람 - 횡단중,안전운전불이행,건조,맑음,단일로 - 기타,승용,남,54세,상해없음,보행자,여,75세,경상
2021092700100189,2021년 9월 27일 11시,월요일,광주광역시 동구 서석동,경상사고,0,0,1,0,차대사람 - 보도통행중,보행자보호의무위반,건조,맑음,교차로 - 교차로횡단보도내,승용,여,21세,상해없음,보행자,여,36세,경상
2021092700100190,2021년 9월 27일 11시,월요일,광주광역시 서구 덕흥동,경상사고,0,0,1,0,차대차 - 추돌,안전거리미확보,건조,맑음,단일로 - 기타,승용,남,28세,상해없음,승용,여,52세,경상
2021092700100191,2021년 9월 27일 11시,월요일,광주광역시 광산구 송정동,경상사고,0,0,1,0,차대차 - 기타,안전거리미확보,건조,맑음,단일로 - 기타,화물,남,56세,기타불명,이륜,남,25세,경상
2021092700100358,2021년 9월 27일 16시,월요일,광주광역시 광산구 오선동,중상사고,0,1,0,0,차대차 - 측면충돌,안전거리미확보,건조,맑음,단일로 - 기타,화물,남,35세,상해없음,화물,남,27세,중상
2021092700100397,2021년 9월 27일 17시,월요일,광주광역시 북구 운암동,경상사고,0,0,5,0,차대차 - 측면충돌,안전운전불이행,건조,맑음,주차장 - 주차장,화물,남,48세,상해없음,승용,여,42세,경상
2021092700100398,2021년 9월 27일 17시,월요일,광주광역시 광산구 운수동,경상사고,0,0,1,0,차대차 - 측면충돌,안전운전불이행,건조,맑음,단일로 - 기타,화물,남,38세,상해없음,승용,남,21세,경상
2021092700100476,2021년 9월 27일 19시,월요일,광주광역시 동구 호남동,중상사고,0,1,0,0,차대사람 - 기타,안전운전불이행,건조,맑음,교차로 - 교차로부근,승용,남,49세,상해없음,보행자,남,70세,중상
2021092700100500,2021년 9월 27일 20시,월요일,광주광역시 남구 방림동,부상신고사고,0,0,0,1,차대차 - 기타,안전운전불이행,건조,맑음,교차로 - 교차로횡단보도내,기타불명,기타불명,미분류,기타불명,개인형이동수단(PM),남,25세,부상신고
2021092700100526,2021년 9월 27일 21시,월요일,광주광역시 서구 쌍촌동,경상사고,0,0,1,0,차대차 - 추돌,안전운전불이행,건조,맑음,단일로 - 기타,승용,남,51세,상해없음,승용,여,33세,경상
2021092700100527,2021년 9월 27일 21시,월요일,광주광역시 북구 일곡동,중상사고,0,1,0,0,차대사람 - 기타,안전운전불이행,건조,맑음,교차로 - 교차로안,승용,남,64세,상해없음,보행자,여,55세,중상
2021092700100541,2021년 9월 27일 22시,월요일,광주광역시 광산구 월계동,경상사고,0,0,1,0,차대차 - 측면충돌,안전운전불이행,건조,맑음,단일로 - 교량,이륜,남,28세,경상,승용,남,68세,상해없음