사고번호,사고일시,요일,시군구,사고내용,사망자수,중상자수,경상자수,부상신고자수,사고유형,법규위반,노면상태,기상상태,도로형태,가해운전자 차종,가해운전자 성별,가해운전자 연령,가해운전자 상해정도,피해운전자 차종,피해운전자 성별,피해운전자 연령,피해운전자 상해정도
2021092800100011,2021년 9월 28일 01시,화요일,광주광역시 북구 연제동,경상사고,0,0,4,0,차대차 - 추돌,안전운전불이행,건조,맑음,단일로 - 기타,승용,남,69세,상해없음,승용,남,34세,경상
2021092800100019,2021년 9월 28일 03시,화요일,광주광역시 북구 신안동,경상사고,0,0,1,0,차대차 - 기타,안전운전불이행,건조,맑음,교차로 - 교차로안,승용,남,37세,경상,승용,남,72세,상해없음
2021092800100055,2021년 9월 28일 07시,화요일,광주광역시 북구 양산동,경상사고,0,0,3,0,차대차 - 기타,교차로운행방법위반,건조,맑음,교차로 - 교차로안,승용,남,28세,경상,승용,여,23세,경상
2021092800100056,2021년 9월 28일 07시,화요일,광주광역시 북구 용봉동,경상사고,0,0,1,0,차대차 - 정면충돌,안전운전불이행,건조,맑음,교차로 - 교차로부근,승용,남,75세,상해없음,승용,남,33세,경상
2021092800100089,2021년 9월 28일 08시,화요일,광주광역시 북구 운암동,경상사고,0,0,2,0,차대차 - 측면충돌,차로위반,건조,맑음,단일로 - 기타,이륜,여,29세,경상,승용,여,30세,경상
2021092800100152,2021년 9월 28일 10시,화요일,광주광역시 동구 광산동,경상사고,0,0,2,0,차대차 - 측면충돌,안전거리미확보,건조,맑음,교차로 - 교차로부근,승용,남,51세,상해없음,승용,남,64세,경상
2021092800100153,2021년 9월 28일 10시,화요일,광주광역시 남구 주월동,경상사고,0,0,1,0,차량단독 - 기타,안전운전불이행,건조,맑음,단일로 - 기타,승합,남,48세,상해없음,,,,
2021092800100182,2021년 9월 28일 11시,화요일,광주광역시 서구 치평동,부상신고사고,0,0,0,1,차대차 - 기타,안전운전불이행,건조,맑음,단일로 - 기타,승용,남,31세,상해없음,승용,남,41세,상해없음
2021092800100215,2021년 9월 28일 12시,화요일,광주광역시 서구 치평동,경상사고,0,0,1,0,차대차 - 기타,안전거리미확보,건조,맑음,단일로 - 기타,승용,여,35세,상해없음,이륜,남,31세,경상
2021092800100216,2021년 9월 28일 12시,화요일,광주광역시 북구 문흥동,경상사고,0,0,2,0,차대차 - 측면충돌,교차로운행방법위반,건조,맑음,교차로 - 교차로안,승용,남,62세,경상,승용,여,56세,경상
2021092800100217,2021년 9월 28일 12시,화요일,광주광역시 북구 중흥동,경상사고,0,0,1,0,차대차 - 측면충돌,안전거리미확보,건조,맑음,단일로 - 기타,자전거,남,81세,경상,승용,여,50세,상해없음
2021092800100302,2021년 9월 28일 15시,화요일,광주광역시 동구 지산동,경상사고,0,0,2,0,차대차 - 추돌,안전운전불이행,건조,맑음,단일로 - 터널,화물,남,35세,상해없음,승용,남,34세,경상
2021092800100303,2021년 9월 28일 15시,화요일,광주광역시 북구 운암동,경상사고,0,0,1,0,차대차 - 측면충돌,안전운전불이행,건조,맑음,교차로 - 교차로안,승용,여,65세,상해없음,승용,남,27세,경상
2021092800100336,2021년 9월 28일 16시,화요일,광주광역시 서구 치평동,경상사고,0,0,1,0,차대차 - 측면충돌,안전운전불이행,건조,맑음,교차로 - 교차로횡단보도내,승용,여,33세,기타불명,승용,남,50세,경상
2021092800100438,2021년 9월 28일 18시,화요일,광주광역시 서구 화정동,경상사고,0,0,1,0,차대사람 - 횡단중,안전운전불이행,젖음/습기,흐림,단일로 - 기타,이륜,남,20세,상해없음,보행자,여,58세,경상
2021092800100439,2021년 9월 28일 18시,화요일,광주광역시 서구 화정동,경상사고,0,0,1,0,차대차 - 측면충돌,신호위반,젖음/습기,비,교차로 - 교차로안,승용,남,66세,기타불명,승용,남,31세,경상
2021092800100440,2021년 9월 28일 18시,화요일,광주광역시 북구 동림동,경상사고,0,0,1,0,차대사람 - 횡단중,안전운전불이행,젖음/습기,흐림,단일로 - 기타,승용,여,55세,상해없음,보행자,여,14세,경상
2021092800100496,2021년 9월 28일 19시,화요일,광주광역시 서구 치평동,경상사고,0,0,1,0,차대차 - 기타,안전운전불이행,젖음/습기,흐림,교차로 - 교차로안,승용,여,44세,상해없음,승용,남,38세,경상
2021092800100596,2021년 9월 28일 22시,화요일,광주광역시 북구 대촌동,경상사고,0,0,2,0,차대차 - 측면충돌,안전운전불이행,건조,맑음,단일로 - 기타,승용,남,24세,상해없음,승용,남,35세,경상
2021092900100010,2021년 9월 29일 00시,수요일,광주광역시 북구 중흥동,경상사고,0,0,1,0,차대차 - 추돌,안전운전불이행,건조,맑음,교차로 - 교차로부근,이륜,남,17세,상해없음,승용,여,26세,경상
2021092900100104,2021년 9월 29일 08시,수요일,광주광역시 서구 동천동,경상사고,0,0,1,0,차대차 - 측면충돌,안전거리미확보,건조,맑음,단일로 - 기타,승용,여,36세,상해없음,승용,남,31세,경상
2021092900100105,2021년 9월 29일 08시,수요일,광주광역시 북구 풍향동,경상사고,0,0,1,0,차대차 - 기타,안전운전불이행,건조,맑음,단일로 - 기타,화물,남,70세,상해없음,승용,남,50세,경상
2021092900100136,2021년 9월 29일 09시,수요일,광주광역시 북구 중흥동,경상사고,0,0,1,0,차대차 - 측면충돌,안전운전불이행,건조,맑음,교차로 - 교차로횡단보도내,화물,남,61세,상해없음,이륜,남,50세,경상
2021092900100165,2021년 9월 29일 10시,수요일,광주광역시 서구 치평동,경상사고,0,0,2,0,차대차 - 기타,안전운전불이행,건조,맑음,기타 - 기타,승용,여,55세,상해없음,승용,남,39세,경상
2021092900100166,2021년 9월 29일 10시,수요일,광주광역시 광산구 소촌동,경상사고,0,0,1,0,차대차 - 측면충돌,안전운전불이행,건조,맑음,단일로 - 기타,건설기계,남,56세,상해없음,승용,남,64세,경상
2021092900100167,2021년 9월 29일 10시,수요일,광주광역시 광산구 오선동,경상사고,0,0,2,0,차대차 - 측면충돌,교차로운행방법위반,건조,맑음,교차로 - 교차로안,승용,남,51세,상해없음,화물,남,49세,경상
2021092900100199,2021년 9월 29일 11시,수요일,광주광역시 북구 신안동,경상사고,0,0,1,0,차대차 - 추돌,안전운전불이행,건조,맑음,단일로 - 기타,승용,남,59세,상해없음,승용,남,61세,경상
2021092900100229,2021년 9월 29일 12시,수요일,광주광역시 동구 산수동,사망사고,1,0,0,0,차대사람 - 기타,보행자보호의무위반,젖음/습기,비,단일로 - 기타,화물,남,29세,상해없음,보행자,여,58세,사망
2021092900100230,2021년 9월 29일 12시,수요일,광주광역시 북구 오룡동,경상사고,0,0,1,0,차대차 - 측면충돌,안전운전불이행,젖음/습기,비,교차로 - 교차로안,승용,남,25세,상해없음,화물,남,47세,경상
2021092900100293,2021년 9월 29일 14시,수요일,광주광역시 광산구 우산동,경상사고,0,0,1,0,차대사람 - 보도통행중,교차로운행방법위반,건조,맑음,교차로 - 교차로안,화물,남,56세,상해없음,보행자,남,47세,경상
2021092900100329,2021년 9월 29일 15시,수요일,광주광역시 동구 산수동,경상사고,0,0,4,0,차대차 - 추돌,안전거리미확보,젖음/습기,흐림,단일로 - 기타,승용,남,73세,상해없음,승용,여,36세,경상
2021092900100330,2021년 9월 29일 15시,수요일,광주광역시 서구 광천동,중상사고,0,1,0,0,차대차 - 측면충돌,신호위반,건조,맑음,교차로 - 교차로부근,승용,여,53세,상해없음,이륜,남,40세,중상
2021092900100331,2021년 9월 29일 15시,수요일,광주광역시 북구 용두동,경상사고,0,0,1,0,차대차 - 추돌,안전거리미확보,젖음/습기,흐림,단일로 - 기타,승용,남,23세,상해없음,승용,남,60세,경상
2021092900100332,2021년 9월 29일 15시,수요일,광주광역시 북구 삼각동,경상사고,0,0,1,0,차대차 - 추돌,안전운전불이행,젖음/습기,비,교차로 - 교차로부근,화물,남,57세,기타불명,승용,여,65세,경상
2021092900100362,2021년 9월 29일 16시,수요일,광주광역시 북구 삼각동,경상사고,0,0,1,0,차대차 - 기타,안전운전불이행,젖음/습기,비,교차로 - 교차로안,화물,남,49세,상해없음,이륜,남,42세,경상
2021092900100363,2021년 9월 29일 16시,수요일,광주광역시 광산구 월곡동,경상사고,0,0,1,0,차량단독 - 전도전복 - 전도,중앙선침범,건조,맑음,교차로 - 교차로부근,이륜,남,17세,경상,,,,
2021092900100364,2021년 9월 29일 16시,수요일,광주광역시 광산구 신창동,경상사고,0,0,1,0,차대차 - 측면충돌,안전운전불이행,건조,맑음,단일로 - 교량,승용,여,26세,상해없음,이륜,남,21세,경상
2021092900100365,2021년 9월 29일 16시,수요일,광주광역시 광산구 신촌동,경상사고,0,0,1,0,차대차 - 추돌,안전거리미확보,건조,맑음,교차로 - 교차로부근,승용,남,55세,상해없음,승용,여,41세,경상
2021092900100408,2021년 9월 29일 17시,수요일,광주광역시 북구 매곡동,경상사고,0,0,1,0,차대사람 - 횡단중,신호위반,건조,맑음,교차로 - 교차로안,승합,여,43세,상해없음,보행자,남,18세,경상
2021092900100470,2021년 9월 29일 18시,수요일,광주광역시 남구 봉선동,경상사고,0,0,1,0,차대사람 - 횡단중,보행자보호의무위반,건조,맑음,교차로 - 교차로횡단보도내,승용,남,28세,상해없음,보행자,여,63세,경상
2021092900100471,2021년 9월 29일 18시,수요일,광주광역시 북구 삼각동,경상사고,0,0,2,0,차대차 - 추돌,안전운전불이행,건조,맑음,단일로 - 기타,승용,남,38세,상해없음,승용,남,32세,경상
2021092900100517,2021년 9월 29일 19시,수요일,광주광역시 북구 중흥동,경상사고,0,0,2,0,차대차 - 기타,안전운전불이행,건조,맑음,단일로 - 기타,승용,여,50세,상해없음,화물,남,63세,경상
2021092900100579,2021년 9월 29일 21시,수요일,광주광역시 남구 행암동,경상사고,0,0,1,0,차량단독 - 기타,안전운전불이행,젖음/습기,비,교차로 - 교차로부근,이륜,남,23세,경상,,,,
2021092900100580,2021년 9월 29일 21시,수요일,광주광역시 광산구 신창동,경상사고,0,0,2,0,차대차 - 측면충돌,안전운전불이행,젖음/습기,비,교차로 - 교차로안,승용,남,35세,상해없음,승용,남,20세,경상
2021092900100617,2021년 9월 29일 22시,수요일,광주광역시 동구 불로동,경상사고,0,0,1,0,차대차 - 추돌,안전운전불이행,건조,맑음,교차로 - 교차로부근,승용,남,37세,상해없음,승용,남,51세,상해없음
2021092900100618,2021년 9월 29일 22시,수요일,광주광역시 광산구 우산동,경상사고,0,0,1,0,차대차 - 측면충돌,중앙선침범,젖음/습기,비,교차로 - 교차로부근,승용,여,40세,상해없음,승용,남,22세,경상
2021092900100619,2021년 9월 29일 22시,수요일,광주광역시 광산구 하남동,경상사고,0,0,1,0,차대차 - 기타,안전운전불이행,건조,맑음,단일로 - 기타,승용,남,58세,상해없음,승용,남,43세,경상
2021092900100641,2021년 9월 29일 23시,수요일,광주광역시 북구 각화동,경상사고,0,0,1,1,차대차 - 정면충돌,중앙선침범,젖음/습기,비,교차로 - 교차로부근,승용,여,39세,부상신고,승용,남,52세,경상
2021093000100016,2021년 9월 30일 01시,목요일,광주광역시 서구 풍암동,경상사고,0,0,2,0,차대차 - 측면충돌,신호위반,건조,맑음,교차로 - 교차로안,승용,남,18세,상해없음,승용,여,62세,경상
2021093000100028,2021년 9월 30일 03시,목요일,광주광역시 남구 진월동,경상사고,0,0,2,0,차대차 - 측면충돌,신호위반,건조,맑음,교차로 - 교차로안,승용,남,22세,상해없음,승용,남,39세,경상
2021093000100081,2021년 9월 30일 07시,목요일,광주광역시 동구 학동,경상사고,0,0,1,0,차대차 - 기타,기타,건조,맑음,단일로 - 기타,승용,남,31세,상해없음,개인형이동수단(PM),여,59세,경상
2021093000100082,2021년 9월 30일 07시,목요일,광주광역시 남구 월산동,경상사고,0,0,1,0,차대차 - 측면충돌,차로위반,건조,맑음,단일로 - 기타,승용,여,50세,상해없음,승용,남,35세,경상
2021093000100083,2021년 9월 30일 07시,목요일,광주광역시 광산구 소촌동,경상사고,0,0,2,0,차대차 - 측면충돌,안전거리미확보,건조,맑음,단일로 - 기타,화물,남,35세,경상,승용,남,50세,경상
2021093000100120,2021년 9월 30일 08시,목요일,광주광역시 서구 쌍촌동,경상사고,0,0,2,0,차대차 - 추돌,안전거리미확보,건조,맑음,단일로 - 기타,승용,여,49세,상해없음,승용,여,29세,경상
2021093000100121,2021년 9월 30일 08시,목요일,광주광역시 서구 쌍촌동,경상사고,0,0,1,0,차대차 - 기타,직진우회전진행방해,건조,맑음,단일로 - 기타,승용,남,27세,상해없음,개인형이동수단(PM),남,18세,경상
2021093000100122,2021년 9월 30일 08시,목요일,광주광역시 광산구 산정동,경상사고,0,0,1,0,차대차 - 추돌,안전거리미확보,건조,맑음,단일로 - 기타,화물,남,49세,상해없음,승용,남,63세,경상
2021093000100159,2021년 9월 30일 09시,목요일,광주광역시 서구 덕흥동,경상사고,0,0,1,0,차대차 - 추돌,안전거리미확보,건조,맑음,단일로 - 기타,승용,남,27세,상해없음,승용,남,67세,경상
2021093000100160,2021년 9월 30일 09시,목요일,광주광역시 광산구 옥동,경상사고,0,0,1,0,차대차 - 기타,안전운전불이행,건조,맑음,단일로 - 기타,승용,여,56세,상해없음,화물,남,62세,경상
2021093000100253,2021년 9월 30일 12시,목요일,광주광역시 서구 치평동,경상사고,0,0,2,0,차대차 - 추돌,불법유턴,건조,맑음,교차로 - 교차로부근,승용,남,50세,경상,승용,남,33세,경상
2021093000100290,2021년 9월 30일 13시,목요일,광주광역시 북구 신안동,경상사고,0,0,1,0,차량단독 - 기타,안전운전불이행,건조,맑음,교차로 - 교차로부근,승합,남,57세,상해없음,,,,
2021093000100332,2021년 9월 30일 14시,목요일,광주광역시 동구 계림동,중상사고,0,1,0,0,차대차 - 기타,중앙선침범,건조,맑음,교차로 - 교차로부근,승용,여,60세,상해없음,이륜,남,21세,중상
2021093000100333,2021년 9월 30일 14시,목요일,광주광역시 남구 월산동,경상사고,0,0,1,0,차대차 - 기타,안전운전불이행,건조,맑음,교차로 - 교차로안,승용,여,65세,상해없음,화물,남,57세,상해없음
2021093000100371,2021년 9월 30일 15시,목요일,광주광역시 광산구 흑석동,경상사고,0,0,1,0,차대차 - 추돌,안전운전불이행,건조,맑음,교차로 - 교차로부근,승용,여,50세,상해없음,이륜,남,30세,경상
2021093000100372,2021년 9월 30일 15시,목요일,광주광역시 광산구 우산동,중상사고,0,1,0,0,차대사람 - 보도통행중,기타,건조,맑음,단일로 - 기타,개인형이동수단(PM),여,21세,상해없음,보행자,여,79세,중상
2021093000100422,2021년 9월 30일 16시,목요일,광주광역시 북구 중흥동,경상사고,0,0,4,0,차대차 - 측면충돌,차로위반,건조,맑음,단일로 - 기타,승용,남,60세,경상,승용,남,34세,경상
2021093000100484,2021년 9월 30일 17시,목요일,광주광역시 서구 광천동,경상사고,0,0,3,0,차대차 - 측면충돌,안전거리미확보,건조,맑음,단일로 - 기타,승용,남,59세,상해없음,승용,여,42세,경상
2021093000100485,2021년 9월 30일 17시,목요일,광주광역시 광산구 신창동,경상사고,0,0,1,0,차대차 - 측면충돌,안전운전불이행,건조,맑음,교차로 - 교차로부근,승용,남,35세,상해없음,승용,여,40세,상해없음
2021100100100008,2021년 10월 1일 00시,금요일,광주광역시 북구 우산동,중상사고,0,1,1,1,차대차 - 측면충돌,신호위반,건조,맑음,교차로 - 교차로안,이륜,남,17세,경상,이륜,남,38세,중상
2021100100100011,2021년 10월 1일 01시,금요일,광주광역시 서구 풍암동,경상사고,0,0,1,0,차량단독 - 기타,안전운전불이행,건조,맑음,교차로 - 교차로안,개인형이동수단(PM),남,72세,경상,,,,
2021100100100012,2021년 10월 1일 01시,금요일,광주광역시 남구 월산동,경상사고,0,0,2,0,차대차 - 기타,신호위반,건조,맑음,교차로 - 교차로안,이륜,남,23세,상해없음,승용,남,25세,경상
2021100100100033,2021년 10월 1일 05시,금요일,광주광역시 광산구 흑석동,중상사고,0,1,1,0,차대차 - 측면충돌,신호위반,건조,맑음,교차로 - 교차로안,승용,여,44세,경상,승용,여,47세,중상
2021100100100046,2021년 10월 1일 06시,금요일,광주광역시 북구 동림동,경상사고,0,0,1,0,차대차 - 측면충돌,교차로운행방법위반,건조,맑음,교차로 - 교차로안,승용,남,43세,상해없음,승용,여,61세,경상
2021100100100102,2021년 10월 1일 08시,금요일,광주광역시 광산구 송정동,경상사고,0,0,3,0,차대차 - 기타,안전운전불이행,건조,맑음,교차로 - 교차로안,승용,남,21세,기타불명,화물,여,65세,경상
2021100100100137,2021년 10월 1일 09시,금요일,광주광역시 서구 농성동,경상사고,0,0,1,0,차대차 - 기타,안전운전불이행,건조,맑음,교차로 - 교차로부근,승용,남,77세,상해없음,승용,남,49세,경상
2021100100100168,2021년 10월 1일 10시,금요일,광주광역시 동구 동명동,경상사고,0,0,2,0,차대차 - 측면충돌,안전거리미확보,건조,맑음,단일로 - 기타,화물,남,59세,상해없음,승용,남,30세,경상
2021100100100169,2021년 10월 1일 10시,금요일,광주광역시 광산구 신창동,경상사고,0,0,1,0,차대차 - 측면충돌,안전거리미확보,건조,맑음,교차로 - 교차로안,승용,남,30세,상해없음,승용,여,48세,경상
2021100100100251,2021년 10월 1일 12시,금요일,광주광역시 동구 호남동,경상사고,0,0,1,0,차대사람 - 기타,안전운전불이행,건조,맑음,단일로 - 기타,승용,남,68세,기타불명,보행자,남,46세,경상
2021100100100325,2021년 10월 1일 14시,금요일,광주광역시 동구 서석동,경상사고,0,0,2,0,차대차 - 기타,안전거리미확보,건조,맑음,단일로 - 기타,승용,여,58세,경상,승용,남,75세,경상
2021100100100326,2021년 10월 1일 14시,금요일,광주광역시 광산구 비아동,경상사고,0,0,2,0,차대차 - 기타,불법유턴,건조,맑음,단일로 - 기타,화물,남,54세,상해없음,승용,여,44세,경상
2021100100100373,2021년 10월 1일 15시,금요일,광주광역시 서구 치평동,경상사고,0,0,3,0,차대차 - 추돌,안전거리미확보,건조,맑음,단일로 - 기타,승용,남,26세,경상,승용,여,43세,경상
2021100100100532,2021년 10월 1일 18시,금요일,광주광역시 북구 풍향동,경상사고,0,0,4,0,차대차 - 측면충돌,차로위반,건조,맑음,단일로 - 기타,승용,남,50세,경상,이륜,남,36세,경상
2021100100100579,2021년 10월 1일 19시,금요일,광주광역시 서구 치평동,경상사고,0,0,1,0,차대차 - 측면충돌,안전거리미확보,건조,맑음,단일로 - 기타,승용,여,45세,상해없음,화물,남,71세,상해없음
2021100100100580,2021년 10월 1일 19시,금요일,광주광역시 북구 신용동,경상사고,0,0,1,0,차대차 - 기타,신호위반,건조,맑음,교차로 - 교차로안,승용,남,30세,상해없음,이륜,남,44세,경상
2021100100100581,2021년 10월 1일 19시,금요일,광주광역시 북구 각화동,경상사고,0,0,1,0,차대사람 - 횡단중,안전운전불이행,건조,맑음,교차로 - 교차로부근,승용,여,62세,상해없음,보행자,여,30세,경상
2021100100100630,2021년 10월 1일 21시,금요일,광주광역시 북구 임동,경상사고,0,0,1,0,차대차 - 측면충돌,기타,건조,맑음,단일로 - 기타,승용,남,40세,상해없음,자전거,여,40세,경상
2021100100100681,2021년 10월 1일 22시,금요일,광주광역시 광산구 수완동,경상사고,0,0,1,0,차대사람 - 기타,안전운전불이행,건조,맑음,교차로 - 교차로부근,승용,남,18세,상해없음,보행자,여,25세,경상
2021100100100682,2021년 10월 1일 22시,금요일,광주광역시 광산구 쌍암동,경상사고,0,0,1,0,차대차 - 기타,안전운전불이행,건조,맑음,교차로 - 교차로안,승합,남,39세,상해없음,승용,여,55세,경상
2021100200100057,2021년 10월 2일 07시,토요일,광주광역시 서구 쌍촌동,경상사고,0,0,1,0,차대차 - 기타,안전운전불이행,건조,맑음,교차로 - 교차로안,승용,남,69세,상해없음,승용,남,48세,경상
2021100200100058,2021년 10월 2일 07시,토요일,광주광역시 북구 동림동,경상사고,0,0,2,0,차대차 - 측면충돌,안전운전불이행,건조,맑음,교차로 - 교차로부근,승용,남,60세,기타불명,승용,남,32세,경상
2021100200100126,2021년 10월 2일 10시,토요일,광주광역시 북구 문흥동,경상사고,0,0,1,0,차대차 - 추돌,안전운전불이행,건조,맑음,단일로 - 기타,승용,여,36세,상해없음,승용,남,34세,경상
2021100200100144,2021년 10월 2일 10시,토요일,광주광역시 남구 봉선동,경상사고,0,0,1,0,차대차 - 측면충돌,안전거리미확보,건조,맑음,단일로 - 기타,승용,남,64세,상해없음,승용,남,35세,경상
2021100200100190,2021년 10월 2일 11시,토요일,광주광역시 동구 서석동,경상사고,0,0,1,0,차대차 - 기타,안전거리미확보,건조,맑음,교차로 - 교차로안,이륜,남,23세,상해없음,승용,남,28세,경상
2021100200100306,2021년 10월 2일 14시,토요일,광주광역시 북구 용봉동,경상사고,0,0,2,0,차대차 - 추돌,안전거리미확보,건조,맑음,교차로 - 교차로부근,승용,남,56세,상해없음,승용,남,43세,경상
2021100200100397,2021년 10월 2일 16시,토요일,광주광역시 서구 광천동,경상사고,0,0,2,0,차대차 - 기타,안전거리미확보,건조,맑음,단일로 - 기타,승용,남,74세,상해없음,승용,남,58세,경상
2021100200100440,2021년 10월 2일 17시,토요일,광주광역시 서구 쌍촌동,경상사고,0,0,1,0,차대차 - 기타,안전운전불이행,건조,맑음,기타 - 기타,승용,여,67세,상해없음,승용,여,49세,경상
2021100200100487,2021년 10월 2일 18시,토요일,광주광역시 서구 쌍촌동,경상사고,0,0,1,0,차대사람 - 차도통행중,안전운전불이행,건조,맑음,교차로 - 교차로안,승용,남,28세,상해없음,보행자,남,25세,경상
2021100200100488,2021년 10월 2일 18시,토요일,광주광역시 서구 매월동,경상사고,0,0,2,0,차대차 - 추돌,안전거리미확보,건조,맑음,단일로 - 기타,승용,여,72세,상해없음,승용,여,25세,경상
2021100200100534,2021년 10월 2일 19시,토요일,광주광역시 북구 양산동,중상사고,0,1,0,0,차대차 - 측면충돌,안전운전불이행,건조,맑음,교차로 - 교차로부근,승용,남,40세,상해없음,이륜,남,40세,중상
2021100200100607,2021년 10월 2일 22시,토요일,광주광역시 북구 연제동,경상사고,0,0,1,0,차대차 - 추돌,안전운전불이행,건조,맑음,교차로 - 교차로부근,승용,여,27세,상해없음,승용,남,39세,경상
2021100300100011,2021년 10월 3일 00시,일요일,광주광역시 광산구 신창동,경상사고,0,0,4,0,차대차 - 기타,신호위반,건조,맑음,교차로 - 교차로안,승용,남,37세,경상,승용,여,54세,경상
2021100300100097,2021년 10월 3일 10시,일요일,광주광역시 남구 진월동,경상사고,0,0,1,0,차대사람 - 차도통행중,안전운전불이행,건조,맑음,교차로 - 교차로안,기타불명,기타불명,미분류,기타불명,보행자,여,23세,경상
2021100300100170,2021년 10월 3일 12시,일요일,광주광역시 서구 화정동,경상사고,0,0,4,0,차대차 - 측면충돌,안전운전불이행,건조,맑음,단일로 - 기타,승용,여,63세,경상,승용,남,38세,경상
2021100300100171,2021년 10월 3일 12시,일요일,광주광역시 북구 신안동,경상사고,0,0,3,0,차대차 - 측면충돌,안전운전불이행,건조,맑음,교차로 - 교차로부근,승용,남,69세,상해없음,승용,남,55세,경상
2021100300100202,2021년 10월 3일 13시,일요일,광주광역시 동구 호남동,경상사고,0,0,1,0,차량단독 - 공작물충돌,안전운전불이행,건조,맑음,단일로 - 기타,승용,남,43세,경상,,,,
2021100300100203,2021년 10월 3일 13시,일요일,광주광역시 서구 화정동,경상사고,0,0,1,1,차대차 - 측면충돌,직진우회전진행방해,건조,맑음,교차로 - 교차로안,승용,여,53세,경상,승용,남,64세,부상신고
2021100300100204,2021년 10월 3일 13시,일요일,광주광역시 북구 두암동,경상사고,0,0,1,0,차대차 - 정면충돌,중앙선침범,건조,맑음,단일로 - 기타,승용,남,65세,상해없음,이륜,남,17세,경상
2021100300100242,2021년 10월 3일 14시,일요일,광주광역시 서구 치평동,경상사고,0,0,2,0,차대차 - 측면충돌,안전운전불이행,건조,맑음,교차로 - 교차로부근,승용,남,63세,상해없음,승용,남,25세,경상
2021100300100382,2021년 10월 3일 18시,일요일,광주광역시 남구 행암동,중상사고,0,2,2,0,차대차 - 측면충돌,안전운전불이행,건조,맑음,단일로 - 기타,승용,여,37세,상해없음,승용,여,31세,중상
2021100300100428,2021년 10월 3일 19시,일요일,광주광역시 서구 금호동,경상사고,0,0,1,0,차대차 - 측면충돌,안전운전불이행,건조,흐림,단일로 - 기타,승용,남,72세,상해없음,승용,남,62세,경상
2021100300100454,2021년 10월 3일 20시,일요일,광주광역시 서구 쌍촌동,경상사고,0,0,1,0,차대차 - 측면충돌,안전운전불이행,건조,맑음,교차로 - 교차로안,승용,여,40세,상해없음,이륜,남,33세,경상
2021100300100517,2021년 10월 3일 23시,일요일,광주광역시 북구 오치동,부상신고사고,0,0,0,1,차대차 - 측면충돌,안전운전불이행,건조,맑음,교차로 - 교차로횡단보도내,개인형이동수단(PM),남,14세,부상신고,승용,남,59세,상해없음
2021100400100023,2021년 10월 4일 04시,월요일,광주광역시 광산구 신창동,경상사고,0,0,3,0,차대차 - 추돌,안전운전불이행,건조,맑음,단일로 - 기타,승용,남,25세,상해없음,이륜,남,22세,상해없음
2021100400100128,2021년 10월 4일 11시,월요일,광주광역시 동구 선교동,경상사고,0,0,1,0,차대차 - 기타,안전거리미확보,건조,맑음,단일로 - 기타,특수,남,57세,상해없음,승용,여,52세,경상
2021100400100129,2021년 10월 4일 11시,월요일,광주광역시 북구 용봉동,경상사고,0,0,1,0,차대차 - 측면충돌,안전운전불이행,건조,맑음,교차로 - 교차로부근,승용,여,59세,기타불명,승용,남,66세,경상
2021100400100157,2021년 10월 4일 12시,월요일,광주광역시 서구 치평동,경상사고,0,0,3,0,차대차 - 측면충돌,안전운전불이행,건조,맑음,교차로 - 교차로안,승용,여,34세,상해없음,승용,여,47세,경상
2021100400100224,2021년 10월 4일 14시,월요일,광주광역시 광산구 월곡동,경상사고,0,0,1,0,차대차 - 기타,기타,건조,맑음,교차로 - 교차로부근,승용,남,28세,상해없음,이륜,남,31세,경상
2021100400100327,2021년 10월 4일 17시,월요일,광주광역시 동구 계림동,경상사고,0,0,1,0,차대차 - 기타,안전거리미확보,건조,맑음,단일로 - 기타,승용,여,63세,상해없음,승용,남,39세,경상
2021100400100328,2021년 10월 4일 17시,월요일,광주광역시 서구 유촌동,경상사고,0,0,2,0,차대차 - 추돌,안전운전불이행,건조,맑음,교차로 - 교차로안,승용,남,49세,상해없음,승용,여,60세,경상
2021100400100408,2021년 10월 4일 19시,월요일,광주광역시 광산구 송정동,중상사고,0,1,0,0,차대차 - 측면충돌,중앙선침범,건조,맑음,교차로 - 교차로부근,승용,남,42세,상해없음,이륜,남,26세,중상
2021100400100465,2021년 10월 4일 21시,월요일,광주광역시 북구 각화동,경상사고,0,0,4,0,차대차 - 추돌,안전운전불이행,건조,맑음,단일로 - 기타,승용,남,66세,상해없음,승용,남,55세,경상
2021100500100054,2021년 10월 5일 07시,화요일,광주광역시 남구 진월동,경상사고,0,0,3,0,차대차 - 추돌,안전운전불이행,건조,맑음,단일로 - 기타,승용,남,41세,상해없음,승용,남,36세,경상
2021100500100055,2021년 10월 5일 07시,화요일,광주광역시 광산구 장덕동,중상사고,0,1,0,0,차대차 - 측면충돌,안전운전불이행,건조,맑음,교차로 - 교차로안,승용,남,27세,상해없음,승용,여,50세,중상
2021100500100056,2021년 10월 5일 07시,화요일,광주광역시 광산구 신촌동,경상사고,0,0,3,0,차대차 - 추돌,안전운전불이행,건조,맑음,단일로 - 기타,승용,남,24세,상해없음,승용,여,42세,경상
2021100500100098,2021년 10월 5일 08시,화요일,광주광역시 남구 월산동,경상사고,0,0,1,0,차대차 - 측면충돌,안전운전불이행,건조,맑음,단일로 - 기타,승용,남,28세,상해없음,승용,여,30세,경상