사고번호,사고일시,요일,시군구,사고내용,사망자수,중상자수,경상자수,부상신고자수,사고유형,법규위반,노면상태,기상상태,도로형태,가해운전자 차종,가해운전자 성별,가해운전자 연령,가해운전자 상해정도,피해운전자 차종,피해운전자 성별,피해운전자 연령,피해운전자 상해정도
2021100500100172,2021년 10월 5일 10시,화요일,광주광역시 동구 학동,경상사고,0,0,1,0,차대차 - 측면충돌,안전거리미확보,건조,맑음,단일로 - 기타,승용,남,78세,상해없음,승용,여,46세,경상
2021100500100173,2021년 10월 5일 10시,화요일,광주광역시 남구 진월동,경상사고,0,0,2,0,차대차 - 추돌,안전운전불이행,건조,맑음,교차로 - 교차로안,승용,남,49세,상해없음,승용,남,50세,경상
2021100500100205,2021년 10월 5일 11시,화요일,광주광역시 서구 풍암동,경상사고,0,0,1,0,차대차 - 측면충돌,안전거리미확보,건조,맑음,교차로 - 교차로안,승용,남,71세,상해없음,승용,여,43세,경상
2021100500100242,2021년 10월 5일 12시,화요일,광주광역시 서구 광천동,경상사고,0,0,1,0,차대차 - 측면충돌,차로위반,건조,맑음,단일로 - 기타,승용,남,75세,상해없음,승용,남,43세,경상
2021100500100243,2021년 10월 5일 12시,화요일,광주광역시 광산구 장덕동,경상사고,0,0,2,0,차대차 - 측면충돌,안전거리미확보,건조,맑음,교차로 - 교차로부근,승용,남,65세,경상,승용,여,31세,경상
2021100500100334,2021년 10월 5일 14시,화요일,광주광역시 서구 쌍촌동,경상사고,0,0,1,0,차대차 - 측면충돌,안전운전불이행,건조,맑음,단일로 - 기타,승용,여,45세,상해없음,승용,남,34세,경상
2021100500100370,2021년 10월 5일 15시,화요일,광주광역시 서구 양동,경상사고,0,0,1,0,차대차 - 후진중충돌,안전운전불이행,건조,맑음,단일로 - 기타,승용,남,81세,상해없음,승용,남,48세,경상
2021100500100410,2021년 10월 5일 16시,화요일,광주광역시 서구 화정동,경상사고,0,0,1,0,차대차 - 기타,안전운전불이행,건조,맑음,교차로 - 교차로안,승합,남,58세,상해없음,승용,여,52세,경상
2021100500100411,2021년 10월 5일 16시,화요일,광주광역시 북구 동림동,경상사고,0,0,2,0,차대차 - 기타,신호위반,건조,맑음,교차로 - 교차로안,승용,여,62세,상해없음,승용,여,37세,경상
2021100500100460,2021년 10월 5일 17시,화요일,광주광역시 북구 신안동,경상사고,0,0,1,0,차대차 - 추돌,안전운전불이행,건조,맑음,교차로 - 교차로안,승용,남,30세,상해없음,승용,여,55세,경상
2021100500100516,2021년 10월 5일 18시,화요일,광주광역시 서구 치평동,경상사고,0,0,1,0,차대차 - 측면충돌,안전운전불이행,건조,맑음,교차로 - 교차로안,승용,여,43세,상해없음,승용,남,31세,경상
2021100500100517,2021년 10월 5일 18시,화요일,광주광역시 광산구 신창동,경상사고,0,0,1,0,차대차 - 기타,안전운전불이행,건조,맑음,교차로 - 교차로안,이륜,남,18세,경상,승용,여,41세,기타불명
2021100500100562,2021년 10월 5일 19시,화요일,광주광역시 남구 백운동,경상사고,0,0,1,0,차대차 - 측면충돌,안전운전불이행,건조,맑음,기타 - 기타,화물,남,66세,상해없음,승용,남,50세,경상
2021100500100563,2021년 10월 5일 19시,화요일,광주광역시 북구 용두동,경상사고,0,0,1,0,차대차 - 후진중충돌,안전운전불이행,건조,맑음,기타 - 기타,승합,남,60세,상해없음,승용,남,42세,경상
2021100500100645,2021년 10월 5일 22시,화요일,광주광역시 서구 동천동,중상사고,0,1,0,0,차대차 - 측면충돌,안전운전불이행,건조,맑음,교차로 - 교차로안,승용,남,37세,상해없음,이륜,남,23세,중상
2021100500100646,2021년 10월 5일 22시,화요일,광주광역시 서구 풍암동,경상사고,0,0,1,0,차대차 - 추돌,안전운전불이행,건조,맑음,교차로 - 교차로부근,승용,남,62세,상해없음,승용,여,44세,경상
2021100500100647,2021년 10월 5일 22시,화요일,광주광역시 광산구 하남동,경상사고,0,0,1,0,차대차 - 측면충돌,직진우회전진행방해,건조,맑음,교차로 - 교차로안,이륜,남,31세,경상,개인형이동수단(PM),남,22세,상해없음
2021100600100072,2021년 10월 6일 07시,수요일,광주광역시 서구 치평동,경상사고,0,0,1,0,차대차 - 기타,안전운전불이행,건조,맑음,단일로 - 기타,화물,남,41세,상해없음,승용,여,64세,경상
2021100600100073,2021년 10월 6일 07시,수요일,광주광역시 광산구 연산동,경상사고,0,0,1,0,차대차 - 기타,차로위반,건조,맑음,단일로 - 기타,승용,남,46세,상해없음,승용,여,37세,경상
2021100600100110,2021년 10월 6일 08시,수요일,광주광역시 동구 산수동,경상사고,0,0,1,0,차대차 - 기타,신호위반,건조,맑음,교차로 - 교차로안,승용,여,48세,상해없음,승용,여,32세,경상
2021100600100111,2021년 10월 6일 08시,수요일,광주광역시 서구 농성동,경상사고,0,0,1,0,차대차 - 추돌,안전운전불이행,건조,맑음,단일로 - 기타,화물,남,57세,상해없음,승용,여,54세,경상
2021100600100112,2021년 10월 6일 08시,수요일,광주광역시 북구 중흥동,경상사고,0,0,1,0,차대차 - 측면충돌,안전운전불이행,건조,맑음,교차로 - 교차로안,승용,여,39세,상해없음,자전거,여,72세,경상
2021100600100169,2021년 10월 6일 10시,수요일,광주광역시 북구 각화동,경상사고,0,0,1,0,차대차 - 측면충돌,안전운전불이행,건조,맑음,교차로 - 교차로안,승용,여,59세,상해없음,승용,남,26세,경상
2021100600100271,2021년 10월 6일 13시,수요일,광주광역시 북구 유동,중상사고,0,1,1,0,차대차 - 기타,안전거리미확보,건조,맑음,단일로 - 기타,승용,여,38세,상해없음,승용,남,57세,경상
2021100600100340,2021년 10월 6일 15시,수요일,광주광역시 서구 쌍촌동,경상사고,0,0,2,0,차대차 - 기타,직진우회전진행방해,건조,맑음,교차로 - 교차로안,승용,남,39세,경상,승용,여,48세,경상
2021100600100341,2021년 10월 6일 15시,수요일,광주광역시 서구 벽진동,경상사고,0,0,2,0,차대차 - 측면충돌,안전운전불이행,건조,맑음,단일로 - 기타,승용,남,59세,상해없음,승용,남,69세,경상
2021100600100342,2021년 10월 6일 15시,수요일,광주광역시 서구 금호동,경상사고,0,0,1,0,차대차 - 측면충돌,안전운전불이행,건조,맑음,교차로 - 교차로안,승용,남,54세,상해없음,승용,여,26세,경상
2021100600100344,2021년 10월 6일 15시,수요일,광주광역시 북구 두암동,부상신고사고,0,0,0,1,차대차 - 기타,안전운전불이행,건조,맑음,단일로 - 기타,승용,남,78세,기타불명,승용,여,32세,기타불명
2021100600100388,2021년 10월 6일 16시,수요일,광주광역시 동구 금남로1가,중상사고,0,1,0,0,차대차 - 측면충돌,안전운전불이행,건조,맑음,교차로 - 교차로부근,승용,여,33세,상해없음,자전거,남,75세,중상
2021100600100389,2021년 10월 6일 16시,수요일,광주광역시 서구 화정동,경상사고,0,0,1,0,차대차 - 정면충돌,안전운전불이행,건조,맑음,단일로 - 기타,승용,남,47세,상해없음,이륜,남,40세,경상
2021100600100390,2021년 10월 6일 16시,수요일,광주광역시 서구 치평동,경상사고,0,0,1,0,차대차 - 기타,안전거리미확보,건조,맑음,단일로 - 기타,승용,남,22세,상해없음,승용,남,54세,경상
2021100600100391,2021년 10월 6일 16시,수요일,광주광역시 북구 일곡동,중상사고,0,1,0,0,차대차 - 기타,중앙선침범,건조,맑음,단일로 - 기타,승합,남,58세,상해없음,자전거,남,48세,중상
2021100600100426,2021년 10월 6일 17시,수요일,광주광역시 북구 두암동,중상사고,0,1,0,0,차대사람 - 길가장자리구역통행중,안전운전불이행,건조,맑음,교차로 - 교차로부근,승용,남,69세,상해없음,보행자,여,55세,중상
2021100600100473,2021년 10월 6일 18시,수요일,광주광역시 남구 송하동,경상사고,0,0,5,0,차대차 - 기타,안전거리미확보,건조,맑음,교차로 - 교차로부근,승용,남,57세,상해없음,승용,남,25세,경상
2021100600100474,2021년 10월 6일 18시,수요일,광주광역시 북구 용봉동,경상사고,0,0,5,0,차대차 - 기타,안전운전불이행,건조,맑음,단일로 - 기타,승용,남,20세,기타불명,승용,남,41세,경상
2021100600100519,2021년 10월 6일 19시,수요일,광주광역시 서구 유촌동,경상사고,0,0,2,0,차대차 - 기타,신호위반,건조,맑음,교차로 - 교차로안,기타불명,기타불명,미분류,기타불명,승용,남,61세,경상
2021100600100520,2021년 10월 6일 19시,수요일,광주광역시 서구 유촌동,경상사고,0,0,1,0,차대차 - 측면충돌,차로위반,건조,맑음,단일로 - 기타,승용,남,39세,상해없음,승합,남,54세,경상
2021100600100521,2021년 10월 6일 19시,수요일,광주광역시 남구 봉선동,경상사고,0,0,1,0,차대사람 - 길가장자리구역통행중,안전운전불이행,건조,맑음,단일로 - 기타,승용,여,56세,상해없음,보행자,남,14세,경상
2021100600100522,2021년 10월 6일 19시,수요일,광주광역시 남구 임암동,경상사고,0,0,1,0,차대차 - 기타,안전운전불이행,건조,맑음,단일로 - 기타,승용,남,61세,상해없음,개인형이동수단(PM),남,16세,경상
2021100600100546,2021년 10월 6일 20시,수요일,광주광역시 북구 운암동,경상사고,0,0,2,0,차대차 - 기타,안전운전불이행,건조,맑음,단일로 - 기타,승용,남,64세,상해없음,승용,남,75세,상해없음
2021100600100565,2021년 10월 6일 21시,수요일,광주광역시 서구 화정동,경상사고,0,0,1,0,차대차 - 정면충돌,안전운전불이행,건조,맑음,교차로 - 교차로안,승용,남,20세,상해없음,승용,남,29세,경상
2021100600100566,2021년 10월 6일 21시,수요일,광주광역시 광산구 월계동,경상사고,0,0,1,0,차대사람 - 기타,안전운전불이행,건조,맑음,기타 - 기타,기타불명,기타불명,미분류,기타불명,보행자,남,42세,경상
2021100600100591,2021년 10월 6일 22시,수요일,광주광역시 동구 불로동,경상사고,0,0,2,0,차대차 - 기타,신호위반,건조,맑음,교차로 - 교차로안,이륜,남,44세,상해없음,승용,남,65세,경상
2021100700100004,2021년 10월 7일 00시,목요일,광주광역시 광산구 월계동,경상사고,0,0,2,0,차대차 - 추돌,안전운전불이행,건조,맑음,교차로 - 교차로부근,승용,남,27세,상해없음,승용,남,69세,경상
2021100700100015,2021년 10월 7일 03시,목요일,광주광역시 북구 임동,중상사고,0,1,0,0,차대차 - 기타,신호위반,건조,맑음,교차로 - 교차로안,승용,여,52세,상해없음,이륜,남,28세,중상
2021100700100041,2021년 10월 7일 06시,목요일,광주광역시 남구 임암동,경상사고,0,0,1,0,차대차 - 기타,신호위반,건조,맑음,교차로 - 교차로안,승용,남,51세,상해없음,화물,남,61세,경상
2021100700100068,2021년 10월 7일 07시,목요일,광주광역시 광산구 운남동,경상사고,0,0,1,0,차대차 - 기타,안전운전불이행,건조,맑음,교차로 - 교차로안,승용,남,55세,상해없음,승용,남,52세,상해없음
2021100700100112,2021년 10월 7일 08시,목요일,광주광역시 북구 매곡동,경상사고,0,0,2,0,차대차 - 추돌,안전운전불이행,건조,맑음,단일로 - 기타,승용,여,32세,상해없음,승용,여,22세,경상
2021100700100132,2021년 10월 7일 09시,목요일,광주광역시 동구 소태동,경상사고,0,0,4,0,차대차 - 측면충돌,안전거리미확보,건조,맑음,교차로 - 교차로안,승용,여,51세,상해없음,건설기계,남,57세,경상
2021100700100166,2021년 10월 7일 10시,목요일,광주광역시 서구 치평동,경상사고,0,0,1,0,차대차 - 측면충돌,안전운전불이행,건조,맑음,단일로 - 기타,승용,남,30세,상해없음,승용,남,37세,경상
2021100700100167,2021년 10월 7일 10시,목요일,광주광역시 서구 농성동,경상사고,0,0,2,0,차대차 - 추돌,안전거리미확보,건조,맑음,교차로 - 교차로안,승용,여,61세,상해없음,승용,여,62세,경상
2021100700100208,2021년 10월 7일 11시,목요일,광주광역시 서구 용두동,경상사고,0,0,1,0,차대차 - 기타,중앙선침범,건조,맑음,단일로 - 기타,승용,남,25세,상해없음,승용,남,39세,경상
2021100700100209,2021년 10월 7일 11시,목요일,광주광역시 북구 신용동,중상사고,0,1,2,0,차대차 - 추돌,안전운전불이행,건조,흐림,단일로 - 기타,특수,남,53세,상해없음,승용,남,60세,경상
2021100700100238,2021년 10월 7일 12시,목요일,광주광역시 서구 치평동,경상사고,0,0,6,0,차대차 - 기타,안전운전불이행,건조,맑음,단일로 - 기타,승용,여,47세,경상,승용,남,42세,경상
2021100700100239,2021년 10월 7일 12시,목요일,광주광역시 북구 운암동,경상사고,0,0,2,0,차대차 - 측면충돌,교차로운행방법위반,건조,흐림,교차로 - 교차로안,승용,여,56세,상해없음,승용,여,62세,경상
2021100700100308,2021년 10월 7일 14시,목요일,광주광역시 서구 유촌동,경상사고,0,0,1,0,차대차 - 기타,안전운전불이행,건조,맑음,교차로 - 교차로안,화물,남,63세,상해없음,승용,여,56세,경상
2021100700100309,2021년 10월 7일 14시,목요일,광주광역시 북구 신안동,경상사고,0,0,2,0,차대차 - 추돌,안전거리미확보,건조,맑음,단일로 - 기타,승용,남,53세,상해없음,화물,남,39세,경상
2021100700100344,2021년 10월 7일 15시,목요일,광주광역시 서구 유촌동,중상사고,0,1,0,0,차대사람 - 횡단중,안전운전불이행,건조,맑음,단일로 - 기타,화물,남,44세,상해없음,보행자,여,59세,중상
2021100700100368,2021년 10월 7일 16시,목요일,광주광역시 광산구 서봉동,중상사고,0,1,1,0,차대차 - 추돌,안전거리미확보,건조,맑음,단일로 - 터널,승용,남,52세,상해없음,승용,남,23세,중상
2021100700100375,2021년 10월 7일 16시,목요일,광주광역시 서구 쌍촌동,경상사고,0,0,1,0,차대차 - 측면충돌,안전거리미확보,건조,맑음,단일로 - 기타,승용,여,34세,상해없음,승용,여,24세,경상
2021100700100408,2021년 10월 7일 17시,목요일,광주광역시 북구 양산동,경상사고,0,0,2,0,차대차 - 측면충돌,안전거리미확보,건조,맑음,단일로 - 기타,승용,여,49세,상해없음,승용,남,24세,경상
2021100700100409,2021년 10월 7일 17시,목요일,광주광역시 광산구 안청동,중상사고,0,1,0,0,차대차 - 측면충돌,안전운전불이행,건조,맑음,단일로 - 기타,화물,남,51세,상해없음,자전거,남,94세,중상
2021100700100516,2021년 10월 7일 19시,목요일,광주광역시 서구 풍암동,중상사고,0,1,1,0,차대차 - 측면충돌,직진우회전진행방해,건조,맑음,교차로 - 교차로안,이륜,남,49세,중상,승용,남,66세,경상
2021100700100517,2021년 10월 7일 19시,목요일,광주광역시 남구 진월동,중상사고,0,1,0,0,차대차 - 측면충돌,안전운전불이행,건조,맑음,교차로 - 교차로안,승용,남,64세,상해없음,이륜,남,38세,중상
2021100700100518,2021년 10월 7일 19시,목요일,광주광역시 광산구 우산동,경상사고,0,0,1,0,차대차 - 측면충돌,안전거리미확보,건조,맑음,단일로 - 기타,승용,여,58세,상해없음,승용,남,27세,상해없음
2021100700100562,2021년 10월 7일 21시,목요일,광주광역시 광산구 신촌동,중상사고,0,1,1,0,차대차 - 측면충돌,신호위반,건조,맑음,교차로 - 교차로안,승용,남,55세,상해없음,승용,남,41세,중상
2021100700100606,2021년 10월 7일 23시,목요일,광주광역시 서구 치평동,경상사고,0,0,1,0,차대차 - 기타,안전운전불이행,건조,맑음,교차로 - 교차로안,승용,남,73세,상해없음,승용,여,52세,경상
2021100800100007,2021년 10월 8일 00시,금요일,광주광역시 광산구 신창동,중상사고,0,1,1,0,차대차 - 기타,신호위반,건조,맑음,교차로 - 교차로안,이륜,남,22세,경상,이륜,남,38세,중상
2021100800100064,2021년 10월 8일 07시,금요일,광주광역시 서구 매월동,경상사고,0,0,1,0,차대차 - 추돌,안전운전불이행,건조,맑음,교차로 - 교차로부근,승용,여,54세,상해없음,화물,남,39세,경상
2021100800100105,2021년 10월 8일 08시,금요일,광주광역시 서구 치평동,경상사고,0,0,1,0,차대차 - 측면충돌,안전운전불이행,건조,맑음,단일로 - 기타,승용,여,45세,상해없음,승용,여,51세,경상
2021100800100106,2021년 10월 8일 08시,금요일,광주광역시 남구 봉선동,경상사고,0,0,1,1,차대차 - 추돌,안전운전불이행,건조,맑음,단일로 - 기타,이륜,남,74세,부상신고,승용,남,38세,경상
2021100800100107,2021년 10월 8일 08시,금요일,광주광역시 북구 장등동,경상사고,0,0,2,0,차대차 - 추돌,안전거리미확보,건조,맑음,교차로 - 교차로부근,승용,남,55세,경상,승용,여,54세,경상
2021100800100169,2021년 10월 8일 10시,금요일,광주광역시 북구 중흥동,경상사고,0,0,4,0,차대차 - 기타,교차로운행방법위반,건조,맑음,교차로 - 교차로안,승용,여,60세,경상,승용,남,53세,경상
2021100800100240,2021년 10월 8일 12시,금요일,광주광역시 광산구 운남동,부상신고사고,0,0,0,1,차량단독 - 기타,안전운전불이행,젖음/습기,비,교차로 - 교차로부근,이륜,남,31세,부상신고,,,,
2021100800100241,2021년 10월 8일 12시,금요일,광주광역시 광산구 월계동,중상사고,0,1,0,0,차대차 - 정면충돌,신호위반,건조,맑음,교차로 - 교차로안,이륜,남,47세,기타불명,이륜,남,28세,중상
2021100800100320,2021년 10월 8일 14시,금요일,광주광역시 서구 쌍촌동,경상사고,0,0,2,0,차대차 - 측면충돌,직진우회전진행방해,건조,맑음,교차로 - 교차로안,승용,남,30세,경상,승용,남,78세,경상
2021100800100357,2021년 10월 8일 15시,금요일,광주광역시 서구 풍암동,경상사고,0,0,1,0,차대차 - 기타,안전운전불이행,건조,맑음,교차로 - 교차로부근,자전거,남,8세,경상,승용,남,69세,상해없음
2021100800100358,2021년 10월 8일 15시,금요일,광주광역시 북구 용봉동,경상사고,0,0,1,0,차대차 - 측면충돌,안전운전불이행,건조,맑음,교차로 - 교차로부근,승용,남,56세,상해없음,승용,남,25세,경상
2021100800100395,2021년 10월 8일 16시,금요일,광주광역시 광산구 월계동,경상사고,0,0,1,0,차대차 - 측면충돌,안전거리미확보,건조,맑음,단일로 - 기타,승용,여,38세,기타불명,승용,남,38세,경상
2021100800100441,2021년 10월 8일 17시,금요일,광주광역시 남구 봉선동,경상사고,0,0,1,0,차대차 - 추돌,안전거리미확보,건조,맑음,단일로 - 기타,승용,여,36세,상해없음,승용,여,44세,경상
2021100800100442,2021년 10월 8일 17시,금요일,광주광역시 광산구 하남동,부상신고사고,0,0,0,1,차대차 - 추돌,안전운전불이행,건조,맑음,단일로 - 기타,이륜,남,21세,부상신고,승용,남,47세,상해없음
2021100800100443,2021년 10월 8일 17시,금요일,광주광역시 광산구 하남동,경상사고,0,0,2,0,차대차 - 측면충돌,안전거리미확보,건조,맑음,단일로 - 기타,승용,여,61세,경상,승용,남,34세,경상
2021100800100519,2021년 10월 8일 18시,금요일,광주광역시 서구 화정동,경상사고,0,0,1,0,차대차 - 추돌,안전운전불이행,건조,맑음,단일로 - 기타,승용,남,31세,상해없음,승용,남,35세,경상
2021100800100520,2021년 10월 8일 18시,금요일,광주광역시 서구 치평동,경상사고,0,0,1,0,차대차 - 기타,안전운전불이행,건조,맑음,단일로 - 기타,승용,남,53세,상해없음,승용,남,24세,상해없음
2021100800100587,2021년 10월 8일 19시,금요일,광주광역시 서구 광천동,경상사고,0,0,1,0,차대차 - 측면충돌,안전운전불이행,건조,맑음,교차로 - 교차로안,이륜,남,36세,상해없음,자전거,남,24세,경상
2021100800100588,2021년 10월 8일 19시,금요일,광주광역시 광산구 신가동,경상사고,0,0,1,0,차대차 - 측면충돌,안전운전불이행,건조,맑음,교차로 - 교차로부근,승용,여,34세,상해없음,승용,여,40세,경상
2021100900100018,2021년 10월 9일 02시,토요일,광주광역시 광산구 운남동,중상사고,0,1,0,0,차대차 - 추돌,교차로운행방법위반,건조,맑음,교차로 - 교차로부근,승용,남,61세,상해없음,이륜,남,56세,중상
2021100900100050,2021년 10월 9일 07시,토요일,광주광역시 광산구 도천동,중상사고,0,1,0,0,차대차 - 측면충돌,교차로운행방법위반,건조,맑음,교차로 - 교차로안,승용,여,54세,기타불명,승용,여,28세,중상
2021100900100078,2021년 10월 9일 09시,토요일,광주광역시 광산구 흑석동,경상사고,0,0,1,0,차대차 - 측면충돌,안전운전불이행,건조,맑음,단일로 - 교량,승용,남,41세,상해없음,승용,여,52세,경상
2021100900100130,2021년 10월 9일 11시,토요일,광주광역시 남구 임암동,경상사고,0,0,2,0,차대차 - 측면충돌,안전운전불이행,건조,맑음,단일로 - 기타,건설기계,남,46세,상해없음,승용,남,55세,경상
2021100900100131,2021년 10월 9일 11시,토요일,광주광역시 북구 두암동,경상사고,0,0,1,0,차대차 - 기타,직진우회전진행방해,건조,맑음,교차로 - 교차로안,승용,남,68세,상해없음,이륜,남,38세,경상
2021100900100166,2021년 10월 9일 12시,토요일,광주광역시 서구 동천동,경상사고,0,0,1,0,차대차 - 측면충돌,안전운전불이행,건조,맑음,단일로 - 기타,승용,남,46세,기타불명,승용,남,56세,경상
2021100900100201,2021년 10월 9일 13시,토요일,광주광역시 서구 금호동,경상사고,0,0,5,0,차대차 - 측면충돌,안전운전불이행,건조,맑음,교차로 - 교차로안,승용,남,40세,상해없음,승용,여,55세,경상
2021100900100202,2021년 10월 9일 13시,토요일,광주광역시 서구 유촌동,경상사고,0,0,2,0,차대차 - 기타,안전운전불이행,건조,맑음,교차로 - 교차로부근,승용,여,51세,상해없음,승용,남,49세,경상
2021100900100270,2021년 10월 9일 15시,토요일,광주광역시 동구 불로동,경상사고,0,0,1,0,차대차 - 추돌,안전운전불이행,건조,맑음,단일로 - 기타,승용,남,63세,상해없음,승용,남,26세,경상
2021100900100307,2021년 10월 9일 16시,토요일,광주광역시 북구 임동,경상사고,0,0,1,0,차대차 - 측면충돌,안전거리미확보,건조,맑음,단일로 - 기타,승용,남,78세,상해없음,승용,남,29세,경상
2021100900100402,2021년 10월 9일 18시,토요일,광주광역시 북구 양산동,경상사고,0,0,1,0,차대차 - 측면충돌,중앙선침범,건조,맑음,교차로 - 교차로부근,승용,남,33세,상해없음,승용,남,64세,경상
2021100900100403,2021년 10월 9일 18시,토요일,광주광역시 북구 신안동,경상사고,0,0,3,0,차대차 - 추돌,안전거리미확보,건조,맑음,단일로 - 기타,승용,남,62세,상해없음,승용,여,24세,경상
2021100900100404,2021년 10월 9일 18시,토요일,광주광역시 광산구 용곡동,경상사고,0,0,1,0,차량단독 - 공작물충돌,안전운전불이행,건조,맑음,단일로 - 기타,승용,남,22세,상해없음,,,,
2021100900100455,2021년 10월 9일 19시,토요일,광주광역시 동구 내남동,경상사고,0,0,4,0,차대차 - 추돌,안전운전불이행,건조,맑음,교차로 - 교차로부근,승용,남,32세,상해없음,승용,여,33세,경상
2021100900100456,2021년 10월 9일 19시,토요일,광주광역시 서구 풍암동,경상사고,0,0,3,0,차대차 - 기타,안전거리미확보,건조,맑음,단일로 - 기타,승용,남,72세,상해없음,승용,남,27세,상해없음
2021100900100491,2021년 10월 9일 20시,토요일,광주광역시 북구 연제동,경상사고,0,0,1,1,차대차 - 측면충돌,안전운전불이행,건조,맑음,교차로 - 교차로안,승용,남,51세,부상신고,승용,여,52세,경상
2021100900100492,2021년 10월 9일 20시,토요일,광주광역시 광산구 우산동,경상사고,0,0,1,0,차대차 - 측면충돌,안전거리미확보,건조,맑음,단일로 - 기타,승용,남,51세,기타불명,이륜,남,29세,경상
2021100900100513,2021년 10월 9일 21시,토요일,광주광역시 남구 백운동,경상사고,0,0,3,0,차대차 - 기타,안전거리미확보,건조,맑음,단일로 - 기타,승용,남,58세,상해없음,승용,여,27세,경상
2021100900100514,2021년 10월 9일 21시,토요일,광주광역시 광산구 선암동,경상사고,0,0,1,0,차대차 - 측면충돌,안전운전불이행,건조,맑음,교차로 - 교차로안,승용,남,48세,상해없음,승용,남,24세,경상
2021100900100515,2021년 10월 9일 21시,토요일,광주광역시 광산구 장수동,경상사고,0,0,1,1,차대차 - 정면충돌,신호위반,건조,맑음,교차로 - 교차로안,승용,남,53세,부상신고,승용,남,30세,경상
2021100900100516,2021년 10월 9일 21시,토요일,광주광역시 광산구 월계동,경상사고,0,0,1,0,차대차 - 측면충돌,신호위반,건조,맑음,교차로 - 교차로안,승용,남,30세,상해없음,승용,남,39세,경상
2021100900100555,2021년 10월 9일 22시,토요일,광주광역시 서구 내방동,경상사고,0,0,1,0,차대차 - 추돌,안전운전불이행,건조,맑음,교차로 - 교차로부근,이륜,남,37세,상해없음,이륜,남,27세,경상
2021100900100556,2021년 10월 9일 22시,토요일,광주광역시 서구 치평동,경상사고,0,0,1,0,차대사람 - 횡단중,보행자보호의무위반,건조,맑음,교차로 - 교차로횡단보도내,화물,남,45세,상해없음,보행자,여,34세,경상
2021101000100028,2021년 10월 10일 02시,일요일,광주광역시 광산구 월계동,경상사고,0,0,1,0,차대차 - 측면충돌,신호위반,건조,맑음,교차로 - 교차로안,승용,여,22세,상해없음,승용,남,51세,경상
2021101000100062,2021년 10월 10일 08시,일요일,광주광역시 광산구 내산동,중상사고,0,1,0,0,차대사람 - 기타,안전운전불이행,건조,맑음,단일로 - 기타,승용,남,74세,상해없음,보행자,여,75세,중상
2021101000100078,2021년 10월 10일 09시,일요일,광주광역시 동구 금남로3가,경상사고,0,0,1,1,차대차 - 측면충돌,신호위반,건조,맑음,교차로 - 교차로안,승용,남,46세,상해없음,승용,여,50세,경상
2021101000100128,2021년 10월 10일 11시,일요일,광주광역시 서구 치평동,경상사고,0,0,2,0,차대차 - 측면충돌,안전거리미확보,건조,맑음,단일로 - 기타,승용,남,47세,상해없음,승용,남,30세,경상
2021101000100154,2021년 10월 10일 12시,일요일,광주광역시 서구 화정동,경상사고,0,0,1,0,차대차 - 기타,교차로운행방법위반,건조,맑음,교차로 - 교차로안,승용,여,58세,상해없음,이륜,남,20세,경상
2021101000100184,2021년 10월 10일 13시,일요일,광주광역시 남구 방림동,경상사고,0,0,1,0,차대차 - 측면충돌,안전운전불이행,건조,맑음,단일로 - 기타,승용,여,60세,상해없음,이륜,남,24세,경상
2021101000100185,2021년 10월 10일 13시,일요일,광주광역시 북구 신안동,경상사고,0,0,2,0,차대차 - 추돌,안전운전불이행,건조,맑음,단일로 - 기타,승용,남,53세,상해없음,승용,남,61세,경상
2021101000100186,2021년 10월 10일 13시,일요일,광주광역시 북구 운암동,경상사고,0,0,1,0,차대차 - 기타,안전운전불이행,건조,맑음,교차로 - 교차로안,이륜,남,19세,경상,승용,남,28세,상해없음
2021101000100256,2021년 10월 10일 15시,일요일,광주광역시 서구 벽진동,중상사고,0,1,0,0,차대사람 - 차도통행중,안전운전불이행,건조,맑음,단일로 - 기타,자전거,여,58세,상해없음,보행자,여,83세,중상
2021101000100257,2021년 10월 10일 15시,일요일,광주광역시 광산구 임곡동,경상사고,0,0,1,0,차량단독 - 기타,안전운전불이행,젖음/습기,맑음,단일로 - 기타,화물,남,61세,상해없음,,,,
2021101000100258,2021년 10월 10일 15시,일요일,광주광역시 광산구 옥동,경상사고,0,0,1,0,차대차 - 기타,안전운전불이행,건조,맑음,교차로 - 교차로안,승용,기타불명,미분류,기타불명,승용,남,63세,경상
2021101000100293,2021년 10월 10일 16시,일요일,광주광역시 남구 월산동,경상사고,0,0,1,0,차대차 - 기타,안전운전불이행,젖음/습기,비,교차로 - 교차로부근,승용,남,56세,상해없음,이륜,남,64세,경상
2021101000100377,2021년 10월 10일 18시,일요일,광주광역시 동구 궁동,경상사고,0,0,1,0,차대차 - 추돌,안전운전불이행,건조,맑음,단일로 - 기타,승용,남,45세,상해없음,이륜,남,33세,경상
2021101000100378,2021년 10월 10일 18시,일요일,광주광역시 광산구 산정동,경상사고,0,0,1,0,차대차 - 측면충돌,안전운전불이행,건조,맑음,단일로 - 기타,이륜,남,43세,경상,자전거,남,14세,상해없음
2021101000100413,2021년 10월 10일 19시,일요일,광주광역시 광산구 소촌동,경상사고,0,0,1,0,차대차 - 측면충돌,교차로운행방법위반,건조,맑음,교차로 - 교차로안,승용,여,57세,상해없음,승용,남,51세,경상