사고번호,사고일시,요일,시군구,사고내용,사망자수,중상자수,경상자수,부상신고자수,사고유형,법규위반,노면상태,기상상태,도로형태,가해운전자 차종,가해운전자 성별,가해운전자 연령,가해운전자 상해정도,피해운전자 차종,피해운전자 성별,피해운전자 연령,피해운전자 상해정도
2021101000100457,2021년 10월 10일 20시,일요일,광주광역시 광산구 산정동,부상신고사고,0,0,0,1,차대차 - 기타,차로위반,건조,맑음,교차로 - 교차로부근,승용,남,28세,상해없음,이륜,여,24세,부상신고
2021101000100493,2021년 10월 10일 21시,일요일,광주광역시 동구 궁동,경상사고,0,0,1,0,차대차 - 측면충돌,안전운전불이행,건조,맑음,단일로 - 기타,승용,남,61세,기타불명,승용,남,22세,경상
2021101000100531,2021년 10월 10일 22시,일요일,광주광역시 광산구 옥동,경상사고,0,0,3,0,차대차 - 측면충돌,안전운전불이행,건조,맑음,교차로 - 교차로안,화물,남,58세,상해없음,승용,여,30세,경상
2021101000100532,2021년 10월 10일 22시,일요일,광주광역시 광산구 월계동,경상사고,0,0,2,0,차대차 - 정면충돌,신호위반,건조,맑음,교차로 - 교차로안,개인형이동수단(PM),남,29세,상해없음,승용,남,28세,경상
2021101000100553,2021년 10월 10일 23시,일요일,광주광역시 북구 오치동,경상사고,0,0,1,0,차대차 - 측면충돌,안전운전불이행,젖음/습기,비,단일로 - 기타,승용,남,31세,상해없음,이륜,남,42세,경상
2021101100100021,2021년 10월 11일 03시,월요일,광주광역시 북구 운암동,경상사고,0,0,1,0,차대차 - 기타,중앙선침범,건조,맑음,교차로 - 교차로부근,화물,남,63세,상해없음,승용,남,31세,경상
2021101100100056,2021년 10월 11일 07시,월요일,광주광역시 서구 화정동,중상사고,0,1,0,0,차대사람 - 횡단중,보행자보호의무위반,건조,맑음,교차로 - 교차로횡단보도내,승용,남,31세,상해없음,보행자,남,59세,중상
2021101100100057,2021년 10월 11일 07시,월요일,광주광역시 광산구 월계동,중상사고,0,1,0,0,차량단독 - 전도전복 - 전도,안전운전불이행,건조,맑음,단일로 - 기타,화물,남,39세,상해없음,,,,
2021101100100071,2021년 10월 11일 08시,월요일,광주광역시 남구 월산동,경상사고,0,0,1,0,차대차 - 추돌,안전운전불이행,젖음/습기,비,단일로 - 기타,이륜,남,64세,경상,승용,남,71세,상해없음
2021101100100087,2021년 10월 11일 09시,월요일,광주광역시 서구 쌍촌동,경상사고,0,0,1,0,차대차 - 기타,안전운전불이행,젖음/습기,비,단일로 - 기타,승용,남,58세,상해없음,이륜,남,20세,경상
2021101100100088,2021년 10월 11일 09시,월요일,광주광역시 광산구 우산동,경상사고,0,0,1,0,차대사람 - 기타,안전운전불이행,젖음/습기,비,단일로 - 기타,승용,남,33세,상해없음,보행자,여,81세,경상
2021101100100145,2021년 10월 11일 11시,월요일,광주광역시 광산구 산정동,경상사고,0,0,1,0,차대차 - 측면충돌,신호위반,건조,맑음,교차로 - 교차로안,승용,여,36세,상해없음,승용,남,73세,경상
2021101100100177,2021년 10월 11일 12시,월요일,광주광역시 광산구 송정동,경상사고,0,0,2,0,차대차 - 측면충돌,안전운전불이행,젖음/습기,비,기타 - 기타,화물,남,46세,상해없음,승용,남,37세,경상
2021101100100237,2021년 10월 11일 14시,월요일,광주광역시 북구 두암동,경상사고,0,0,2,0,차대차 - 측면충돌,안전운전불이행,건조,맑음,단일로 - 기타,승용,남,74세,상해없음,승용,남,77세,경상
2021101100100308,2021년 10월 11일 16시,월요일,광주광역시 서구 내방동,경상사고,0,0,1,0,차대차 - 측면충돌,안전운전불이행,젖음/습기,비,단일로 - 기타,승용,여,80세,상해없음,승용,남,55세,경상
2021101100100309,2021년 10월 11일 16시,월요일,광주광역시 광산구 소촌동,경상사고,0,0,2,0,차대차 - 측면충돌,안전운전불이행,건조,맑음,교차로 - 교차로안,이륜,남,71세,경상,승용,남,58세,경상
2021101100100398,2021년 10월 11일 18시,월요일,광주광역시 서구 풍암동,경상사고,0,0,1,0,차대차 - 추돌,안전운전불이행,젖음/습기,비,교차로 - 교차로부근,화물,남,58세,상해없음,승용,남,27세,경상
2021101100100399,2021년 10월 11일 18시,월요일,광주광역시 서구 풍암동,경상사고,0,0,1,0,차대차 - 기타,신호위반,건조,맑음,교차로 - 교차로안,이륜,남,58세,상해없음,승용,남,49세,경상
2021101100100400,2021년 10월 11일 18시,월요일,광주광역시 광산구 쌍암동,경상사고,0,0,7,0,차대차 - 기타,중앙선침범,젖음/습기,비,교차로 - 교차로부근,승용,남,51세,상해없음,승용,남,40세,경상
2021101100100401,2021년 10월 11일 18시,월요일,광주광역시 광산구 운남동,경상사고,0,0,3,0,차대차 - 기타,차로위반,건조,맑음,단일로 - 기타,승용,남,65세,상해없음,승용,남,55세,상해없음
2021101100100402,2021년 10월 11일 18시,월요일,광주광역시 광산구 흑석동,경상사고,0,0,2,0,차대차 - 기타,교차로운행방법위반,젖음/습기,비,교차로 - 교차로안,승용,남,73세,기타불명,승용,여,29세,경상
2021101100100445,2021년 10월 11일 19시,월요일,광주광역시 북구 일곡동,경상사고,0,0,1,0,차대차 - 기타,안전운전불이행,젖음/습기,비,교차로 - 교차로안,승용,남,48세,상해없음,승용,여,41세,경상
2021101100100446,2021년 10월 11일 19시,월요일,광주광역시 광산구 산월동,경상사고,0,0,2,0,차대차 - 기타,교차로운행방법위반,젖음/습기,비,교차로 - 교차로부근,승용,여,34세,경상,승용,남,48세,경상
2021101100100480,2021년 10월 11일 20시,월요일,광주광역시 북구 임동,경상사고,0,0,6,0,차대차 - 측면충돌,안전거리미확보,젖음/습기,비,교차로 - 교차로부근,승용,남,47세,경상,승용,남,24세,경상
2021101100100504,2021년 10월 11일 21시,월요일,광주광역시 동구 장동,경상사고,0,0,2,0,차대차 - 기타,안전거리미확보,젖음/습기,비,교차로 - 교차로부근,승용,남,65세,상해없음,승용,남,47세,상해없음
2021101100100505,2021년 10월 11일 21시,월요일,광주광역시 북구 삼각동,중상사고,0,1,0,0,차대사람 - 횡단중,안전운전불이행,젖음/습기,비,교차로 - 교차로안,승용,남,66세,상해없음,보행자,남,70세,중상
2021101100100535,2021년 10월 11일 22시,월요일,광주광역시 서구 치평동,경상사고,0,0,2,0,차대차 - 기타,교차로운행방법위반,건조,맑음,교차로 - 교차로안,화물,남,61세,상해없음,승용,남,47세,경상
2021101100100548,2021년 10월 11일 23시,월요일,광주광역시 북구 유동,경상사고,0,0,3,0,차대차 - 측면충돌,신호위반,건조,맑음,교차로 - 교차로안,승용,남,28세,상해없음,승용,남,22세,경상
2021101100100549,2021년 10월 11일 23시,월요일,광주광역시 북구 풍향동,경상사고,0,0,1,1,차대차 - 추돌,안전거리미확보,젖음/습기,비,단일로 - 기타,승용,남,63세,상해없음,승용,여,65세,경상
2021101200100015,2021년 10월 12일 03시,화요일,광주광역시 서구 쌍촌동,중상사고,0,1,0,0,차대사람 - 기타,중앙선침범,젖음/습기,비,단일로 - 기타,승용,남,23세,상해없음,보행자,남,57세,중상
2021101200100018,2021년 10월 12일 04시,화요일,광주광역시 남구 백운동,경상사고,0,0,2,0,차대차 - 추돌,안전운전불이행,젖음/습기,흐림,교차로 - 교차로부근,승용,남,25세,상해없음,승용,남,64세,경상
2021101200100041,2021년 10월 12일 06시,화요일,광주광역시 서구 농성동,경상사고,0,0,3,0,차대차 - 기타,안전운전불이행,젖음/습기,비,교차로 - 교차로부근,승용,남,61세,기타불명,승합,남,67세,경상
2021101200100042,2021년 10월 12일 06시,화요일,광주광역시 서구 화정동,경상사고,0,0,1,0,차대차 - 측면충돌,안전운전불이행,건조,맑음,단일로 - 기타,승합,남,58세,상해없음,승용,여,26세,경상
2021101200100043,2021년 10월 12일 06시,화요일,광주광역시 광산구 운남동,경상사고,0,0,1,0,차대차 - 측면충돌,신호위반,젖음/습기,비,교차로 - 교차로안,승용,남,75세,상해없음,승용,남,43세,경상
2021101200100065,2021년 10월 12일 07시,화요일,광주광역시 서구 농성동,경상사고,0,0,2,0,차대차 - 추돌,안전운전불이행,건조,맑음,단일로 - 기타,승용,남,13세,상해없음,승용,남,48세,경상
2021101200100108,2021년 10월 12일 08시,화요일,광주광역시 서구 동천동,경상사고,0,0,2,0,차대차 - 기타,안전운전불이행,건조,맑음,교차로 - 교차로안,승용,여,49세,상해없음,승합,남,50세,경상
2021101200100147,2021년 10월 12일 09시,화요일,광주광역시 서구 벽진동,경상사고,0,0,1,0,차대차 - 측면충돌,안전운전불이행,건조,맑음,단일로 - 기타,화물,남,57세,상해없음,승용,남,48세,경상
2021101200100148,2021년 10월 12일 09시,화요일,광주광역시 북구 오치동,경상사고,0,0,1,0,차대사람 - 길가장자리구역통행중,안전운전불이행,건조,맑음,단일로 - 기타,승용,여,72세,상해없음,보행자,여,54세,경상
2021101200100149,2021년 10월 12일 09시,화요일,광주광역시 북구 용봉동,경상사고,0,0,2,0,차대차 - 기타,직진우회전진행방해,건조,흐림,교차로 - 교차로안,화물,남,71세,경상,승용,남,37세,경상
2021101200100150,2021년 10월 12일 09시,화요일,광주광역시 광산구 덕림동,경상사고,0,0,2,0,차대차 - 측면충돌,차로위반,건조,맑음,단일로 - 기타,건설기계,남,63세,상해없음,화물,남,53세,경상
2021101200100184,2021년 10월 12일 10시,화요일,광주광역시 북구 각화동,경상사고,0,0,1,0,차대차 - 측면충돌,안전거리미확보,건조,흐림,단일로 - 기타,승용,여,48세,상해없음,화물,남,36세,경상
2021101200100211,2021년 10월 12일 11시,화요일,광주광역시 광산구 우산동,경상사고,0,0,1,0,차대사람 - 횡단중,안전운전불이행,건조,맑음,교차로 - 교차로안,화물,남,50세,상해없음,보행자,여,82세,경상
2021101200100317,2021년 10월 12일 15시,화요일,광주광역시 북구 우산동,경상사고,0,0,1,0,차대차 - 측면충돌,안전운전불이행,건조,맑음,교차로 - 교차로안,승용,여,50세,상해없음,승용,남,69세,경상
2021101200100318,2021년 10월 12일 15시,화요일,광주광역시 광산구 우산동,경상사고,0,0,1,0,차대사람 - 기타,안전운전불이행,건조,맑음,단일로 - 기타,승용,여,41세,상해없음,보행자,남,55세,경상
2021101200100358,2021년 10월 12일 16시,화요일,광주광역시 동구 호남동,경상사고,0,0,1,0,차대차 - 후진중충돌,안전운전불이행,건조,맑음,단일로 - 기타,승용,남,40세,상해없음,승용,남,27세,경상
2021101200100359,2021년 10월 12일 16시,화요일,광주광역시 서구 마륵동,경상사고,0,0,1,0,차대차 - 추돌,안전운전불이행,건조,맑음,단일로 - 기타,승용,남,24세,상해없음,승용,여,61세,경상
2021101200100395,2021년 10월 12일 17시,화요일,광주광역시 북구 각화동,경상사고,0,0,1,0,차대차 - 측면충돌,안전운전불이행,건조,맑음,교차로 - 교차로부근,기타불명,기타불명,미분류,기타불명,승용,남,33세,경상
2021101200100397,2021년 10월 12일 17시,화요일,광주광역시 광산구 월계동,경상사고,0,0,2,0,차대차 - 측면충돌,안전운전불이행,건조,맑음,단일로 - 기타,승용,남,18세,상해없음,승용,여,36세,경상
2021101200100450,2021년 10월 12일 18시,화요일,광주광역시 서구 금호동,경상사고,0,0,1,0,차대차 - 측면충돌,안전운전불이행,건조,맑음,교차로 - 교차로부근,승용,남,28세,기타불명,승용,남,42세,경상
2021101200100451,2021년 10월 12일 18시,화요일,광주광역시 광산구 흑석동,경상사고,0,0,1,0,차대차 - 기타,신호위반,건조,맑음,교차로 - 교차로안,승용,여,48세,상해없음,승용,남,19세,경상
2021101200100489,2021년 10월 12일 19시,화요일,광주광역시 남구 노대동,중상사고,0,1,0,0,차대차 - 측면충돌,안전운전불이행,건조,맑음,교차로 - 교차로부근,승용,여,62세,상해없음,이륜,남,30세,중상
2021101200100490,2021년 10월 12일 19시,화요일,광주광역시 남구 봉선동,중상사고,0,1,0,0,차대사람 - 기타,안전운전불이행,건조,맑음,교차로 - 교차로횡단보도내,승용,남,33세,상해없음,보행자,남,13세,중상
2021101200100491,2021년 10월 12일 19시,화요일,광주광역시 광산구 송정동,경상사고,0,0,2,0,차대차 - 측면충돌,신호위반,건조,맑음,교차로 - 교차로안,승용,남,62세,경상,승용,남,32세,경상
2021101200100520,2021년 10월 12일 20시,화요일,광주광역시 광산구 월계동,경상사고,0,0,2,0,차대차 - 측면충돌,안전운전불이행,건조,맑음,교차로 - 교차로부근,승용,남,13세,상해없음,승용,남,56세,경상
2021101200100581,2021년 10월 12일 22시,화요일,광주광역시 서구 쌍촌동,경상사고,0,0,1,0,차대차 - 측면충돌,직진우회전진행방해,건조,맑음,교차로 - 교차로안,승용,남,27세,상해없음,이륜,남,31세,경상
2021101200100582,2021년 10월 12일 22시,화요일,광주광역시 광산구 월계동,경상사고,0,0,3,0,차대차 - 추돌,안전운전불이행,건조,맑음,단일로 - 기타,승용,남,21세,상해없음,승용,여,45세,경상
2021101200100600,2021년 10월 12일 23시,화요일,광주광역시 서구 치평동,중상사고,0,1,0,1,차대차 - 기타,중앙선침범,건조,맑음,단일로 - 기타,승용,남,28세,부상신고,화물,남,54세,상해없음
2021101300100058,2021년 10월 13일 07시,수요일,광주광역시 광산구 송정동,경상사고,0,0,1,0,차대사람 - 길가장자리구역통행중,안전운전불이행,건조,흐림,단일로 - 기타,기타불명,기타불명,미분류,기타불명,보행자,남,88세,경상
2021101300100139,2021년 10월 13일 09시,수요일,광주광역시 광산구 신가동,경상사고,0,0,1,0,차대차 - 추돌,안전거리미확보,건조,맑음,단일로 - 기타,승용,남,55세,상해없음,승합,남,66세,경상
2021101300100171,2021년 10월 13일 10시,수요일,광주광역시 북구 양산동,경상사고,0,0,1,0,차대차 - 측면충돌,안전운전불이행,건조,맑음,단일로 - 기타,승용,남,35세,상해없음,이륜,남,41세,경상
2021101300100172,2021년 10월 13일 10시,수요일,광주광역시 북구 용두동,경상사고,0,0,1,0,차대차 - 기타,안전운전불이행,건조,맑음,주차장 - 주차장,승용,여,47세,상해없음,이륜,남,30세,경상
2021101300100226,2021년 10월 13일 12시,수요일,광주광역시 동구 지산동,경상사고,0,0,1,0,차대차 - 후진중충돌,안전운전불이행,건조,맑음,단일로 - 기타,승용,남,33세,상해없음,이륜,남,24세,경상
2021101300100227,2021년 10월 13일 12시,수요일,광주광역시 동구 동명동,경상사고,0,0,1,0,차대사람 - 길가장자리구역통행중,안전운전불이행,건조,맑음,교차로 - 교차로부근,승용,남,56세,상해없음,보행자,남,28세,경상
2021101300100228,2021년 10월 13일 12시,수요일,광주광역시 서구 농성동,경상사고,0,0,1,0,차대차 - 측면충돌,안전운전불이행,건조,맑음,단일로 - 기타,이륜,여,26세,상해없음,승용,여,42세,경상
2021101300100229,2021년 10월 13일 12시,수요일,광주광역시 광산구 송정동,경상사고,0,0,2,0,차대차 - 추돌,안전거리미확보,건조,맑음,단일로 - 기타,승용,남,41세,상해없음,승용,남,48세,경상
2021101300100263,2021년 10월 13일 13시,수요일,광주광역시 북구 용봉동,경상사고,0,0,1,0,차대차 - 측면충돌,안전운전불이행,건조,맑음,교차로 - 교차로횡단보도내,승용,남,80세,상해없음,승용,여,53세,경상
2021101300100346,2021년 10월 13일 15시,수요일,광주광역시 서구 유촌동,경상사고,0,0,3,0,차대차 - 기타,안전운전불이행,건조,맑음,단일로 - 기타,승용,남,64세,상해없음,승용,여,30세,경상
2021101300100381,2021년 10월 13일 16시,수요일,광주광역시 북구 운암동,경상사고,0,0,1,0,차대사람 - 횡단중,안전운전불이행,건조,맑음,단일로 - 기타,승용,여,49세,상해없음,보행자,여,8세,경상
2021101300100382,2021년 10월 13일 16시,수요일,광주광역시 광산구 장덕동,부상신고사고,0,0,0,1,차대차 - 추돌,안전운전불이행,건조,맑음,교차로 - 교차로부근,개인형이동수단(PM),남,17세,부상신고,승용,남,66세,상해없음
2021101300100430,2021년 10월 13일 17시,수요일,광주광역시 북구 일곡동,중상사고,0,1,0,0,차대사람 - 기타,안전운전불이행,건조,맑음,단일로 - 기타,화물,남,64세,상해없음,보행자,여,8세,중상
2021101300100486,2021년 10월 13일 18시,수요일,광주광역시 서구 풍암동,경상사고,0,0,1,0,차대차 - 기타,안전운전불이행,건조,맑음,단일로 - 기타,승용,남,63세,상해없음,자전거,여,11세,경상
2021101300100487,2021년 10월 13일 18시,수요일,광주광역시 북구 임동,경상사고,0,0,7,0,차대차 - 추돌,안전운전불이행,건조,맑음,단일로 - 교량,승용,남,51세,상해없음,승용,여,53세,경상
2021101300100488,2021년 10월 13일 18시,수요일,광주광역시 광산구 하남동,중상사고,0,1,0,0,차대차 - 측면충돌,안전거리미확보,건조,맑음,단일로 - 기타,승용,남,39세,상해없음,이륜,남,17세,중상
2021101300100489,2021년 10월 13일 18시,수요일,광주광역시 광산구 우산동,경상사고,0,0,1,0,차대차 - 후진중충돌,안전운전불이행,건조,맑음,교차로 - 교차로안,승용,남,63세,상해없음,승용,남,35세,경상
2021101300100527,2021년 10월 13일 19시,수요일,광주광역시 서구 마륵동,중상사고,0,1,0,0,차대차 - 후진중충돌,안전운전불이행,건조,맑음,교차로 - 교차로안,승용,남,51세,상해없음,승용,남,38세,중상
2021101300100528,2021년 10월 13일 19시,수요일,광주광역시 서구 광천동,경상사고,0,0,4,0,차대차 - 측면충돌,안전운전불이행,건조,맑음,교차로 - 교차로횡단보도내,승용,남,38세,경상,승용,남,25세,경상
2021101300100529,2021년 10월 13일 19시,수요일,광주광역시 광산구 신가동,경상사고,0,0,1,0,차대차 - 기타,안전거리미확보,건조,맑음,단일로 - 기타,승용,여,54세,기타불명,승용,남,38세,경상
2021101300100561,2021년 10월 13일 20시,수요일,광주광역시 서구 금호동,경상사고,0,0,2,0,차대차 - 측면충돌,교차로운행방법위반,건조,맑음,교차로 - 교차로안,승용,남,20세,상해없음,승용,남,26세,경상
2021101300100612,2021년 10월 13일 22시,수요일,광주광역시 광산구 월계동,경상사고,0,0,1,0,차대차 - 측면충돌,안전운전불이행,건조,맑음,교차로 - 교차로안,승용,남,60세,상해없음,승용,여,52세,경상
2021101300100626,2021년 10월 13일 23시,수요일,광주광역시 광산구 우산동,경상사고,0,0,1,0,차대차 - 정면충돌,신호위반,건조,맑음,교차로 - 교차로안,승용,여,57세,상해없음,승용,남,38세,경상
2021101400100019,2021년 10월 14일 01시,목요일,광주광역시 서구 농성동,경상사고,0,0,1,0,차대차 - 측면충돌,안전운전불이행,건조,맑음,단일로 - 기타,승용,남,21세,상해없음,승용,남,26세,경상
2021101400100081,2021년 10월 14일 07시,목요일,광주광역시 서구 마륵동,중상사고,0,1,0,0,차대차 - 측면충돌,안전운전불이행,건조,맑음,단일로 - 기타,건설기계,남,48세,상해없음,승용,여,25세,중상
2021101400100082,2021년 10월 14일 07시,목요일,광주광역시 북구 매곡동,경상사고,0,0,1,0,차대차 - 기타,안전거리미확보,건조,맑음,단일로 - 기타,승용,여,67세,상해없음,승합,남,62세,상해없음
2021101400100125,2021년 10월 14일 08시,목요일,광주광역시 동구 학동,경상사고,0,0,1,0,차대차 - 추돌,안전운전불이행,건조,맑음,단일로 - 기타,승용,남,60세,상해없음,승용,남,57세,경상
2021101400100126,2021년 10월 14일 08시,목요일,광주광역시 광산구 소촌동,경상사고,0,0,1,0,차대사람 - 횡단중,안전운전불이행,건조,맑음,교차로 - 교차로부근,승용,남,45세,상해없음,보행자,남,18세,경상
2021101400100170,2021년 10월 14일 09시,목요일,광주광역시 서구 쌍촌동,경상사고,0,0,1,0,차대차 - 측면충돌,교차로운행방법위반,건조,맑음,교차로 - 교차로안,승합,남,57세,상해없음,승용,남,36세,경상
2021101400100171,2021년 10월 14일 09시,목요일,광주광역시 광산구 산정동,경상사고,0,0,2,0,차대차 - 후진중충돌,안전운전불이행,건조,맑음,교차로 - 교차로안,승용,남,68세,기타불명,화물,남,64세,경상
2021101400100172,2021년 10월 14일 09시,목요일,광주광역시 광산구 삼거동,경상사고,0,0,2,0,차대차 - 추돌,안전운전불이행,건조,맑음,단일로 - 기타,승용,남,39세,기타불명,승용,여,66세,경상
2021101400100201,2021년 10월 14일 10시,목요일,광주광역시 동구 대인동,경상사고,0,0,5,0,차대차 - 기타,신호위반,건조,맑음,교차로 - 교차로안,승합,남,44세,상해없음,화물,남,41세,경상
2021101400100274,2021년 10월 14일 12시,목요일,광주광역시 서구 농성동,경상사고,0,0,1,0,차대차 - 기타,안전운전불이행,건조,맑음,기타 - 기타,승용,여,26세,상해없음,승용,남,38세,경상
2021101400100351,2021년 10월 14일 14시,목요일,광주광역시 서구 농성동,경상사고,0,0,1,0,차대차 - 추돌,안전운전불이행,건조,맑음,단일로 - 기타,승용,남,52세,상해없음,승용,남,45세,경상
2021101400100352,2021년 10월 14일 14시,목요일,광주광역시 광산구 신창동,경상사고,0,0,1,0,차대차 - 정면충돌,교차로운행방법위반,건조,맑음,교차로 - 교차로안,승용,여,22세,상해없음,승용,여,49세,경상
2021101400100411,2021년 10월 14일 16시,목요일,광주광역시 동구 동명동,경상사고,0,0,1,0,차대차 - 기타,안전운전불이행,건조,맑음,교차로 - 교차로부근,자전거,남,69세,경상,승용,남,45세,상해없음
2021101400100412,2021년 10월 14일 16시,목요일,광주광역시 북구 용봉동,중상사고,0,1,0,0,차대사람 - 기타,안전운전불이행,건조,맑음,교차로 - 교차로안,승용,남,61세,상해없음,보행자,여,81세,중상
2021101400100413,2021년 10월 14일 16시,목요일,광주광역시 광산구 월계동,경상사고,0,0,3,0,차대차 - 측면충돌,안전운전불이행,건조,맑음,교차로 - 교차로부근,승용,여,52세,경상,승용,여,62세,경상
2021101400100523,2021년 10월 14일 18시,목요일,광주광역시 서구 농성동,경상사고,0,0,2,0,차대차 - 기타,안전운전불이행,건조,흐림,교차로 - 교차로안,승용,남,58세,경상,승용,남,22세,경상
2021101400100524,2021년 10월 14일 18시,목요일,광주광역시 남구 진월동,경상사고,0,0,3,0,차대차 - 기타,안전운전불이행,건조,맑음,단일로 - 기타,화물,남,69세,상해없음,승용,여,46세,경상
2021101400100525,2021년 10월 14일 18시,목요일,광주광역시 북구 장등동,경상사고,0,0,2,0,차대차 - 측면충돌,신호위반,건조,맑음,교차로 - 교차로안,승용,여,24세,경상,승용,남,68세,경상
2021101400100563,2021년 10월 14일 19시,목요일,광주광역시 서구 쌍촌동,경상사고,0,0,2,0,차대차 - 기타,안전운전불이행,건조,맑음,기타 - 기타,승용,여,41세,상해없음,승용,남,46세,경상
2021101400100610,2021년 10월 14일 21시,목요일,광주광역시 북구 장등동,중상사고,0,1,1,0,차대차 - 측면충돌,신호위반,건조,맑음,교차로 - 교차로안,승용,남,26세,경상,승용,여,58세,중상
2021101400100637,2021년 10월 14일 22시,목요일,광주광역시 광산구 수완동,경상사고,0,0,1,0,차량단독 - 전도전복 - 전도,안전운전불이행,건조,맑음,교차로 - 교차로안,개인형이동수단(PM),남,19세,상해없음,,,,
2021101400100653,2021년 10월 14일 23시,목요일,광주광역시 북구 대촌동,경상사고,0,0,3,0,차대차 - 기타,안전운전불이행,건조,맑음,교차로 - 교차로부근,승용,남,60세,상해없음,승용,여,23세,경상
2021101500100104,2021년 10월 15일 08시,금요일,광주광역시 서구 내방동,경상사고,0,0,1,0,차대차 - 측면충돌,안전운전불이행,건조,맑음,교차로 - 교차로부근,승용,여,42세,상해없음,이륜,남,41세,경상
2021101500100105,2021년 10월 15일 08시,금요일,광주광역시 북구 삼각동,경상사고,0,0,1,0,차대차 - 기타,차로위반,건조,맑음,단일로 - 기타,승용,남,49세,상해없음,승합,남,48세,상해없음
2021101500100143,2021년 10월 15일 09시,금요일,광주광역시 북구 일곡동,경상사고,0,0,1,0,차대차 - 추돌,안전운전불이행,건조,맑음,단일로 - 기타,승용,남,30세,상해없음,화물,남,36세,경상
2021101500100182,2021년 10월 15일 10시,금요일,광주광역시 서구 광천동,경상사고,0,0,1,0,차대차 - 측면충돌,안전운전불이행,건조,맑음,단일로 - 기타,승용,여,48세,상해없음,승용,남,24세,경상
2021101500100183,2021년 10월 15일 10시,금요일,광주광역시 북구 운암동,경상사고,0,0,2,0,차대차 - 측면충돌,안전운전불이행,건조,맑음,단일로 - 기타,승용,남,36세,경상,승용,여,41세,경상
2021101500100223,2021년 10월 15일 11시,금요일,광주광역시 광산구 운남동,경상사고,0,0,2,0,차대차 - 추돌,안전운전불이행,건조,맑음,교차로 - 교차로부근,승용,남,38세,상해없음,승용,남,37세,경상
2021101500100224,2021년 10월 15일 11시,금요일,광주광역시 광산구 신가동,경상사고,0,0,1,0,차대차 - 측면충돌,안전운전불이행,건조,맑음,단일로 - 기타,승용,여,67세,상해없음,승용,여,58세,경상
2021101500100262,2021년 10월 15일 12시,금요일,광주광역시 서구 매월동,경상사고,0,0,1,0,차대차 - 측면충돌,안전운전불이행,건조,맑음,교차로 - 교차로부근,승용,남,84세,상해없음,화물,남,29세,경상
2021101500100289,2021년 10월 15일 13시,금요일,광주광역시 광산구 수완동,부상신고사고,0,0,0,1,차대사람 - 기타,안전운전불이행,건조,맑음,단일로 - 기타,승용,여,66세,상해없음,보행자,남,55세,부상신고
2021101500100322,2021년 10월 15일 14시,금요일,광주광역시 북구 용봉동,경상사고,0,0,1,1,차대차 - 기타,중앙선침범,건조,맑음,단일로 - 기타,개인형이동수단(PM),남,59세,부상신고,승용,여,28세,경상
2021101500100354,2021년 10월 15일 15시,금요일,광주광역시 서구 유촌동,부상신고사고,0,0,0,1,차대차 - 추돌,안전운전불이행,건조,맑음,단일로 - 기타,화물,남,36세,상해없음,승용,남,31세,상해없음
2021101500100390,2021년 10월 15일 16시,금요일,광주광역시 북구 운암동,경상사고,0,0,1,0,차대차 - 후진중충돌,안전운전불이행,건조,맑음,기타 - 기타,화물,남,58세,상해없음,자전거,남,40세,경상
2021101500100495,2021년 10월 15일 18시,금요일,광주광역시 북구 연제동,중상사고,0,1,0,0,차대사람 - 횡단중,신호위반,건조,맑음,교차로 - 교차로횡단보도내,승용,남,67세,상해없음,보행자,남,57세,중상
2021101500100496,2021년 10월 15일 18시,금요일,광주광역시 광산구 월계동,경상사고,0,0,1,0,차대차 - 기타,교차로운행방법위반,젖음/습기,비,교차로 - 교차로안,승용,남,56세,상해없음,이륜,남,40세,경상
2021101500100497,2021년 10월 15일 18시,금요일,광주광역시 광산구 오선동,경상사고,0,0,3,0,차대차 - 측면충돌,안전거리미확보,건조,맑음,단일로 - 기타,화물,남,43세,경상,승용,남,54세,상해없음
2021101500100547,2021년 10월 15일 19시,금요일,광주광역시 서구 쌍촌동,경상사고,0,0,1,0,차대차 - 기타,중앙선침범,젖음/습기,비,단일로 - 기타,승용,남,32세,상해없음,이륜,남,36세,경상
2021101500100548,2021년 10월 15일 19시,금요일,광주광역시 북구 문흥동,경상사고,0,0,5,0,차대차 - 추돌,안전운전불이행,젖음/습기,비,단일로 - 기타,화물,남,60세,기타불명,승용,남,44세,경상
2021101500100549,2021년 10월 15일 19시,금요일,광주광역시 북구 운암동,경상사고,0,0,2,0,차대차 - 측면충돌,안전운전불이행,젖음/습기,비,교차로 - 교차로안,화물,남,70세,경상,승용,남,34세,경상
2021101500100586,2021년 10월 15일 20시,금요일,광주광역시 서구 화정동,경상사고,0,0,1,0,차대차 - 측면충돌,안전운전불이행,젖음/습기,비,교차로 - 교차로안,승용,남,71세,상해없음,이륜,남,34세,경상
2021101500100587,2021년 10월 15일 20시,금요일,광주광역시 서구 쌍촌동,경상사고,0,0,2,0,차대차 - 기타,안전거리미확보,젖음/습기,비,교차로 - 교차로부근,승용,남,59세,상해없음,승용,남,24세,경상