사고번호,사고일시,요일,시군구,사고내용,사망자수,중상자수,경상자수,부상신고자수,사고유형,법규위반,노면상태,기상상태,도로형태,가해운전자 차종,가해운전자 성별,가해운전자 연령,가해운전자 상해정도,피해운전자 차종,피해운전자 성별,피해운전자 연령,피해운전자 상해정도
2021101500100588,2021년 10월 15일 20시,금요일,광주광역시 남구 백운동,경상사고,0,0,1,0,차대차 - 추돌,안전운전불이행,젖음/습기,비,교차로 - 교차로부근,승용,기타불명,미분류,기타불명,승용,여,24세,경상
2021101500100617,2021년 10월 15일 21시,금요일,광주광역시 서구 농성동,경상사고,0,0,2,0,차대차 - 기타,안전거리미확보,젖음/습기,비,단일로 - 기타,승용,남,46세,상해없음,승용,여,61세,경상
2021101500100653,2021년 10월 15일 22시,금요일,광주광역시 서구 화정동,경상사고,0,0,1,0,차대차 - 측면충돌,안전운전불이행,젖음/습기,비,단일로 - 기타,승용,남,68세,상해없음,승용,여,52세,경상
2021101500100654,2021년 10월 15일 22시,금요일,광주광역시 광산구 소촌동,경상사고,0,0,2,0,차대차 - 추돌,안전운전불이행,젖음/습기,비,교차로 - 교차로부근,화물,남,63세,상해없음,승용,남,62세,경상
2021101500100655,2021년 10월 15일 22시,금요일,광주광역시 광산구 수완동,경상사고,0,0,2,0,차대차 - 추돌,안전운전불이행,젖음/습기,비,단일로 - 기타,승용,남,50세,상해없음,승용,여,44세,경상
2021101500100656,2021년 10월 15일 22시,금요일,광주광역시 광산구 하남동,경상사고,0,0,1,0,차대사람 - 기타,기타,건조,맑음,교차로 - 교차로안,승용,남,45세,상해없음,보행자,남,39세,경상
2021101500100679,2021년 10월 15일 23시,금요일,광주광역시 서구 양동,중상사고,0,1,3,0,차대차 - 기타,신호위반,젖음/습기,비,교차로 - 교차로안,승용,남,73세,상해없음,승용,남,53세,경상
2021101500100680,2021년 10월 15일 23시,금요일,광주광역시 남구 주월동,중상사고,0,1,2,0,차대차 - 추돌,안전운전불이행,젖음/습기,비,단일로 - 기타,승용,남,60세,상해없음,승용,남,65세,경상
2021101500100681,2021년 10월 15일 23시,금요일,광주광역시 남구 주월동,경상사고,0,0,2,0,차대사람 - 기타,안전운전불이행,젖음/습기,비,단일로 - 기타,승용,남,48세,상해없음,보행자,남,26세,경상
2021101600100020,2021년 10월 16일 00시,토요일,광주광역시 광산구 신가동,경상사고,0,0,2,0,차대차 - 추돌,안전운전불이행,건조,맑음,단일로 - 기타,승용,남,41세,상해없음,승용,남,38세,경상
2021101600100097,2021년 10월 16일 08시,토요일,광주광역시 광산구 월계동,경상사고,0,0,1,0,차대사람 - 기타,안전운전불이행,건조,맑음,단일로 - 기타,승용,남,84세,기타불명,보행자,여,34세,경상
2021101600100173,2021년 10월 16일 11시,토요일,광주광역시 북구 운암동,경상사고,0,0,1,0,차대사람 - 보도통행중,기타,건조,흐림,단일로 - 기타,개인형이동수단(PM),남,17세,상해없음,보행자,여,54세,경상
2021101600100214,2021년 10월 16일 12시,토요일,광주광역시 북구 유동,경상사고,0,0,1,0,차대차 - 측면충돌,안전운전불이행,건조,맑음,교차로 - 교차로부근,승용,남,77세,상해없음,승용,여,64세,경상
2021101600100247,2021년 10월 16일 13시,토요일,광주광역시 광산구 수완동,경상사고,0,0,3,0,차대차 - 추돌,안전거리미확보,건조,맑음,단일로 - 기타,승용,여,32세,상해없음,승용,여,60세,경상
2021101600100289,2021년 10월 16일 14시,토요일,광주광역시 북구 삼각동,중상사고,0,1,0,0,차대차 - 측면충돌,신호위반,건조,맑음,교차로 - 교차로안,화물,남,71세,상해없음,이륜,남,54세,중상
2021101600100290,2021년 10월 16일 14시,토요일,광주광역시 광산구 수완동,경상사고,0,0,3,0,차대차 - 기타,신호위반,건조,맑음,교차로 - 교차로안,승용,남,37세,상해없음,승용,남,64세,상해없음
2021101600100369,2021년 10월 16일 17시,토요일,광주광역시 서구 농성동,경상사고,0,0,1,0,차대차 - 추돌,안전운전불이행,건조,맑음,교차로 - 교차로부근,승용,남,51세,상해없음,승용,남,27세,경상
2021101600100449,2021년 10월 16일 19시,토요일,광주광역시 동구 계림동,경상사고,0,0,1,0,차대차 - 추돌,안전운전불이행,건조,맑음,단일로 - 기타,승용,여,68세,상해없음,승용,남,43세,경상
2021101600100463,2021년 10월 16일 20시,토요일,광주광역시 광산구 월계동,경상사고,0,0,1,0,차대차 - 측면충돌,중앙선침범,건조,맑음,단일로 - 기타,승용,남,27세,상해없음,이륜,남,19세,경상
2021101600100484,2021년 10월 16일 21시,토요일,광주광역시 광산구 수완동,경상사고,0,0,1,0,차대차 - 정면충돌,교차로운행방법위반,건조,맑음,교차로 - 교차로안,승용,남,56세,상해없음,이륜,여,18세,경상
2021101600100524,2021년 10월 16일 22시,토요일,광주광역시 서구 치평동,경상사고,0,0,3,0,차대차 - 기타,직진우회전진행방해,건조,맑음,교차로 - 교차로안,승용,남,24세,상해없음,승용,남,61세,경상
2021101700100057,2021년 10월 17일 08시,일요일,광주광역시 서구 치평동,경상사고,0,0,1,0,차대차 - 기타,신호위반,건조,맑음,교차로 - 교차로안,승용,여,32세,상해없음,승용,여,58세,경상
2021101700100073,2021년 10월 17일 09시,일요일,광주광역시 북구 일곡동,중상사고,0,1,0,0,차량단독 - 공작물충돌,안전운전불이행,건조,맑음,단일로 - 기타,이륜,남,27세,중상,,,,
2021101700100093,2021년 10월 17일 10시,일요일,광주광역시 북구 연제동,부상신고사고,0,0,0,1,차대차 - 기타,안전운전불이행,건조,맑음,단일로 - 기타,승합,남,58세,상해없음,자전거,남,37세,부상신고
2021101700100227,2021년 10월 17일 15시,일요일,광주광역시 광산구 장덕동,경상사고,0,0,1,0,차대차 - 추돌,안전운전불이행,건조,맑음,단일로 - 기타,승용,남,51세,상해없음,승용,여,28세,경상
2021101700100339,2021년 10월 17일 18시,일요일,광주광역시 서구 화정동,경상사고,0,0,2,0,차대차 - 추돌,안전운전불이행,건조,맑음,교차로 - 교차로부근,승용,남,66세,상해없음,승용,남,51세,경상
2021101700100441,2021년 10월 17일 22시,일요일,광주광역시 북구 풍향동,경상사고,0,0,1,0,차대차 - 추돌,안전운전불이행,건조,맑음,단일로 - 기타,기타불명,기타불명,미분류,기타불명,승용,여,26세,경상
2021101800100017,2021년 10월 18일 04시,월요일,광주광역시 북구 누문동,경상사고,0,0,1,0,차대차 - 기타,안전운전불이행,건조,맑음,단일로 - 기타,화물,남,65세,상해없음,승용,남,57세,경상
2021101800100077,2021년 10월 18일 07시,월요일,광주광역시 광산구 지평동,경상사고,0,0,1,0,차대차 - 측면충돌,안전거리미확보,건조,맑음,단일로 - 기타,화물,남,38세,상해없음,승용,여,49세,경상
2021101800100135,2021년 10월 18일 08시,월요일,광주광역시 북구 용전동,중상사고,0,1,1,0,차대차 - 추돌,안전운전불이행,건조,맑음,교차로 - 교차로부근,기타불명,남,20세,중상,화물,남,54세,경상
2021101800100174,2021년 10월 18일 09시,월요일,광주광역시 서구 치평동,경상사고,0,0,1,0,차대차 - 기타,안전거리미확보,건조,맑음,단일로 - 기타,화물,남,62세,상해없음,승용,남,41세,경상
2021101800100175,2021년 10월 18일 09시,월요일,광주광역시 남구 주월동,경상사고,0,0,1,1,차대차 - 측면충돌,교차로운행방법위반,건조,맑음,교차로 - 교차로안,승용,여,22세,경상,승용,남,23세,부상신고
2021101800100176,2021년 10월 18일 09시,월요일,광주광역시 남구 노대동,경상사고,0,0,2,0,차대차 - 기타,안전거리미확보,건조,맑음,단일로 - 기타,승용,여,62세,상해없음,승용,남,33세,경상
2021101800100210,2021년 10월 18일 10시,월요일,광주광역시 광산구 서봉동,경상사고,0,0,2,0,차대차 - 추돌,안전거리미확보,건조,맑음,단일로 - 기타,승용,남,31세,상해없음,승용,여,47세,경상
2021101800100249,2021년 10월 18일 11시,월요일,광주광역시 동구 계림동,경상사고,0,0,2,0,차대차 - 추돌,안전운전불이행,건조,맑음,교차로 - 교차로부근,승용,남,30세,상해없음,승용,남,37세,경상
2021101800100250,2021년 10월 18일 11시,월요일,광주광역시 서구 화정동,경상사고,0,0,1,0,차대차 - 측면충돌,안전운전불이행,건조,맑음,단일로 - 기타,승합,남,63세,기타불명,승용,남,26세,경상
2021101800100251,2021년 10월 18일 11시,월요일,광주광역시 서구 화정동,경상사고,0,0,1,0,차대차 - 기타,안전운전불이행,건조,맑음,단일로 - 기타,승용,남,50세,상해없음,승용,남,58세,경상
2021101800100316,2021년 10월 18일 13시,월요일,광주광역시 광산구 신가동,중상사고,0,1,0,0,차대차 - 측면충돌,안전운전불이행,건조,맑음,교차로 - 교차로부근,이륜,남,35세,중상,승용,여,53세,상해없음
2021101800100355,2021년 10월 18일 14시,월요일,광주광역시 동구 월남동,경상사고,0,0,3,0,차대차 - 추돌,안전거리미확보,건조,맑음,단일로 - 기타,승용,남,44세,상해없음,화물,남,67세,경상
2021101800100390,2021년 10월 18일 15시,월요일,광주광역시 동구 용산동,경상사고,0,0,1,0,차대사람 - 기타,기타,건조,맑음,기타 - 기타,승용,남,37세,상해없음,보행자,남,77세,경상
2021101800100391,2021년 10월 18일 15시,월요일,광주광역시 북구 운암동,경상사고,0,0,4,0,차대차 - 측면충돌,차로위반,건조,맑음,단일로 - 기타,승용,남,38세,경상,승합,남,57세,경상
2021101800100392,2021년 10월 18일 15시,월요일,광주광역시 북구 운암동,경상사고,0,0,1,0,차대차 - 정면충돌,교차로운행방법위반,건조,맑음,교차로 - 교차로안,승용,남,75세,상해없음,건설기계,남,23세,경상
2021101800100393,2021년 10월 18일 15시,월요일,광주광역시 광산구 송정동,경상사고,0,0,1,0,차대차 - 측면충돌,안전운전불이행,건조,맑음,단일로 - 기타,이륜,남,37세,상해없음,자전거,남,10세,경상
2021101800100470,2021년 10월 18일 17시,월요일,광주광역시 서구 금호동,경상사고,0,0,2,0,차대차 - 측면충돌,안전거리미확보,건조,맑음,교차로 - 교차로안,승용,남,21세,경상,건설기계,남,48세,경상
2021101800100548,2021년 10월 18일 18시,월요일,광주광역시 동구 용산동,경상사고,0,0,4,1,차대차 - 측면충돌,신호위반,건조,맑음,단일로 - 기타,승용,여,58세,상해없음,승용,남,35세,경상
2021101800100549,2021년 10월 18일 18시,월요일,광주광역시 광산구 도산동,경상사고,0,0,1,0,차대차 - 정면충돌,안전운전불이행,건조,맑음,교차로 - 교차로부근,기타불명,기타불명,미분류,기타불명,이륜,남,22세,경상
2021101800100591,2021년 10월 18일 19시,월요일,광주광역시 북구 두암동,경상사고,0,0,2,1,차대차 - 측면충돌,안전운전불이행,건조,맑음,교차로 - 교차로부근,이륜,남,61세,부상신고,승용,여,62세,경상
2021101800100649,2021년 10월 18일 21시,월요일,광주광역시 동구 학동,경상사고,0,0,1,0,차대차 - 기타,중앙선침범,건조,맑음,교차로 - 교차로안,자전거,남,27세,경상,승용,여,45세,상해없음
2021101800100650,2021년 10월 18일 21시,월요일,광주광역시 남구 진월동,경상사고,0,0,1,0,차대사람 - 차도통행중,안전운전불이행,건조,맑음,단일로 - 기타,승용,여,58세,상해없음,보행자,남,86세,경상
2021101800100680,2021년 10월 18일 22시,월요일,광주광역시 남구 서동,경상사고,0,0,1,0,차대차 - 기타,안전운전불이행,건조,맑음,단일로 - 기타,승용,남,41세,상해없음,이륜,남,44세,경상
2021101900100010,2021년 10월 19일 00시,화요일,광주광역시 서구 동천동,경상사고,0,0,2,0,차대차 - 추돌,안전운전불이행,건조,맑음,단일로 - 기타,화물,남,26세,상해없음,승용,여,38세,경상
2021101900100044,2021년 10월 19일 06시,화요일,광주광역시 북구 용봉동,중상사고,0,1,0,0,차대사람 - 횡단중,신호위반,건조,흐림,교차로 - 교차로안,원동기,남,21세,상해없음,보행자,남,62세,중상
2021101900100062,2021년 10월 19일 07시,화요일,광주광역시 광산구 연산동,중상사고,0,1,0,0,차대차 - 기타,신호위반,젖음/습기,비,교차로 - 교차로안,승용,남,27세,상해없음,화물,남,53세,중상
2021101900100090,2021년 10월 19일 08시,화요일,광주광역시 서구 매월동,경상사고,0,0,1,0,차대차 - 측면충돌,안전거리미확보,건조,맑음,교차로 - 교차로안,승용,남,38세,상해없음,승용,남,29세,경상
2021101900100091,2021년 10월 19일 08시,화요일,광주광역시 광산구 월계동,경상사고,0,0,1,0,차대차 - 측면충돌,안전거리미확보,건조,맑음,단일로 - 기타,승용,남,74세,상해없음,승용,여,59세,상해없음
2021101900100147,2021년 10월 19일 10시,화요일,광주광역시 북구 두암동,경상사고,0,0,1,0,차대차 - 측면충돌,교차로운행방법위반,건조,맑음,교차로 - 교차로안,승용,남,69세,상해없음,승용,남,62세,경상
2021101900100199,2021년 10월 19일 12시,화요일,광주광역시 서구 마륵동,경상사고,0,0,2,0,차대차 - 추돌,안전거리미확보,건조,맑음,단일로 - 기타,승용,남,54세,상해없음,승용,남,40세,경상
2021101900100265,2021년 10월 19일 14시,화요일,광주광역시 서구 동천동,경상사고,0,0,2,0,차대차 - 기타,중앙선침범,건조,맑음,단일로 - 기타,승용,남,23세,경상,승용,남,51세,경상
2021101900100298,2021년 10월 19일 15시,화요일,광주광역시 서구 치평동,경상사고,0,0,2,0,차대차 - 측면충돌,안전거리미확보,건조,맑음,교차로 - 교차로안,승용,남,37세,경상,승용,남,25세,경상
2021101900100299,2021년 10월 19일 15시,화요일,광주광역시 남구 송하동,경상사고,0,0,2,0,차대차 - 추돌,교차로운행방법위반,건조,맑음,교차로 - 교차로안,승용,여,52세,상해없음,승용,남,58세,경상
2021101900100300,2021년 10월 19일 15시,화요일,광주광역시 광산구 장덕동,경상사고,0,0,1,0,차대차 - 기타,안전거리미확보,젖음/습기,흐림,단일로 - 기타,기타불명,기타불명,미분류,기타불명,이륜,남,65세,경상
2021101900100344,2021년 10월 19일 16시,화요일,광주광역시 북구 용두동,경상사고,0,0,1,0,차대사람 - 횡단중,안전운전불이행,건조,맑음,단일로 - 기타,승용,남,36세,상해없음,보행자,남,9세,경상
2021101900100345,2021년 10월 19일 16시,화요일,광주광역시 북구 신안동,경상사고,0,0,3,0,차대차 - 측면충돌,안전운전불이행,건조,맑음,교차로 - 교차로안,승용,남,46세,경상,승용,여,65세,경상
2021101900100346,2021년 10월 19일 16시,화요일,광주광역시 광산구 월계동,중상사고,0,1,1,0,차대차 - 측면충돌,신호위반,건조,맑음,교차로 - 교차로안,이륜,남,42세,중상,승용,남,64세,경상
2021101900100378,2021년 10월 19일 17시,화요일,광주광역시 서구 쌍촌동,경상사고,0,0,1,0,차대차 - 기타,안전운전불이행,건조,맑음,교차로 - 교차로부근,승용,남,41세,상해없음,자전거,남,80세,경상
2021101900100447,2021년 10월 19일 18시,화요일,광주광역시 남구 주월동,경상사고,0,0,2,0,차대차 - 기타,안전운전불이행,건조,맑음,교차로 - 교차로안,승용,여,52세,경상,승용,남,68세,경상
2021101900100448,2021년 10월 19일 18시,화요일,광주광역시 서구 양동,경상사고,0,0,3,0,차대차 - 측면충돌,안전운전불이행,건조,맑음,교차로 - 교차로안,승용,남,23세,경상,승용,남,75세,상해없음
2021101900100449,2021년 10월 19일 18시,화요일,광주광역시 북구 오룡동,경상사고,0,0,1,0,차대차 - 측면충돌,안전운전불이행,건조,맑음,교차로 - 교차로부근,승용,여,54세,상해없음,승용,남,28세,경상
2021101900100498,2021년 10월 19일 19시,화요일,광주광역시 서구 내방동,경상사고,0,0,1,0,차대차 - 기타,신호위반,건조,맑음,단일로 - 기타,원동기,남,32세,경상,승용,남,50세,상해없음
2021101900100499,2021년 10월 19일 19시,화요일,광주광역시 북구 용봉동,경상사고,0,0,1,0,차대차 - 측면충돌,교차로운행방법위반,건조,맑음,교차로 - 교차로안,이륜,남,24세,상해없음,이륜,남,34세,경상
2021101900100500,2021년 10월 19일 19시,화요일,광주광역시 광산구 도천동,경상사고,0,0,1,0,차대차 - 측면충돌,안전운전불이행,건조,흐림,교차로 - 교차로안,원동기,기타불명,미분류,기타불명,승용,여,53세,경상
2021101900100578,2021년 10월 19일 22시,화요일,광주광역시 광산구 월계동,중상사고,0,1,1,0,차대차 - 측면충돌,안전거리미확보,건조,맑음,교차로 - 교차로부근,승용,여,23세,경상,이륜,남,23세,중상
2021101900100593,2021년 10월 19일 23시,화요일,광주광역시 광산구 수완동,경상사고,0,0,2,0,차대차 - 측면충돌,신호위반,건조,맑음,단일로 - 기타,승용,남,25세,상해없음,승용,남,52세,경상
2021101900100594,2021년 10월 19일 23시,화요일,광주광역시 광산구 운남동,중상사고,0,1,0,0,차대차 - 측면충돌,신호위반,건조,맑음,교차로 - 교차로안,승용,여,31세,상해없음,이륜,남,31세,중상
2021102000100033,2021년 10월 20일 06시,수요일,광주광역시 북구 양산동,경상사고,0,0,4,0,차대차 - 측면충돌,차로위반,건조,맑음,단일로 - 기타,승용,남,68세,상해없음,승용,남,41세,경상
2021102000100050,2021년 10월 20일 07시,수요일,광주광역시 남구 방림동,중상사고,0,1,0,0,차대차 - 측면충돌,교차로운행방법위반,건조,맑음,교차로 - 교차로안,승용,남,55세,상해없음,개인형이동수단(PM),여,37세,중상
2021102000100051,2021년 10월 20일 07시,수요일,광주광역시 북구 각화동,경상사고,0,0,1,0,차대차 - 측면충돌,안전거리미확보,건조,맑음,단일로 - 기타,화물,남,37세,상해없음,승용,여,49세,경상
2021102000100052,2021년 10월 20일 07시,수요일,광주광역시 광산구 신가동,경상사고,0,0,1,0,차대차 - 추돌,안전거리미확보,건조,맑음,교차로 - 교차로부근,승용,남,46세,상해없음,승용,남,24세,경상
2021102000100085,2021년 10월 20일 08시,수요일,광주광역시 남구 월산동,경상사고,0,0,1,0,차대차 - 측면충돌,안전운전불이행,건조,맑음,교차로 - 교차로안,승용,남,33세,상해없음,승용,남,22세,경상
2021102000100116,2021년 10월 20일 09시,수요일,광주광역시 남구 봉선동,경상사고,0,0,2,0,차대차 - 측면충돌,교차로운행방법위반,건조,맑음,교차로 - 교차로안,승용,남,70세,상해없음,승용,남,36세,경상
2021102000100184,2021년 10월 20일 11시,수요일,광주광역시 동구 서석동,경상사고,0,0,1,0,차대사람 - 기타,안전운전불이행,건조,맑음,기타 - 기타,승용,여,50세,상해없음,보행자,여,22세,경상
2021102000100269,2021년 10월 20일 13시,수요일,광주광역시 북구 풍향동,중상사고,0,1,0,0,차대사람 - 기타,안전운전불이행,건조,맑음,교차로 - 교차로안,승용,남,24세,상해없음,보행자,여,11세,중상
2021102000100270,2021년 10월 20일 13시,수요일,광주광역시 광산구 옥동,경상사고,0,0,2,0,차대차 - 기타,중앙선침범,건조,맑음,단일로 - 기타,승용,여,59세,상해없음,화물,남,65세,경상
2021102000100389,2021년 10월 20일 16시,수요일,광주광역시 북구 운암동,경상사고,0,0,1,0,차대사람 - 기타,안전운전불이행,건조,맑음,단일로 - 기타,승합,남,67세,상해없음,보행자,남,61세,경상
2021102000100498,2021년 10월 20일 18시,수요일,광주광역시 서구 치평동,경상사고,0,0,1,0,차대사람 - 기타,안전운전불이행,건조,맑음,단일로 - 기타,승용,여,31세,상해없음,보행자,남,25세,경상
2021102000100499,2021년 10월 20일 18시,수요일,광주광역시 광산구 도천동,경상사고,0,0,1,0,차대차 - 기타,교차로운행방법위반,건조,맑음,교차로 - 교차로안,승용,여,31세,상해없음,승용,남,23세,경상
2021102000100550,2021년 10월 20일 19시,수요일,광주광역시 서구 풍암동,경상사고,0,0,1,0,차대차 - 측면충돌,교차로운행방법위반,건조,맑음,교차로 - 교차로안,승용,남,53세,상해없음,승용,남,47세,경상
2021102000100551,2021년 10월 20일 19시,수요일,광주광역시 광산구 수완동,경상사고,0,0,1,0,차대차 - 기타,안전운전불이행,건조,맑음,교차로 - 교차로안,승용,남,61세,상해없음,이륜,남,44세,경상
2021102000100601,2021년 10월 20일 21시,수요일,광주광역시 북구 운암동,경상사고,0,0,3,0,차대차 - 기타,안전운전불이행,건조,맑음,교차로 - 교차로안,승용,남,70세,상해없음,승용,남,35세,경상
2021102100100023,2021년 10월 21일 02시,목요일,광주광역시 북구 유동,중상사고,0,1,1,0,차대차 - 측면충돌,신호위반,건조,맑음,기타 - 기타,승용,남,17세,상해없음,승용,남,42세,경상
2021102100100066,2021년 10월 21일 07시,목요일,광주광역시 북구 유동,경상사고,0,0,1,0,차대차 - 기타,안전거리미확보,건조,맑음,단일로 - 기타,화물,남,53세,상해없음,승합,남,57세,상해없음
2021102100100101,2021년 10월 21일 08시,목요일,광주광역시 동구 용산동,경상사고,0,0,3,0,차대차 - 추돌,안전거리미확보,건조,맑음,단일로 - 기타,화물,남,53세,상해없음,화물,남,41세,경상
2021102100100126,2021년 10월 21일 09시,목요일,광주광역시 북구 용봉동,경상사고,0,0,2,0,차대차 - 추돌,안전운전불이행,건조,맑음,단일로 - 기타,승용,여,31세,경상,승합,남,42세,경상
2021102100100150,2021년 10월 21일 10시,목요일,광주광역시 동구 남동,경상사고,0,0,2,0,차대차 - 추돌,안전거리미확보,건조,맑음,교차로 - 교차로안,승용,여,52세,기타불명,승용,남,78세,경상
2021102100100151,2021년 10월 21일 10시,목요일,광주광역시 남구 지석동,중상사고,0,1,1,0,차대차 - 측면충돌,신호위반,건조,맑음,교차로 - 교차로안,승용,여,45세,상해없음,승용,남,62세,경상
2021102100100152,2021년 10월 21일 10시,목요일,광주광역시 북구 운암동,경상사고,0,0,1,0,차대사람 - 기타,안전운전불이행,건조,맑음,단일로 - 기타,승용,남,66세,상해없음,보행자,남,45세,경상
2021102100100187,2021년 10월 21일 11시,목요일,광주광역시 동구 계림동,경상사고,0,0,1,0,차대차 - 측면충돌,안전운전불이행,건조,맑음,단일로 - 기타,건설기계,남,60세,기타불명,승용,남,46세,경상
2021102100100188,2021년 10월 21일 11시,목요일,광주광역시 북구 운암동,중상사고,0,1,0,0,차대사람 - 차도통행중,안전운전불이행,건조,맑음,단일로 - 기타,승용,여,36세,상해없음,보행자,여,53세,중상
2021102100100254,2021년 10월 21일 13시,목요일,광주광역시 광산구 산월동,중상사고,0,1,1,0,차대차 - 기타,안전운전불이행,건조,맑음,단일로 - 기타,개인형이동수단(PM),남,22세,경상,승용,여,46세,상해없음
2021102100100300,2021년 10월 21일 14시,목요일,광주광역시 북구 우산동,경상사고,0,0,11,0,차대차 - 추돌,안전운전불이행,건조,맑음,단일로 - 기타,승용,남,80세,경상,승합,남,62세,경상
2021102100100354,2021년 10월 21일 16시,목요일,광주광역시 동구 용산동,경상사고,0,0,1,0,차대차 - 측면충돌,안전거리미확보,건조,맑음,교차로 - 교차로안,승용,남,83세,상해없음,승용,남,33세,경상
2021102100100401,2021년 10월 21일 17시,목요일,광주광역시 서구 농성동,경상사고,0,0,1,0,차대차 - 측면충돌,안전거리미확보,건조,맑음,단일로 - 기타,승용,남,56세,상해없음,개인형이동수단(PM),남,37세,경상
2021102100100402,2021년 10월 21일 17시,목요일,광주광역시 서구 유촌동,경상사고,0,0,1,1,차대차 - 기타,직진우회전진행방해,건조,맑음,교차로 - 교차로안,승용,남,27세,부상신고,승용,남,44세,경상
2021102100100403,2021년 10월 21일 17시,목요일,광주광역시 광산구 진곡동,경상사고,0,0,3,0,차대차 - 측면충돌,안전거리미확보,건조,맑음,교차로 - 교차로부근,이륜,남,60세,경상,승용,남,45세,경상
2021102100100467,2021년 10월 21일 18시,목요일,광주광역시 동구 대인동,경상사고,0,0,1,0,차대차 - 기타,신호위반,건조,맑음,교차로 - 교차로안,승용,남,25세,상해없음,이륜,남,19세,경상
2021102100100469,2021년 10월 21일 18시,목요일,광주광역시 북구 삼각동,경상사고,0,0,1,0,차대차 - 기타,안전운전불이행,건조,맑음,교차로 - 교차로안,화물,남,60세,상해없음,승용,남,61세,경상
2021102100100521,2021년 10월 21일 19시,목요일,광주광역시 동구 소태동,부상신고사고,0,0,0,1,차대차 - 기타,신호위반,건조,맑음,교차로 - 교차로부근,승용,남,61세,상해없음,자전거,남,68세,부상신고
2021102100100522,2021년 10월 21일 19시,목요일,광주광역시 서구 치평동,경상사고,0,0,2,1,차대차 - 측면충돌,교차로운행방법위반,건조,맑음,교차로 - 교차로안,승용,남,24세,경상,승용,여,53세,부상신고
2021102100100523,2021년 10월 21일 19시,목요일,광주광역시 남구 월산동,경상사고,0,0,1,0,차대사람 - 기타,안전운전불이행,건조,맑음,단일로 - 기타,승용,남,57세,상해없음,보행자,남,47세,경상
2021102100100524,2021년 10월 21일 19시,목요일,광주광역시 광산구 수완동,경상사고,0,0,1,0,차대사람 - 보도통행중,보행자보호의무위반,건조,맑음,단일로 - 기타,승용,남,30세,상해없음,보행자,남,7세,경상
2021102100100576,2021년 10월 21일 21시,목요일,광주광역시 서구 내방동,경상사고,0,0,2,0,차대차 - 추돌,안전운전불이행,건조,맑음,교차로 - 교차로안,승용,남,27세,상해없음,승용,남,68세,경상
2021102100100577,2021년 10월 21일 21시,목요일,광주광역시 북구 문흥동,경상사고,0,0,1,0,차대차 - 정면충돌,중앙선침범,건조,맑음,단일로 - 기타,승용,남,38세,상해없음,승용,여,51세,경상
2021102100100578,2021년 10월 21일 21시,목요일,광주광역시 북구 오치동,경상사고,0,0,2,0,차대차 - 측면충돌,안전거리미확보,건조,맑음,단일로 - 기타,승용,여,44세,상해없음,승용,남,29세,경상
2021102100100579,2021년 10월 21일 21시,목요일,광주광역시 광산구 장덕동,경상사고,0,0,1,0,차대차 - 측면충돌,교차로운행방법위반,건조,맑음,교차로 - 교차로안,승용,남,28세,상해없음,개인형이동수단(PM),남,14세,경상
2021102100100614,2021년 10월 21일 22시,목요일,광주광역시 서구 쌍촌동,부상신고사고,0,0,0,1,차대차 - 추돌,신호위반,건조,맑음,교차로 - 교차로안,개인형이동수단(PM),남,52세,부상신고,승용,남,59세,상해없음
2021102100100615,2021년 10월 21일 22시,목요일,광주광역시 서구 쌍촌동,경상사고,0,0,2,0,차대차 - 기타,안전운전불이행,건조,맑음,교차로 - 교차로부근,승용,남,18세,경상,승용,남,61세,상해없음
2021102200100033,2021년 10월 22일 05시,금요일,광주광역시 남구 구동,경상사고,0,0,1,1,차대차 - 측면충돌,신호위반,건조,맑음,교차로 - 교차로안,이륜,남,15세,부상신고,승용,남,54세,상해없음
2021102200100112,2021년 10월 22일 08시,금요일,광주광역시 서구 광천동,경상사고,0,0,1,0,차대차 - 추돌,안전거리미확보,건조,맑음,단일로 - 기타,승용,남,35세,상해없음,승용,여,61세,경상
2021102200100113,2021년 10월 22일 08시,금요일,광주광역시 북구 수곡동,경상사고,0,0,1,0,차대차 - 기타,직진우회전진행방해,건조,맑음,교차로 - 교차로안,승용,남,61세,상해없음,자전거,남,47세,경상
2021102200100150,2021년 10월 22일 09시,금요일,광주광역시 북구 두암동,경상사고,0,0,2,0,차대차 - 추돌,안전거리미확보,건조,맑음,단일로 - 기타,승용,남,71세,기타불명,승용,남,45세,경상
2021102200100192,2021년 10월 22일 10시,금요일,광주광역시 서구 동천동,경상사고,0,0,1,1,차대차 - 측면충돌,신호위반,건조,맑음,단일로 - 기타,승용,여,62세,부상신고,화물,남,58세,경상
2021102200100228,2021년 10월 22일 11시,금요일,광주광역시 서구 치평동,경상사고,0,0,1,0,차대차 - 측면충돌,안전운전불이행,건조,맑음,교차로 - 교차로안,화물,남,34세,상해없음,승용,남,48세,경상
2021102200100266,2021년 10월 22일 12시,금요일,광주광역시 서구 광천동,경상사고,0,0,1,0,차대차 - 기타,안전거리미확보,건조,맑음,단일로 - 기타,승용,남,55세,상해없음,이륜,남,22세,경상