사고번호,사고일시,요일,시군구,사고내용,사망자수,중상자수,경상자수,부상신고자수,사고유형,법규위반,노면상태,기상상태,도로형태,가해운전자 차종,가해운전자 성별,가해운전자 연령,가해운전자 상해정도,피해운전자 차종,피해운전자 성별,피해운전자 연령,피해운전자 상해정도
2021110600100384,2021년 11월 6일 16시,토요일,광주광역시 광산구 월계동,경상사고,0,0,2,0,차대차 - 측면충돌,신호위반,건조,맑음,교차로 - 교차로안,승용,남,19세,상해없음,승용,남,57세,상해없음
2021110600100431,2021년 11월 6일 17시,토요일,광주광역시 남구 월산동,경상사고,0,0,2,0,차대차 - 측면충돌,교차로운행방법위반,건조,맑음,교차로 - 교차로안,이륜,남,76세,경상,승용,남,53세,경상
2021110600100432,2021년 11월 6일 17시,토요일,광주광역시 북구 삼각동,경상사고,0,0,2,0,차대사람 - 기타,신호위반,건조,맑음,단일로 - 기타,이륜,남,53세,상해없음,보행자,여,63세,경상
2021110600100433,2021년 11월 6일 17시,토요일,광주광역시 북구 각화동,중상사고,0,1,0,0,차대차 - 측면충돌,신호위반,건조,맑음,교차로 - 교차로안,승용,남,55세,상해없음,이륜,남,27세,중상
2021110600100477,2021년 11월 6일 18시,토요일,광주광역시 동구 불로동,경상사고,0,0,1,0,차대차 - 측면충돌,안전거리미확보,건조,맑음,단일로 - 기타,승용,남,31세,상해없음,승용,남,33세,경상
2021110600100478,2021년 11월 6일 18시,토요일,광주광역시 북구 용봉동,경상사고,0,0,1,0,차대차 - 기타,안전거리미확보,건조,맑음,단일로 - 기타,승용,남,64세,상해없음,승용,남,32세,경상
2021110600100520,2021년 11월 6일 19시,토요일,광주광역시 동구 용산동,중상사고,0,1,2,0,차대차 - 기타,안전거리미확보,건조,맑음,단일로 - 기타,승용,여,28세,상해없음,승용,여,59세,중상
2021110600100521,2021년 11월 6일 19시,토요일,광주광역시 서구 치평동,중상사고,0,1,0,0,차대차 - 기타,안전운전불이행,건조,맑음,단일로 - 기타,승용,남,47세,중상,승용,남,28세,기타불명
2021110600100522,2021년 11월 6일 19시,토요일,광주광역시 남구 주월동,경상사고,0,0,1,0,차대사람 - 기타,안전운전불이행,건조,맑음,주차장 - 주차장,승용,남,47세,상해없음,보행자,남,24세,경상
2021110600100555,2021년 11월 6일 20시,토요일,광주광역시 북구 신안동,경상사고,0,0,1,0,차대사람 - 차도통행중,중앙선침범,건조,맑음,단일로 - 기타,승용,남,66세,상해없음,보행자,남,50세,경상
2021110600100556,2021년 11월 6일 20시,토요일,광주광역시 광산구 쌍암동,경상사고,0,0,2,0,차대차 - 측면충돌,안전운전불이행,건조,맑음,교차로 - 교차로안,승용,여,28세,상해없음,승용,여,31세,경상
2021110700100015,2021년 11월 7일 00시,일요일,광주광역시 광산구 신가동,중상사고,0,1,0,0,차대차 - 기타,신호위반,건조,맑음,교차로 - 교차로안,승용,남,24세,상해없음,이륜,남,24세,중상
2021110700100028,2021년 11월 7일 01시,일요일,광주광역시 동구 호남동,부상신고사고,0,0,0,1,차대사람 - 길가장자리구역통행중,안전운전불이행,건조,맑음,단일로 - 기타,개인형이동수단(PM),남,33세,부상신고,보행자,여,22세,상해없음
2021110700100038,2021년 11월 7일 02시,일요일,광주광역시 남구 주월동,부상신고사고,0,0,0,1,차대차 - 기타,신호위반,건조,맑음,교차로 - 교차로안,이륜,남,17세,부상신고,승용,남,22세,상해없음
2021110700100056,2021년 11월 7일 06시,일요일,광주광역시 북구 용봉동,경상사고,0,0,1,0,차대사람 - 차도통행중,안전운전불이행,건조,맑음,단일로 - 기타,기타불명,기타불명,미분류,기타불명,보행자,남,51세,경상
2021110700100081,2021년 11월 7일 09시,일요일,광주광역시 북구 우산동,경상사고,0,0,1,0,차대사람 - 기타,안전운전불이행,건조,맑음,기타 - 기타,승용,남,73세,상해없음,보행자,남,56세,경상
2021110700100165,2021년 11월 7일 12시,일요일,광주광역시 서구 내방동,경상사고,0,0,1,0,차대차 - 후진중충돌,안전운전불이행,건조,맑음,교차로 - 교차로안,승용,남,46세,상해없음,승용,남,46세,경상
2021110700100166,2021년 11월 7일 12시,일요일,광주광역시 광산구 산정동,경상사고,0,0,1,0,차대차 - 추돌,안전운전불이행,건조,맑음,교차로 - 교차로부근,승용,남,58세,상해없음,승용,남,39세,경상
2021110700100199,2021년 11월 7일 13시,일요일,광주광역시 광산구 우산동,경상사고,0,0,1,0,차량단독 - 기타,안전운전불이행,건조,맑음,단일로 - 기타,승합,남,45세,상해없음,,,,
2021110700100236,2021년 11월 7일 14시,일요일,광주광역시 서구 서창동,경상사고,0,0,1,0,차대차 - 측면충돌,안전운전불이행,건조,맑음,교차로 - 교차로안,승용,남,41세,상해없음,화물,남,54세,경상
2021110700100237,2021년 11월 7일 14시,일요일,광주광역시 북구 우산동,중상사고,0,1,1,0,차대차 - 측면충돌,안전운전불이행,건조,맑음,단일로 - 기타,자전거,남,15세,경상,이륜,남,46세,중상
2021110700100238,2021년 11월 7일 14시,일요일,광주광역시 북구 본촌동,경상사고,0,0,2,0,차대차 - 기타,안전거리미확보,건조,맑음,단일로 - 기타,화물,남,54세,상해없음,승용,여,46세,경상
2021110700100239,2021년 11월 7일 14시,일요일,광주광역시 광산구 운남동,경상사고,0,0,1,0,차대사람 - 횡단중,신호위반,건조,맑음,단일로 - 기타,이륜,남,41세,상해없음,보행자,남,16세,경상
2021110700100279,2021년 11월 7일 15시,일요일,광주광역시 서구 광천동,경상사고,0,0,2,0,차대차 - 기타,안전거리미확보,건조,맑음,단일로 - 기타,승용,여,50세,상해없음,승합,남,65세,상해없음
2021110700100280,2021년 11월 7일 15시,일요일,광주광역시 북구 매곡동,경상사고,0,0,2,0,차대차 - 추돌,안전운전불이행,건조,맑음,교차로 - 교차로부근,승용,남,42세,상해없음,승용,남,52세,경상
2021110700100322,2021년 11월 7일 16시,일요일,광주광역시 동구 산수동,경상사고,0,0,1,0,차대차 - 기타,안전운전불이행,건조,맑음,단일로 - 기타,화물,남,52세,상해없음,자전거,남,77세,경상
2021110700100382,2021년 11월 7일 18시,일요일,광주광역시 북구 용봉동,경상사고,0,0,3,0,차대차 - 추돌,안전운전불이행,건조,맑음,단일로 - 기타,승용,여,60세,상해없음,승용,남,31세,경상
2021110700100406,2021년 11월 7일 19시,일요일,광주광역시 광산구 우산동,경상사고,0,0,1,0,차대차 - 측면충돌,교차로운행방법위반,건조,맑음,교차로 - 교차로안,승용,여,38세,상해없음,승용,남,58세,경상
2021110700100487,2021년 11월 7일 23시,일요일,광주광역시 광산구 산정동,경상사고,0,0,4,0,차대차 - 측면충돌,교차로운행방법위반,건조,맑음,교차로 - 교차로안,승용,여,35세,상해없음,승용,남,25세,경상
2021110800100011,2021년 11월 8일 00시,월요일,광주광역시 광산구 쌍암동,경상사고,0,0,1,0,차대차 - 추돌,안전운전불이행,건조,맑음,교차로 - 교차로부근,승용,남,42세,상해없음,승용,여,56세,경상
2021110800100022,2021년 11월 8일 02시,월요일,광주광역시 북구 임동,중상사고,0,1,4,0,차대차 - 측면충돌,신호위반,건조,맑음,교차로 - 교차로안,이륜,남,27세,중상,승용,남,66세,경상
2021110800100129,2021년 11월 8일 08시,월요일,광주광역시 서구 치평동,경상사고,0,0,1,0,차대차 - 기타,교차로운행방법위반,젖음/습기,비,교차로 - 교차로안,승용,남,38세,상해없음,승용,여,37세,경상
2021110800100130,2021년 11월 8일 08시,월요일,광주광역시 북구 양산동,경상사고,0,0,2,0,차대차 - 측면충돌,안전운전불이행,젖음/습기,비,교차로 - 교차로안,승용,남,43세,상해없음,승용,남,38세,경상
2021110800100131,2021년 11월 8일 08시,월요일,광주광역시 북구 오치동,경상사고,0,0,1,0,차대차 - 측면충돌,안전운전불이행,젖음/습기,비,단일로 - 기타,승용,남,26세,기타불명,승용,여,42세,경상
2021110800100132,2021년 11월 8일 08시,월요일,광주광역시 광산구 연산동,경상사고,0,0,1,0,차대차 - 기타,신호위반,젖음/습기,비,교차로 - 교차로안,승용,남,21세,기타불명,승용,남,73세,상해없음
2021110800100312,2021년 11월 8일 13시,월요일,광주광역시 서구 쌍촌동,경상사고,0,0,1,0,차대차 - 측면충돌,교차로운행방법위반,건조,맑음,교차로 - 교차로안,승용,남,58세,상해없음,이륜,여,34세,경상
2021110800100345,2021년 11월 8일 14시,월요일,광주광역시 서구 화정동,경상사고,0,0,1,0,차대차 - 후진중충돌,안전운전불이행,건조,맑음,단일로 - 기타,승용,남,59세,상해없음,승용,여,24세,경상
2021110800100418,2021년 11월 8일 16시,월요일,광주광역시 북구 중흥동,경상사고,0,0,1,0,차대차 - 측면충돌,안전운전불이행,건조,맑음,단일로 - 기타,승용,여,46세,상해없음,자전거,남,59세,경상
2021110800100471,2021년 11월 8일 17시,월요일,광주광역시 북구 운암동,중상사고,0,1,0,0,차대차 - 기타,안전운전불이행,젖음/습기,흐림,교차로 - 교차로안,화물,남,57세,상해없음,이륜,남,31세,중상
2021110800100472,2021년 11월 8일 17시,월요일,광주광역시 광산구 삼거동,경상사고,0,0,1,0,차대차 - 추돌,안전거리미확보,건조,흐림,단일로 - 기타,승용,여,43세,상해없음,승합,남,62세,경상
2021110800100473,2021년 11월 8일 17시,월요일,광주광역시 광산구 삼거동,경상사고,0,0,4,0,차대차 - 추돌,안전거리미확보,건조,맑음,단일로 - 기타,승용,남,64세,상해없음,승용,남,32세,경상
2021110800100538,2021년 11월 8일 18시,월요일,광주광역시 광산구 신창동,경상사고,0,0,1,0,차대사람 - 횡단중,신호위반,건조,맑음,교차로 - 교차로안,승용,여,53세,상해없음,보행자,여,50세,경상
2021110800100589,2021년 11월 8일 19시,월요일,광주광역시 서구 쌍촌동,경상사고,0,0,1,0,차대차 - 측면충돌,안전운전불이행,건조,맑음,단일로 - 기타,승용,여,54세,상해없음,이륜,남,40세,경상
2021110800100590,2021년 11월 8일 19시,월요일,광주광역시 서구 동천동,경상사고,0,0,1,0,차대차 - 기타,신호위반,건조,맑음,교차로 - 교차로안,이륜,남,36세,상해없음,승용,남,31세,경상
2021110800100591,2021년 11월 8일 19시,월요일,광주광역시 북구 신안동,경상사고,0,0,1,0,차대차 - 측면충돌,안전운전불이행,건조,맑음,교차로 - 교차로안,승용,남,62세,상해없음,개인형이동수단(PM),남,24세,경상
2021110800100655,2021년 11월 8일 21시,월요일,광주광역시 광산구 도산동,경상사고,0,0,1,0,차대차 - 측면충돌,안전거리미확보,건조,맑음,단일로 - 기타,승용,남,72세,상해없음,승용,남,39세,경상
2021110800100673,2021년 11월 8일 22시,월요일,광주광역시 북구 동림동,경상사고,0,0,1,0,차대차 - 추돌,안전운전불이행,젖음/습기,흐림,교차로 - 교차로부근,승용,남,39세,상해없음,승용,남,53세,경상
2021110900100016,2021년 11월 9일 00시,화요일,광주광역시 광산구 쌍암동,경상사고,0,0,1,0,차대차 - 측면충돌,신호위반,건조,맑음,교차로 - 교차로안,승용,남,34세,상해없음,승용,여,39세,경상
2021110900100022,2021년 11월 9일 01시,화요일,광주광역시 서구 치평동,경상사고,0,0,1,0,차대차 - 측면충돌,안전운전불이행,건조,맑음,단일로 - 기타,승용,여,34세,상해없음,승용,남,20세,경상
2021110900100073,2021년 11월 9일 07시,화요일,광주광역시 광산구 선암동,경상사고,0,0,1,0,차대차 - 추돌,안전운전불이행,건조,흐림,단일로 - 기타,승용,남,23세,상해없음,승용,여,61세,경상
2021110900100076,2021년 11월 9일 07시,화요일,광주광역시 광산구 산정동,경상사고,0,0,1,0,차대차 - 후진중충돌,불법유턴,건조,맑음,단일로 - 기타,승용,남,39세,상해없음,이륜,남,50세,경상
2021110900100111,2021년 11월 9일 08시,화요일,광주광역시 남구 주월동,경상사고,0,0,1,0,차대차 - 추돌,안전운전불이행,건조,맑음,단일로 - 기타,승용,남,22세,상해없음,승용,여,30세,경상
2021110900100143,2021년 11월 9일 09시,화요일,광주광역시 서구 내방동,중상사고,0,1,0,0,차대사람 - 횡단중,안전운전불이행,건조,맑음,단일로 - 기타,원동기,여,40세,상해없음,보행자,여,78세,중상
2021110900100144,2021년 11월 9일 09시,화요일,광주광역시 광산구 쌍암동,경상사고,0,0,1,0,차대사람 - 보도통행중,안전운전불이행,건조,맑음,교차로 - 교차로부근,승용,남,67세,상해없음,보행자,남,46세,경상
2021110900100174,2021년 11월 9일 10시,화요일,광주광역시 북구 양산동,중상사고,0,1,0,0,차대사람 - 기타,안전운전불이행,젖음/습기,흐림,단일로 - 기타,승용,남,61세,상해없음,보행자,여,90세,중상
2021110900100224,2021년 11월 9일 11시,화요일,광주광역시 동구 산수동,경상사고,0,0,1,0,차대사람 - 기타,안전운전불이행,건조,맑음,교차로 - 교차로부근,화물,남,47세,상해없음,보행자,남,79세,경상
2021110900100225,2021년 11월 9일 11시,화요일,광주광역시 남구 월산동,경상사고,0,0,1,0,차대차 - 측면충돌,안전운전불이행,건조,맑음,교차로 - 교차로부근,승용,여,46세,상해없음,승용,여,37세,경상
2021110900100226,2021년 11월 9일 11시,화요일,광주광역시 북구 동림동,경상사고,0,0,4,0,차대차 - 측면충돌,중앙선침범,젖음/습기,흐림,단일로 - 기타,승용,여,18세,경상,화물,기타불명,미분류,기타불명
2021110900100227,2021년 11월 9일 11시,화요일,광주광역시 광산구 도천동,경상사고,0,0,3,0,차대차 - 측면충돌,직진우회전진행방해,건조,흐림,교차로 - 교차로안,승용,남,69세,경상,승용,남,30세,경상
2021110900100255,2021년 11월 9일 12시,화요일,광주광역시 남구 방림동,경상사고,0,0,1,0,차대차 - 기타,안전거리미확보,건조,맑음,단일로 - 기타,승용,남,31세,상해없음,이륜,남,37세,경상
2021110900100285,2021년 11월 9일 13시,화요일,광주광역시 북구 동림동,경상사고,0,0,2,0,차대차 - 기타,차로위반,건조,맑음,단일로 - 기타,승용,여,23세,상해없음,승용,남,60세,상해없음
2021110900100286,2021년 11월 9일 13시,화요일,광주광역시 광산구 송정동,경상사고,0,0,2,0,차대차 - 측면충돌,신호위반,건조,맑음,단일로 - 기타,화물,남,59세,기타불명,승용,여,39세,경상
2021110900100350,2021년 11월 9일 15시,화요일,광주광역시 광산구 안청동,경상사고,0,0,1,0,차대차 - 기타,교차로운행방법위반,건조,맑음,교차로 - 교차로안,화물,남,24세,상해없음,승용,남,46세,경상
2021110900100394,2021년 11월 9일 16시,화요일,광주광역시 서구 쌍촌동,경상사고,0,0,1,0,차대차 - 기타,직진우회전진행방해,건조,맑음,교차로 - 교차로안,승용,여,49세,상해없음,승용,여,52세,경상
2021110900100395,2021년 11월 9일 16시,화요일,광주광역시 광산구 신창동,경상사고,0,0,1,0,차대차 - 추돌,안전운전불이행,건조,맑음,단일로 - 기타,승용,남,38세,상해없음,승용,남,44세,경상
2021110900100452,2021년 11월 9일 17시,화요일,광주광역시 동구 학동,중상사고,0,1,0,0,차대사람 - 횡단중,안전운전불이행,젖음/습기,비,단일로 - 기타,승용,여,49세,상해없음,보행자,여,23세,중상
2021110900100453,2021년 11월 9일 17시,화요일,광주광역시 남구 백운동,중상사고,0,1,0,0,차대차 - 기타,안전운전불이행,건조,맑음,교차로 - 교차로안,승용,남,72세,상해없음,이륜,남,49세,중상
2021110900100519,2021년 11월 9일 18시,화요일,광주광역시 남구 주월동,경상사고,0,0,1,0,차대차 - 측면충돌,안전거리미확보,젖음/습기,흐림,단일로 - 기타,화물,남,23세,상해없음,승용,남,42세,경상
2021110900100608,2021년 11월 9일 20시,화요일,광주광역시 광산구 운남동,경상사고,0,0,1,0,차대사람 - 횡단중,신호위반,건조,맑음,교차로 - 교차로횡단보도내,승용,여,20세,상해없음,보행자,남,10세,경상
2021110900100632,2021년 11월 9일 21시,화요일,광주광역시 남구 송하동,중상사고,0,1,0,0,차대차 - 측면충돌,중앙선침범,젖음/습기,흐림,단일로 - 기타,승용,남,37세,상해없음,승용,남,62세,중상
2021110900100633,2021년 11월 9일 21시,화요일,광주광역시 광산구 송정동,경상사고,0,0,2,0,차대차 - 측면충돌,안전운전불이행,젖음/습기,비,단일로 - 기타,승용,남,41세,상해없음,승용,남,47세,경상
2021110900100660,2021년 11월 9일 22시,화요일,광주광역시 북구 두암동,경상사고,0,0,1,0,차대사람 - 기타,안전운전불이행,건조,맑음,단일로 - 기타,승용,남,67세,상해없음,보행자,남,17세,경상
2021111000100016,2021년 11월 10일 00시,수요일,광주광역시 광산구 신가동,경상사고,0,0,1,0,차대차 - 측면충돌,안전운전불이행,건조,맑음,단일로 - 기타,화물,남,39세,상해없음,이륜,남,24세,경상
2021111000100017,2021년 11월 10일 00시,수요일,광주광역시 광산구 서봉동,경상사고,0,0,4,0,차대차 - 추돌,안전운전불이행,건조,맑음,교차로 - 교차로부근,승용,여,39세,경상,승용,남,48세,경상
2021111000100038,2021년 11월 10일 04시,수요일,광주광역시 북구 동림동,중상사고,0,3,0,0,차대차 - 정면충돌,중앙선침범,젖음/습기,비,단일로 - 기타,승용,남,22세,중상,승용,남,64세,중상
2021111000100100,2021년 11월 10일 07시,수요일,광주광역시 서구 쌍촌동,경상사고,0,0,1,0,차대차 - 기타,안전거리미확보,젖음/습기,비,단일로 - 기타,화물,남,54세,상해없음,승용,남,59세,경상
2021111000100101,2021년 11월 10일 07시,수요일,광주광역시 광산구 송정동,중상사고,0,1,0,0,차대차 - 측면충돌,직진우회전진행방해,젖음/습기,비,교차로 - 교차로안,승용,남,60세,상해없음,자전거,남,66세,중상
2021111000100145,2021년 11월 10일 08시,수요일,광주광역시 동구 호남동,부상신고사고,0,0,0,1,차대차 - 기타,안전운전불이행,젖음/습기,비,교차로 - 교차로부근,이륜,남,25세,부상신고,승합,남,50세,상해없음
2021111000100146,2021년 11월 10일 08시,수요일,광주광역시 남구 주월동,경상사고,0,0,1,0,차대차 - 측면충돌,신호위반,건조,맑음,교차로 - 교차로안,승용,여,28세,상해없음,승용,남,42세,경상
2021111000100220,2021년 11월 10일 11시,수요일,광주광역시 광산구 송정동,중상사고,0,1,0,0,차대사람 - 기타,안전운전불이행,젖음/습기,비,교차로 - 교차로부근,승용,여,38세,기타불명,보행자,남,68세,중상
2021111000100242,2021년 11월 10일 12시,수요일,광주광역시 서구 금호동,경상사고,0,0,1,0,차대차 - 기타,안전운전불이행,건조,맑음,교차로 - 교차로안,이륜,남,44세,경상,승용,남,59세,상해없음
2021111000100300,2021년 11월 10일 14시,수요일,광주광역시 서구 내방동,경상사고,0,0,1,0,차대차 - 측면충돌,안전운전불이행,젖음/습기,비,단일로 - 기타,화물,남,55세,상해없음,승용,남,33세,경상
2021111000100301,2021년 11월 10일 14시,수요일,광주광역시 북구 동림동,부상신고사고,0,0,0,1,차대차 - 기타,안전운전불이행,건조,맑음,단일로 - 지하차도(도로)내,기타불명,기타불명,미분류,기타불명,이륜,남,56세,부상신고
2021111000100345,2021년 11월 10일 15시,수요일,광주광역시 서구 화정동,경상사고,0,0,1,0,차대사람 - 횡단중,보행자보호의무위반,젖음/습기,비,단일로 - 기타,승용,남,40세,상해없음,보행자,남,43세,경상
2021111000100346,2021년 11월 10일 15시,수요일,광주광역시 서구 농성동,경상사고,0,0,1,1,차대차 - 기타,신호위반,젖음/습기,비,교차로 - 교차로안,승용,여,60세,부상신고,승용,남,57세,경상
2021111000100347,2021년 11월 10일 15시,수요일,광주광역시 광산구 장덕동,경상사고,0,0,1,0,차대사람 - 횡단중,신호위반,건조,맑음,교차로 - 교차로횡단보도내,승용,여,66세,상해없음,보행자,여,15세,경상
2021111000100348,2021년 11월 10일 15시,수요일,광주광역시 광산구 운남동,경상사고,0,0,1,0,차대차 - 측면충돌,직진우회전진행방해,젖음/습기,비,교차로 - 교차로안,화물,남,54세,기타불명,승용,남,41세,경상
2021111000100381,2021년 11월 10일 16시,수요일,광주광역시 광산구 수완동,경상사고,0,0,2,0,차대차 - 기타,안전거리미확보,젖음/습기,맑음,단일로 - 기타,승용,남,53세,기타불명,승용,남,32세,경상
2021111000100423,2021년 11월 10일 17시,수요일,광주광역시 서구 치평동,경상사고,0,0,4,0,차대차 - 측면충돌,신호위반,젖음/습기,비,교차로 - 교차로안,승용,남,63세,상해없음,승용,남,37세,경상
2021111000100424,2021년 11월 10일 17시,수요일,광주광역시 남구 행암동,경상사고,0,0,1,0,차대차 - 추돌,안전운전불이행,건조,맑음,단일로 - 기타,화물,남,59세,상해없음,승용,남,31세,경상
2021111000100479,2021년 11월 10일 18시,수요일,광주광역시 서구 금호동,경상사고,0,0,1,0,차대차 - 측면충돌,직진우회전진행방해,젖음/습기,비,교차로 - 교차로안,승용,여,47세,상해없음,이륜,남,31세,경상
2021111000100480,2021년 11월 10일 18시,수요일,광주광역시 서구 화정동,경상사고,0,0,2,0,차대차 - 측면충돌,안전거리미확보,젖음/습기,맑음,단일로 - 기타,승용,남,39세,상해없음,승용,남,71세,경상
2021111000100481,2021년 11월 10일 18시,수요일,광주광역시 서구 농성동,중상사고,0,1,0,0,차대사람 - 기타,안전운전불이행,젖음/습기,비,교차로 - 교차로안,승용,남,49세,상해없음,보행자,여,80세,중상
2021111000100482,2021년 11월 10일 18시,수요일,광주광역시 북구 연제동,경상사고,0,0,2,0,차대차 - 추돌,안전운전불이행,젖음/습기,비,교차로 - 교차로부근,승용,여,41세,상해없음,승용,남,40세,경상
2021111000100483,2021년 11월 10일 18시,수요일,광주광역시 북구 누문동,경상사고,0,0,1,0,차대차 - 기타,안전운전불이행,건조,맑음,단일로 - 기타,승용,남,62세,상해없음,승용,여,32세,경상
2021111000100484,2021년 11월 10일 18시,수요일,광주광역시 광산구 고룡동,경상사고,0,0,1,0,차대차 - 추돌,중앙선침범,젖음/습기,비,단일로 - 기타,기타불명,기타불명,미분류,기타불명,승용,남,45세,상해없음
2021111000100527,2021년 11월 10일 19시,수요일,광주광역시 남구 진월동,경상사고,0,0,1,0,차대차 - 기타,안전거리미확보,건조,맑음,기타 - 기타,승용,남,48세,상해없음,승용,여,46세,경상
2021111000100565,2021년 11월 10일 20시,수요일,광주광역시 서구 쌍촌동,경상사고,0,0,1,0,차대사람 - 기타,신호위반,젖음/습기,비,교차로 - 교차로안,이륜,남,30세,상해없음,보행자,여,21세,경상
2021111000100566,2021년 11월 10일 20시,수요일,광주광역시 북구 용봉동,중상사고,0,1,0,0,차대사람 - 차도통행중,안전운전불이행,젖음/습기,비,교차로 - 교차로부근,승용,남,36세,상해없음,보행자,여,23세,중상
2021111000100589,2021년 11월 10일 21시,수요일,광주광역시 동구 학동,경상사고,0,0,1,0,차대차 - 측면충돌,신호위반,젖음/습기,비,교차로 - 교차로안,승용,여,45세,상해없음,승용,여,40세,경상
2021111000100590,2021년 11월 10일 21시,수요일,광주광역시 북구 오치동,경상사고,0,0,1,0,차대사람 - 기타,안전운전불이행,젖음/습기,비,단일로 - 기타,승용,남,61세,상해없음,보행자,남,43세,경상
2021111000100614,2021년 11월 10일 22시,수요일,광주광역시 서구 화정동,경상사고,0,0,2,0,차대차 - 측면충돌,신호위반,젖음/습기,비,교차로 - 교차로안,승용,남,33세,상해없음,승용,남,32세,경상
2021111100100028,2021년 11월 11일 02시,목요일,광주광역시 북구 오치동,경상사고,0,0,2,0,차대차 - 측면충돌,안전운전불이행,젖음/습기,비,단일로 - 기타,이륜,남,23세,상해없음,승용,남,29세,경상
2021111100100061,2021년 11월 11일 06시,목요일,광주광역시 광산구 소촌동,경상사고,0,0,2,0,차대차 - 측면충돌,차로위반,건조,맑음,단일로 - 기타,화물,여,53세,상해없음,승용,남,74세,경상
2021111100100101,2021년 11월 11일 07시,목요일,광주광역시 북구 동림동,경상사고,0,0,2,0,차대차 - 기타,안전운전불이행,젖음/습기,맑음,단일로 - 기타,승용,남,25세,경상,화물,남,48세,경상
2021111100100102,2021년 11월 11일 07시,목요일,광주광역시 광산구 수완동,경상사고,0,0,2,0,차대차 - 측면충돌,교차로운행방법위반,건조,맑음,교차로 - 교차로안,승용,남,29세,상해없음,화물,남,64세,경상
2021111100100148,2021년 11월 11일 08시,목요일,광주광역시 서구 벽진동,경상사고,0,0,2,0,차대차 - 측면충돌,안전거리미확보,건조,맑음,교차로 - 교차로부근,승용,여,29세,상해없음,승용,여,31세,경상
2021111100100329,2021년 11월 11일 14시,목요일,광주광역시 북구 매곡동,경상사고,0,0,2,0,차대차 - 추돌,안전거리미확보,건조,맑음,교차로 - 교차로안,승용,남,39세,상해없음,승용,여,45세,경상
2021111100100330,2021년 11월 11일 14시,목요일,광주광역시 광산구 우산동,경상사고,0,0,1,0,차대차 - 측면충돌,신호위반,건조,맑음,교차로 - 교차로안,승용,남,79세,상해없음,승용,여,29세,경상
2021111100100362,2021년 11월 11일 15시,목요일,광주광역시 북구 두암동,경상사고,0,0,2,0,차대차 - 기타,안전운전불이행,건조,맑음,단일로 - 기타,승합,남,67세,경상,화물,남,26세,상해없음
2021111100100403,2021년 11월 11일 16시,목요일,광주광역시 서구 농성동,경상사고,0,0,2,0,차대차 - 측면충돌,안전거리미확보,건조,맑음,단일로 - 기타,승용,여,56세,경상,승용,남,38세,경상
2021111100100404,2021년 11월 11일 16시,목요일,광주광역시 서구 치평동,경상사고,0,0,2,0,차대차 - 측면충돌,교차로운행방법위반,건조,맑음,교차로 - 교차로부근,화물,남,60세,상해없음,승용,남,72세,상해없음
2021111100100405,2021년 11월 11일 16시,목요일,광주광역시 북구 운암동,경상사고,0,0,1,0,차대차 - 추돌,안전운전불이행,건조,맑음,단일로 - 교량,승용,남,62세,상해없음,승용,남,51세,경상
2021111100100457,2021년 11월 11일 17시,목요일,광주광역시 서구 서창동,경상사고,0,0,2,0,차대차 - 정면충돌,안전운전불이행,건조,맑음,교차로 - 교차로안,승용,남,42세,상해없음,승용,여,27세,경상
2021111100100458,2021년 11월 11일 17시,목요일,광주광역시 북구 양산동,경상사고,0,0,1,0,차대차 - 기타,안전운전불이행,건조,맑음,교차로 - 교차로횡단보도내,승용,여,51세,상해없음,이륜,남,22세,경상
2021111100100459,2021년 11월 11일 17시,목요일,광주광역시 광산구 하남동,경상사고,0,0,1,0,차대차 - 측면충돌,안전운전불이행,젖음/습기,맑음,교차로 - 교차로안,화물,여,30세,상해없음,이륜,남,32세,경상
2021111100100512,2021년 11월 11일 18시,목요일,광주광역시 북구 신안동,경상사고,0,0,2,1,차대차 - 기타,안전운전불이행,건조,맑음,교차로 - 교차로안,이륜,남,19세,부상신고,승용,남,55세,경상
2021111100100513,2021년 11월 11일 18시,목요일,광주광역시 광산구 장덕동,중상사고,0,1,0,0,차대차 - 기타,안전운전불이행,젖음/습기,비,교차로 - 교차로안,이륜,남,31세,중상,승용,남,37세,상해없음
2021111100100559,2021년 11월 11일 19시,목요일,광주광역시 동구 동명동,경상사고,0,0,1,0,차대차 - 측면충돌,안전거리미확보,건조,맑음,교차로 - 교차로횡단보도내,승용,여,68세,상해없음,승용,여,24세,경상
2021111100100560,2021년 11월 11일 19시,목요일,광주광역시 남구 월산동,경상사고,0,0,1,0,차대차 - 측면충돌,신호위반,건조,맑음,교차로 - 교차로안,승용,여,63세,상해없음,이륜,남,38세,경상
2021111100100561,2021년 11월 11일 19시,목요일,광주광역시 광산구 비아동,경상사고,0,0,1,0,차대차 - 기타,신호위반,건조,맑음,교차로 - 교차로안,승용,남,26세,상해없음,승용,남,35세,경상
2021111100100587,2021년 11월 11일 20시,목요일,광주광역시 동구 수기동,경상사고,0,0,4,2,차대차 - 측면충돌,교차로운행방법위반,젖음/습기,비,교차로 - 교차로안,승용,남,42세,부상신고,승용,남,24세,경상
2021111100100588,2021년 11월 11일 20시,목요일,광주광역시 광산구 월계동,경상사고,0,0,1,0,차대차 - 기타,안전운전불이행,젖음/습기,비,교차로 - 교차로안,승용,여,53세,상해없음,이륜,남,27세,경상