사고번호,사고일시,요일,시군구,사고내용,사망자수,중상자수,경상자수,부상신고자수,사고유형,법규위반,노면상태,기상상태,도로형태,가해운전자 차종,가해운전자 성별,가해운전자 연령,가해운전자 상해정도,피해운전자 차종,피해운전자 성별,피해운전자 연령,피해운전자 상해정도
2021111100100608,2021년 11월 11일 21시,목요일,광주광역시 서구 유촌동,경상사고,0,0,2,0,차대차 - 기타,차로위반,젖음/습기,비,단일로 - 기타,승용,남,42세,상해없음,승용,남,59세,경상
2021111200100013,2021년 11월 12일 00시,금요일,광주광역시 서구 금호동,부상신고사고,0,0,0,1,차대사람 - 횡단중,안전운전불이행,건조,맑음,단일로 - 기타,승용,남,46세,상해없음,보행자,남,7세,부상신고
2021111200100027,2021년 11월 12일 02시,금요일,광주광역시 북구 연제동,경상사고,0,0,1,0,차량단독 - 도로외이탈 - 추락,안전운전불이행,건조,맑음,교차로 - 교차로부근,승용,남,30세,상해없음,,,,
2021111200100033,2021년 11월 12일 03시,금요일,광주광역시 동구 불로동,경상사고,0,0,1,0,차대차 - 기타,안전운전불이행,건조,맑음,단일로 - 기타,승용,남,21세,상해없음,승용,남,43세,경상
2021111200100051,2021년 11월 12일 05시,금요일,광주광역시 북구 중흥동,사망사고,1,0,0,0,차대차 - 기타,안전거리미확보,젖음/습기,비,단일로 - 기타,자전거,남,71세,사망,화물,남,52세,상해없음
2021111200100065,2021년 11월 12일 06시,금요일,광주광역시 북구 두암동,경상사고,0,0,1,0,차대차 - 기타,신호위반,기타,기타,교차로 - 교차로부근,승용,남,51세,상해없음,자전거,남,65세,경상
2021111200100066,2021년 11월 12일 06시,금요일,광주광역시 북구 우산동,경상사고,0,0,2,0,차대차 - 기타,신호위반,건조,맑음,교차로 - 교차로안,승용,여,23세,경상,화물,남,61세,경상
2021111200100067,2021년 11월 12일 06시,금요일,광주광역시 북구 오치동,경상사고,0,0,1,0,차대차 - 기타,안전운전불이행,건조,맑음,단일로 - 기타,승용,여,53세,경상,승용,여,53세,상해없음
2021111200100125,2021년 11월 12일 08시,금요일,광주광역시 서구 풍암동,경상사고,0,0,1,0,차대차 - 기타,안전운전불이행,건조,맑음,교차로 - 교차로안,승용,남,47세,경상,화물,남,33세,상해없음
2021111200100224,2021년 11월 12일 11시,금요일,광주광역시 광산구 장덕동,경상사고,0,0,1,0,차대차 - 측면충돌,안전운전불이행,건조,맑음,교차로 - 교차로안,화물,남,27세,상해없음,이륜,남,36세,경상
2021111200100225,2021년 11월 12일 11시,금요일,광주광역시 광산구 송정동,경상사고,0,0,1,0,차대사람 - 길가장자리구역통행중,안전운전불이행,건조,맑음,교차로 - 교차로안,승용,남,66세,상해없음,보행자,남,78세,경상
2021111200100265,2021년 11월 12일 12시,금요일,광주광역시 서구 쌍촌동,중상사고,0,1,0,0,차대사람 - 기타,안전운전불이행,건조,맑음,단일로 - 기타,승용,남,58세,상해없음,보행자,여,55세,중상
2021111200100284,2021년 11월 12일 13시,금요일,광주광역시 광산구 신창동,경상사고,0,0,5,0,차대차 - 측면충돌,기타,건조,맑음,단일로 - 기타,승용,남,55세,상해없음,승용,남,24세,경상
2021111200100297,2021년 11월 12일 13시,금요일,광주광역시 동구 대인동,경상사고,0,0,1,0,차대사람 - 기타,안전운전불이행,건조,맑음,단일로 - 기타,화물,남,48세,상해없음,보행자,남,87세,경상
2021111200100329,2021년 11월 12일 14시,금요일,광주광역시 동구 서석동,경상사고,0,0,1,0,차대차 - 기타,안전거리미확보,건조,맑음,단일로 - 기타,승용,여,60세,상해없음,승용,여,48세,경상
2021111200100375,2021년 11월 12일 15시,금요일,광주광역시 광산구 장덕동,경상사고,0,0,1,0,차대차 - 측면충돌,안전거리미확보,건조,맑음,교차로 - 교차로안,승합,남,63세,상해없음,승용,남,36세,경상
2021111200100415,2021년 11월 12일 16시,금요일,광주광역시 북구 양산동,경상사고,0,0,1,0,차대차 - 측면충돌,교차로운행방법위반,젖음/습기,흐림,교차로 - 교차로안,화물,남,35세,상해없음,승용,여,31세,경상
2021111200100458,2021년 11월 12일 17시,금요일,광주광역시 북구 삼각동,경상사고,0,0,1,0,차대차 - 추돌,안전운전불이행,건조,흐림,단일로 - 기타,승용,남,52세,상해없음,승용,남,43세,경상
2021111200100459,2021년 11월 12일 17시,금요일,광주광역시 광산구 쌍암동,경상사고,0,0,2,0,차대차 - 추돌,안전운전불이행,건조,흐림,단일로 - 기타,승용,여,53세,상해없음,승용,여,49세,경상
2021111200100516,2021년 11월 12일 18시,금요일,광주광역시 서구 치평동,경상사고,0,0,1,0,차대차 - 추돌,안전거리미확보,건조,맑음,단일로 - 기타,승용,남,55세,기타불명,승용,남,42세,경상
2021111200100517,2021년 11월 12일 18시,금요일,광주광역시 북구 두암동,경상사고,0,0,1,1,차대차 - 정면충돌,중앙선침범,건조,맑음,단일로 - 기타,이륜,남,22세,부상신고,이륜,남,54세,경상
2021111200100563,2021년 11월 12일 19시,금요일,광주광역시 서구 쌍촌동,경상사고,0,0,4,1,차대차 - 측면충돌,신호위반,건조,맑음,교차로 - 교차로안,승용,여,50세,부상신고,승용,남,31세,경상
2021111200100564,2021년 11월 12일 19시,금요일,광주광역시 서구 쌍촌동,경상사고,0,0,1,0,차대사람 - 기타,안전운전불이행,건조,맑음,단일로 - 기타,화물,남,62세,상해없음,보행자,남,26세,경상
2021111200100565,2021년 11월 12일 19시,금요일,광주광역시 북구 운암동,경상사고,0,0,1,0,차대차 - 추돌,안전운전불이행,건조,맑음,단일로 - 기타,승용,여,51세,상해없음,승용,여,27세,경상
2021111200100601,2021년 11월 12일 20시,금요일,광주광역시 북구 양산동,경상사고,0,0,1,1,차대차 - 측면충돌,안전운전불이행,건조,흐림,단일로 - 기타,이륜,남,40세,부상신고,승용,남,29세,경상
2021111200100658,2021년 11월 12일 22시,금요일,광주광역시 북구 본촌동,부상신고사고,0,0,0,1,차량단독 - 공작물충돌,안전운전불이행,건조,맑음,교차로 - 교차로부근,승용,남,45세,부상신고,,,,
2021111200100659,2021년 11월 12일 22시,금요일,광주광역시 북구 용봉동,경상사고,0,0,1,0,차대차 - 추돌,안전운전불이행,젖음/습기,흐림,교차로 - 교차로부근,승용,남,25세,상해없음,승용,여,31세,경상
2021111300100186,2021년 11월 13일 10시,토요일,광주광역시 북구 양산동,중상사고,0,1,0,0,차대차 - 기타,안전운전불이행,건조,맑음,단일로 - 기타,자전거,남,12세,중상,승용,여,53세,상해없음
2021111300100232,2021년 11월 13일 11시,토요일,광주광역시 서구 농성동,경상사고,0,0,1,0,차대사람 - 기타,안전운전불이행,건조,맑음,단일로 - 기타,승용,남,40세,상해없음,보행자,남,71세,경상
2021111300100386,2021년 11월 13일 15시,토요일,광주광역시 광산구 신가동,경상사고,0,0,2,0,차대차 - 추돌,안전운전불이행,건조,맑음,단일로 - 기타,승용,여,31세,경상,승용,남,40세,경상
2021111300100419,2021년 11월 13일 16시,토요일,광주광역시 남구 방림동,경상사고,0,0,1,0,차대차 - 기타,안전거리미확보,건조,맑음,교차로 - 교차로안,승용,남,28세,상해없음,승용,여,26세,경상
2021111300100462,2021년 11월 13일 17시,토요일,광주광역시 동구 황금동,경상사고,0,0,1,0,차대사람 - 기타,안전운전불이행,건조,맑음,단일로 - 기타,승용,여,20세,상해없음,보행자,여,14세,경상
2021111300100463,2021년 11월 13일 17시,토요일,광주광역시 서구 광천동,경상사고,0,0,2,0,차대차 - 측면충돌,안전운전불이행,건조,맑음,단일로 - 기타,승용,남,26세,경상,승용,여,47세,경상
2021111300100464,2021년 11월 13일 17시,토요일,광주광역시 광산구 신가동,부상신고사고,0,0,0,1,차대차 - 측면충돌,안전운전불이행,건조,흐림,교차로 - 교차로부근,이륜,남,78세,부상신고,화물,남,49세,상해없음
2021111300100578,2021년 11월 13일 20시,토요일,광주광역시 북구 매곡동,경상사고,0,0,1,0,차대차 - 측면충돌,안전운전불이행,건조,맑음,단일로 - 기타,개인형이동수단(PM),남,13세,상해없음,이륜,남,21세,경상
2021111300100607,2021년 11월 13일 21시,토요일,광주광역시 서구 농성동,경상사고,0,0,1,0,차대차 - 측면충돌,안전운전불이행,건조,맑음,단일로 - 기타,승용,남,35세,상해없음,이륜,남,19세,경상
2021111300100608,2021년 11월 13일 21시,토요일,광주광역시 북구 운암동,경상사고,0,0,1,0,차대차 - 측면충돌,안전운전불이행,건조,맑음,교차로 - 교차로안,승용,남,75세,상해없음,승용,남,39세,경상
2021111300100637,2021년 11월 13일 22시,토요일,광주광역시 남구 송하동,경상사고,0,0,2,0,차대차 - 기타,신호위반,건조,맑음,교차로 - 교차로안,이륜,남,41세,상해없음,승용,남,59세,경상
2021111300100656,2021년 11월 13일 23시,토요일,광주광역시 북구 용봉동,경상사고,0,0,1,0,차대사람 - 기타,안전운전불이행,건조,맑음,단일로 - 기타,승용,남,62세,상해없음,보행자,남,39세,경상
2021111400100043,2021년 11월 14일 02시,일요일,광주광역시 서구 쌍촌동,중상사고,0,1,0,0,차대사람 - 기타,안전운전불이행,건조,맑음,단일로 - 기타,승용,남,66세,상해없음,보행자,남,27세,중상
2021111400100044,2021년 11월 14일 02시,일요일,광주광역시 남구 구동,경상사고,0,0,1,0,차대차 - 측면충돌,안전거리미확보,건조,맑음,교차로 - 교차로안,승용,여,20세,상해없음,승용,남,58세,경상
2021111400100045,2021년 11월 14일 02시,일요일,광주광역시 북구 오치동,경상사고,0,0,2,0,차대차 - 측면충돌,안전운전불이행,건조,맑음,교차로 - 교차로안,승용,여,27세,경상,이륜,남,18세,경상
2021111400100059,2021년 11월 14일 03시,일요일,광주광역시 광산구 쌍암동,경상사고,0,0,1,0,차대차 - 후진중충돌,안전운전불이행,건조,맑음,교차로 - 교차로부근,승용,여,54세,상해없음,승용,남,27세,경상
2021111400100084,2021년 11월 14일 07시,일요일,광주광역시 서구 치평동,경상사고,0,0,2,0,차대사람 - 횡단중,보행자보호의무위반,건조,맑음,교차로 - 교차로횡단보도내,화물,남,51세,상해없음,보행자,남,66세,경상
2021111400100085,2021년 11월 14일 07시,일요일,광주광역시 북구 일곡동,경상사고,0,0,1,0,차대차 - 측면충돌,안전운전불이행,건조,맑음,단일로 - 기타,승용,남,27세,경상,화물,남,61세,기타불명
2021111400100103,2021년 11월 14일 09시,일요일,광주광역시 서구 풍암동,경상사고,0,0,1,0,차대차 - 측면충돌,안전거리미확보,건조,맑음,교차로 - 교차로안,승용,남,65세,상해없음,승용,남,30세,경상
2021111400100127,2021년 11월 14일 10시,일요일,광주광역시 북구 양산동,경상사고,0,0,1,0,차대차 - 측면충돌,안전운전불이행,건조,맑음,단일로 - 기타,승용,남,56세,상해없음,이륜,남,23세,경상
2021111400100128,2021년 11월 14일 10시,일요일,광주광역시 북구 각화동,경상사고,0,0,1,0,차대차 - 기타,안전운전불이행,건조,맑음,단일로 - 기타,승용,남,69세,상해없음,승용,여,34세,경상
2021111400100265,2021년 11월 14일 15시,일요일,광주광역시 서구 농성동,경상사고,0,0,1,0,차대차 - 추돌,안전운전불이행,건조,맑음,단일로 - 기타,승용,남,74세,상해없음,승용,여,41세,경상
2021111400100266,2021년 11월 14일 15시,일요일,광주광역시 북구 두암동,경상사고,0,0,1,0,차대차 - 기타,안전거리미확보,건조,맑음,단일로 - 기타,승용,남,55세,상해없음,승용,여,35세,경상
2021111400100293,2021년 11월 14일 16시,일요일,광주광역시 광산구 송정동,중상사고,0,1,1,0,차대차 - 측면충돌,안전운전불이행,건조,맑음,교차로 - 교차로횡단보도내,이륜,남,45세,중상,승용,남,44세,경상
2021111400100294,2021년 11월 14일 16시,일요일,광주광역시 광산구 우산동,경상사고,0,0,1,0,차대차 - 측면충돌,신호위반,건조,흐림,교차로 - 교차로안,승용,여,60세,상해없음,이륜,남,50세,경상
2021111400100295,2021년 11월 14일 16시,일요일,광주광역시 광산구 수완동,경상사고,0,0,1,0,차대차 - 기타,안전운전불이행,건조,맑음,단일로 - 기타,기타불명,기타불명,미분류,기타불명,승용,남,40세,경상
2021111400100343,2021년 11월 14일 17시,일요일,광주광역시 북구 운암동,경상사고,0,0,2,0,차대차 - 측면충돌,안전거리미확보,기타,기타,단일로 - 기타,승용,여,46세,상해없음,승용,여,19세,경상
2021111400100344,2021년 11월 14일 17시,일요일,광주광역시 북구 각화동,경상사고,0,0,2,1,차대차 - 측면충돌,안전운전불이행,건조,맑음,교차로 - 교차로부근,승용,남,43세,부상신고,승용,남,80세,경상
2021111400100380,2021년 11월 14일 18시,일요일,광주광역시 서구 농성동,경상사고,0,0,1,0,차대차 - 기타,안전운전불이행,건조,맑음,교차로 - 교차로안,승용,남,26세,상해없음,승용,남,24세,경상
2021111400100409,2021년 11월 14일 19시,일요일,광주광역시 동구 충장로2가,부상신고사고,0,0,0,1,차대사람 - 차도통행중,안전운전불이행,건조,맑음,단일로 - 기타,기타불명,기타불명,미분류,기타불명,보행자,남,21세,부상신고
2021111400100410,2021년 11월 14일 19시,일요일,광주광역시 남구 송하동,경상사고,0,0,1,0,차대차 - 기타,교차로운행방법위반,건조,맑음,교차로 - 교차로안,승용,남,54세,상해없음,승용,여,43세,상해없음
2021111400100411,2021년 11월 14일 19시,일요일,광주광역시 북구 오치동,중상사고,0,1,0,0,차대사람 - 기타,안전운전불이행,건조,맑음,교차로 - 교차로안,승용,남,64세,상해없음,보행자,여,51세,중상
2021111400100412,2021년 11월 14일 19시,일요일,광주광역시 광산구 신가동,중상사고,0,1,0,0,차대차 - 기타,안전운전불이행,건조,맑음,단일로 - 기타,승용,남,18세,상해없음,이륜,남,19세,중상
2021111400100457,2021년 11월 14일 21시,일요일,광주광역시 서구 쌍촌동,경상사고,0,0,1,0,차대차 - 기타,안전운전불이행,건조,맑음,단일로 - 기타,개인형이동수단(PM),남,32세,상해없음,개인형이동수단(PM),남,54세,경상
2021111400100458,2021년 11월 14일 21시,일요일,광주광역시 북구 임동,경상사고,0,0,1,0,차대차 - 측면충돌,안전운전불이행,건조,맑음,교차로 - 교차로횡단보도내,이륜,남,24세,경상,승용,남,59세,상해없음
2021111500100046,2021년 11월 15일 05시,월요일,광주광역시 북구 각화동,중상사고,0,1,0,0,차대차 - 측면충돌,안전운전불이행,건조,맑음,단일로 - 기타,자전거,남,70세,중상,승용,남,45세,상해없음
2021111500100082,2021년 11월 15일 07시,월요일,광주광역시 동구 산수동,경상사고,0,0,1,0,차대차 - 측면충돌,안전거리미확보,건조,맑음,교차로 - 교차로부근,승용,여,65세,기타불명,승용,남,74세,경상
2021111500100083,2021년 11월 15일 07시,월요일,광주광역시 광산구 신촌동,경상사고,0,0,1,0,차대차 - 측면충돌,신호위반,건조,맑음,교차로 - 교차로안,승용,남,62세,상해없음,승용,남,41세,경상
2021111500100119,2021년 11월 15일 08시,월요일,광주광역시 광산구 선암동,경상사고,0,0,2,0,차대차 - 측면충돌,안전거리미확보,건조,맑음,단일로 - 기타,화물,남,43세,상해없음,승용,여,31세,경상
2021111500100120,2021년 11월 15일 08시,월요일,광주광역시 광산구 월계동,경상사고,0,0,2,0,차대차 - 추돌,안전운전불이행,건조,맑음,교차로 - 교차로부근,승용,남,41세,상해없음,승용,여,52세,경상
2021111500100180,2021년 11월 15일 10시,월요일,광주광역시 남구 지석동,경상사고,0,0,1,0,차대차 - 측면충돌,안전운전불이행,건조,맑음,단일로 - 기타,승용,남,42세,상해없음,승용,여,54세,경상
2021111500100209,2021년 11월 15일 11시,월요일,광주광역시 남구 주월동,중상사고,0,1,1,0,차대사람 - 기타,안전운전불이행,건조,맑음,단일로 - 기타,승용,남,80세,상해없음,보행자,여,81세,경상
2021111500100210,2021년 11월 15일 11시,월요일,광주광역시 광산구 신가동,경상사고,0,0,1,0,차대차 - 추돌,안전운전불이행,건조,맑음,단일로 - 기타,승용,남,73세,상해없음,승용,여,48세,경상
2021111500100250,2021년 11월 15일 12시,월요일,광주광역시 북구 신용동,경상사고,0,0,1,0,차대차 - 기타,안전운전불이행,건조,맑음,단일로 - 기타,화물,남,30세,상해없음,승용,여,62세,경상
2021111500100251,2021년 11월 15일 12시,월요일,광주광역시 북구 운암동,경상사고,0,0,1,0,차대차 - 측면충돌,안전운전불이행,건조,맑음,단일로 - 기타,승용,남,74세,상해없음,화물,남,57세,경상
2021111500100252,2021년 11월 15일 12시,월요일,광주광역시 북구 용봉동,경상사고,0,0,1,0,차량단독 - 기타,안전운전불이행,건조,맑음,교차로 - 교차로부근,승용,남,66세,상해없음,,,,
2021111500100282,2021년 11월 15일 13시,월요일,광주광역시 북구 오치동,경상사고,0,0,1,0,차대사람 - 횡단중,안전운전불이행,건조,맑음,교차로 - 교차로부근,승용,남,35세,상해없음,보행자,남,8세,경상
2021111500100318,2021년 11월 15일 14시,월요일,광주광역시 동구 용산동,중상사고,0,1,2,0,차대차 - 측면충돌,중앙선침범,건조,맑음,교차로 - 교차로부근,건설기계,남,65세,상해없음,승용,여,31세,중상
2021111500100351,2021년 11월 15일 15시,월요일,광주광역시 서구 양동,경상사고,0,0,1,0,차대차 - 기타,안전운전불이행,건조,맑음,단일로 - 기타,기타불명,여,52세,경상,화물,남,68세,상해없음
2021111500100440,2021년 11월 15일 17시,월요일,광주광역시 광산구 장덕동,경상사고,0,0,1,0,차대차 - 기타,안전거리미확보,건조,맑음,단일로 - 기타,승용,남,36세,상해없음,이륜,남,42세,경상
2021111500100441,2021년 11월 15일 17시,월요일,광주광역시 광산구 우산동,경상사고,0,0,2,0,차대차 - 측면충돌,안전운전불이행,건조,맑음,교차로 - 교차로안,승용,여,50세,상해없음,승용,남,46세,경상
2021111500100512,2021년 11월 15일 18시,월요일,광주광역시 동구 충장로1가,경상사고,0,0,2,0,차대차 - 측면충돌,신호위반,건조,맑음,교차로 - 교차로안,승용,남,44세,상해없음,승용,남,23세,경상
2021111500100513,2021년 11월 15일 18시,월요일,광주광역시 남구 주월동,경상사고,0,0,1,0,차대차 - 측면충돌,신호위반,건조,맑음,교차로 - 교차로안,승용,남,25세,상해없음,이륜,남,44세,경상
2021111500100514,2021년 11월 15일 18시,월요일,광주광역시 광산구 운수동,경상사고,0,0,1,0,차대차 - 추돌,안전운전불이행,건조,맑음,단일로 - 기타,승용,남,24세,상해없음,승용,여,40세,경상
2021111500100515,2021년 11월 15일 18시,월요일,광주광역시 광산구 쌍암동,경상사고,0,0,1,0,차대차 - 추돌,안전거리미확보,건조,맑음,단일로 - 기타,승용,남,24세,상해없음,승용,남,52세,경상
2021111500100554,2021년 11월 15일 19시,월요일,광주광역시 북구 연제동,경상사고,0,0,1,0,차대차 - 측면충돌,안전운전불이행,건조,맑음,교차로 - 교차로안,승용,여,46세,상해없음,이륜,남,22세,경상
2021111500100555,2021년 11월 15일 19시,월요일,광주광역시 광산구 월계동,경상사고,0,0,3,0,차대차 - 측면충돌,신호위반,건조,맑음,교차로 - 교차로안,화물,남,52세,경상,승용,남,54세,경상
2021111500100582,2021년 11월 15일 20시,월요일,광주광역시 광산구 도산동,경상사고,0,0,1,0,차대차 - 측면충돌,안전거리미확보,건조,맑음,단일로 - 기타,승용,여,52세,상해없음,이륜,여,20세,경상
2021111500100630,2021년 11월 15일 22시,월요일,광주광역시 서구 치평동,경상사고,0,0,1,0,차대차 - 추돌,안전운전불이행,건조,맑음,교차로 - 교차로안,승용,남,29세,상해없음,이륜,남,47세,경상
2021111600100048,2021년 11월 16일 05시,화요일,광주광역시 북구 오치동,경상사고,0,0,1,0,차대차 - 기타,안전운전불이행,건조,맑음,교차로 - 교차로안,승용,남,45세,상해없음,이륜,남,67세,경상
2021111600100138,2021년 11월 16일 08시,화요일,광주광역시 서구 마륵동,경상사고,0,0,1,0,차대차 - 측면충돌,안전운전불이행,건조,맑음,단일로 - 기타,승용,남,35세,기타불명,승용,여,31세,경상
2021111600100139,2021년 11월 16일 08시,화요일,광주광역시 서구 광천동,경상사고,0,0,1,0,차대차 - 추돌,불법유턴,건조,맑음,교차로 - 교차로안,화물,남,51세,상해없음,승용,여,36세,경상
2021111600100140,2021년 11월 16일 08시,화요일,광주광역시 광산구 운수동,경상사고,0,0,1,0,차대차 - 추돌,안전거리미확보,건조,맑음,단일로 - 기타,특수,남,34세,상해없음,승용,여,50세,경상
2021111600100177,2021년 11월 16일 09시,화요일,광주광역시 광산구 우산동,경상사고,0,0,1,0,차대차 - 기타,안전운전불이행,건조,맑음,단일로 - 기타,승용,남,59세,상해없음,승용,남,67세,상해없음
2021111600100211,2021년 11월 16일 10시,화요일,광주광역시 동구 대인동,경상사고,0,0,2,0,차대차 - 기타,신호위반,건조,맑음,교차로 - 교차로안,화물,남,68세,상해없음,이륜,남,45세,경상
2021111600100244,2021년 11월 16일 11시,화요일,광주광역시 서구 풍암동,경상사고,0,0,2,0,차대차 - 측면충돌,안전거리미확보,건조,맑음,단일로 - 기타,화물,남,64세,경상,승용,남,24세,경상
2021111600100284,2021년 11월 16일 12시,화요일,광주광역시 북구 중흥동,경상사고,0,0,3,0,차대차 - 측면충돌,안전운전불이행,건조,맑음,단일로 - 기타,화물,남,65세,상해없음,승용,여,66세,경상
2021111600100347,2021년 11월 16일 14시,화요일,광주광역시 광산구 수완동,경상사고,0,0,1,0,차대차 - 기타,신호위반,건조,맑음,교차로 - 교차로안,승용,여,39세,상해없음,승용,여,44세,경상
2021111600100348,2021년 11월 16일 14시,화요일,광주광역시 광산구 수완동,경상사고,0,0,1,0,차대차 - 후진중충돌,안전운전불이행,건조,맑음,단일로 - 기타,승용,남,39세,기타불명,승용,남,47세,경상
2021111600100421,2021년 11월 16일 16시,화요일,광주광역시 서구 화정동,경상사고,0,0,2,0,차대차 - 측면충돌,안전거리미확보,건조,맑음,교차로 - 교차로부근,승용,여,66세,상해없음,승용,남,56세,경상
2021111600100422,2021년 11월 16일 16시,화요일,광주광역시 광산구 월계동,경상사고,0,0,1,0,차대차 - 측면충돌,신호위반,건조,맑음,교차로 - 교차로안,승용,남,61세,상해없음,승용,남,30세,경상
2021111600100475,2021년 11월 16일 17시,화요일,광주광역시 광산구 월전동,경상사고,0,0,2,0,차대차 - 측면충돌,안전거리미확보,건조,맑음,단일로 - 기타,승용,남,32세,경상,승용,남,56세,경상
2021111600100523,2021년 11월 16일 18시,화요일,광주광역시 동구 소태동,경상사고,0,0,2,0,차대차 - 추돌,안전거리미확보,건조,맑음,단일로 - 기타,승용,남,71세,상해없음,승용,남,36세,경상
2021111600100524,2021년 11월 16일 18시,화요일,광주광역시 광산구 선암동,경상사고,0,0,1,0,차대차 - 기타,안전운전불이행,건조,맑음,단일로 - 기타,승용,남,39세,상해없음,자전거,남,64세,경상
2021111600100525,2021년 11월 16일 18시,화요일,광주광역시 광산구 산정동,경상사고,0,0,1,0,차대차 - 기타,안전운전불이행,건조,맑음,단일로 - 기타,승용,여,28세,상해없음,승용,여,32세,경상
2021111600100559,2021년 11월 16일 19시,화요일,광주광역시 광산구 우산동,경상사고,0,0,1,0,차대차 - 측면충돌,안전운전불이행,건조,맑음,교차로 - 교차로부근,자전거,남,79세,경상,승용,여,27세,상해없음
2021111600100604,2021년 11월 16일 21시,화요일,광주광역시 북구 누문동,경상사고,0,0,1,0,차대차 - 측면충돌,안전운전불이행,건조,맑음,교차로 - 교차로안,승용,여,53세,상해없음,승용,남,21세,경상
2021111600100623,2021년 11월 16일 22시,화요일,광주광역시 서구 동천동,경상사고,0,0,1,1,차대차 - 기타,신호위반,건조,맑음,단일로 - 기타,승용,여,30세,부상신고,승용,여,58세,경상
2021111600100624,2021년 11월 16일 22시,화요일,광주광역시 서구 광천동,경상사고,0,0,1,0,차량단독 - 공작물충돌,안전운전불이행,건조,맑음,교차로 - 교차로안,승용,남,62세,상해없음,,,,
2021111700100026,2021년 11월 17일 03시,수요일,광주광역시 북구 각화동,중상사고,0,1,0,0,차대차 - 기타,안전거리미확보,건조,맑음,단일로 - 기타,승용,남,54세,상해없음,이륜,남,21세,중상
2021111700100037,2021년 11월 17일 05시,수요일,광주광역시 북구 양산동,중상사고,0,5,2,0,차량단독 - 전도전복 - 전복,기타,건조,맑음,단일로 - 기타,승용,남,18세,상해없음,,,,
2021111700100056,2021년 11월 17일 06시,수요일,광주광역시 북구 용봉동,경상사고,0,0,1,0,차대사람 - 기타,안전운전불이행,건조,맑음,단일로 - 기타,승용,여,61세,상해없음,보행자,남,43세,경상
2021111700100074,2021년 11월 17일 07시,수요일,광주광역시 남구 주월동,경상사고,0,0,1,0,차대사람 - 횡단중,보행자보호의무위반,건조,맑음,교차로 - 교차로횡단보도내,승용,남,45세,상해없음,보행자,여,66세,경상
2021111700100075,2021년 11월 17일 07시,수요일,광주광역시 광산구 도천동,경상사고,0,0,1,0,차대차 - 측면충돌,중앙선침범,건조,맑음,단일로 - 기타,승용,여,61세,상해없음,승용,남,53세,경상
2021111700100118,2021년 11월 17일 08시,수요일,광주광역시 남구 봉선동,중상사고,0,1,0,0,차대사람 - 횡단중,안전운전불이행,건조,맑음,교차로 - 교차로안,승용,여,53세,상해없음,보행자,남,81세,중상
2021111700100148,2021년 11월 17일 09시,수요일,광주광역시 북구 양산동,경상사고,0,0,1,0,차대차 - 측면충돌,신호위반,건조,맑음,교차로 - 교차로안,승용,남,48세,경상,화물,남,52세,상해없음
2021111700100149,2021년 11월 17일 09시,수요일,광주광역시 북구 용봉동,중상사고,0,1,0,0,차대차 - 측면충돌,차로위반,건조,맑음,단일로 - 기타,승용,여,52세,상해없음,이륜,남,65세,중상
2021111700100193,2021년 11월 17일 10시,수요일,광주광역시 서구 쌍촌동,경상사고,0,0,1,0,차대차 - 측면충돌,중앙선침범,건조,맑음,단일로 - 기타,승용,남,58세,상해없음,이륜,남,25세,경상
2021111700100231,2021년 11월 17일 11시,수요일,광주광역시 서구 화정동,중상사고,0,1,0,0,차대사람 - 기타,안전운전불이행,건조,맑음,단일로 - 기타,승용,남,47세,상해없음,보행자,여,51세,중상
2021111700100232,2021년 11월 17일 11시,수요일,광주광역시 광산구 산정동,경상사고,0,0,2,0,차대차 - 기타,교차로운행방법위반,건조,맑음,교차로 - 교차로안,승용,남,70세,경상,승용,남,23세,경상
2021111700100233,2021년 11월 17일 11시,수요일,광주광역시 광산구 송정동,경상사고,0,0,1,0,차대차 - 후진중충돌,안전운전불이행,건조,맑음,기타 - 기타,승용,남,50세,상해없음,승용,남,50세,경상
2021111700100309,2021년 11월 17일 13시,수요일,광주광역시 남구 백운동,경상사고,0,0,1,0,차대차 - 측면충돌,교차로운행방법위반,건조,맑음,교차로 - 교차로안,화물,남,40세,상해없음,승용,여,60세,경상
2021111700100388,2021년 11월 17일 15시,수요일,광주광역시 광산구 수완동,경상사고,0,0,2,0,차대차 - 측면충돌,차로위반,건조,맑음,단일로 - 기타,승용,남,63세,상해없음,승용,남,24세,경상
2021111700100429,2021년 11월 17일 16시,수요일,광주광역시 북구 운암동,경상사고,0,0,2,0,차대차 - 측면충돌,차로위반,건조,맑음,단일로 - 기타,승용,남,31세,상해없음,승용,여,52세,경상
2021111700100430,2021년 11월 17일 16시,수요일,광주광역시 광산구 흑석동,경상사고,0,0,1,0,차대차 - 추돌,안전거리미확보,건조,맑음,단일로 - 기타,화물,남,45세,상해없음,승용,남,73세,경상
2021111700100431,2021년 11월 17일 16시,수요일,광주광역시 광산구 하남동,경상사고,0,0,1,0,차대차 - 측면충돌,불법유턴,건조,흐림,교차로 - 교차로부근,화물,남,45세,기타불명,승용,남,28세,경상