사고번호,사고일시,요일,시군구,사고내용,사망자수,중상자수,경상자수,부상신고자수,사고유형,법규위반,노면상태,기상상태,도로형태,가해운전자 차종,가해운전자 성별,가해운전자 연령,가해운전자 상해정도,피해운전자 차종,피해운전자 성별,피해운전자 연령,피해운전자 상해정도
2021111700100467,2021년 11월 17일 17시,수요일,광주광역시 광산구 지죽동,경상사고,0,0,1,0,차대차 - 기타,안전거리미확보,건조,맑음,단일로 - 기타,화물,남,55세,상해없음,승용,여,36세,경상
2021111700100485,2021년 11월 17일 17시,수요일,광주광역시 서구 매월동,경상사고,0,0,1,0,차대차 - 측면충돌,신호위반,건조,맑음,교차로 - 교차로안,승용,남,48세,상해없음,이륜,남,47세,경상
2021111700100486,2021년 11월 17일 17시,수요일,광주광역시 서구 금호동,중상사고,0,1,0,0,차대사람 - 보도통행중,안전운전불이행,건조,맑음,단일로 - 기타,자전거,남,12세,상해없음,보행자,여,48세,중상
2021111700100487,2021년 11월 17일 17시,수요일,광주광역시 서구 양동,경상사고,0,0,1,0,차량단독 - 기타,기타,건조,맑음,단일로 - 기타,승합,남,46세,상해없음,,,,
2021111700100488,2021년 11월 17일 17시,수요일,광주광역시 남구 송하동,경상사고,0,0,1,0,차대차 - 후진중충돌,안전운전불이행,건조,맑음,단일로 - 기타,화물,남,72세,상해없음,승용,남,33세,경상
2021111700100489,2021년 11월 17일 17시,수요일,광주광역시 북구 신용동,중상사고,0,1,0,0,차대차 - 측면충돌,중앙선침범,건조,맑음,단일로 - 기타,승용,남,49세,상해없음,이륜,남,27세,중상
2021111700100555,2021년 11월 17일 18시,수요일,광주광역시 서구 치평동,경상사고,0,0,1,0,차대차 - 측면충돌,안전운전불이행,건조,맑음,교차로 - 교차로안,화물,남,30세,상해없음,승용,여,29세,경상
2021111700100556,2021년 11월 17일 18시,수요일,광주광역시 남구 봉선동,경상사고,0,0,1,0,차대차 - 측면충돌,안전운전불이행,건조,맑음,단일로 - 기타,승용,남,32세,상해없음,승용,여,28세,경상
2021111700100557,2021년 11월 17일 18시,수요일,광주광역시 남구 임암동,경상사고,0,0,1,0,차대사람 - 기타,안전운전불이행,건조,맑음,기타 - 기타,승용,여,38세,상해없음,보행자,여,74세,경상
2021111700100558,2021년 11월 17일 18시,수요일,광주광역시 광산구 연산동,경상사고,0,0,1,0,차대차 - 기타,안전운전불이행,건조,맑음,단일로 - 기타,승용,남,21세,상해없음,화물,남,57세,경상
2021111700100632,2021년 11월 17일 20시,수요일,광주광역시 북구 양산동,경상사고,0,0,1,0,차대사람 - 횡단중,신호위반,건조,맑음,교차로 - 교차로횡단보도내,승용,남,29세,상해없음,보행자,여,16세,경상
2021111700100633,2021년 11월 17일 20시,수요일,광주광역시 광산구 월계동,경상사고,0,0,2,0,차대차 - 측면충돌,교차로운행방법위반,건조,맑음,교차로 - 교차로안,승용,남,56세,상해없음,승용,남,33세,경상
2021111700100670,2021년 11월 17일 22시,수요일,광주광역시 동구 금남로5가,경상사고,0,0,1,0,차대사람 - 횡단중,보행자보호의무위반,건조,흐림,교차로 - 교차로횡단보도내,이륜,남,30세,상해없음,보행자,남,72세,경상
2021111700100686,2021년 11월 17일 23시,수요일,광주광역시 북구 두암동,경상사고,0,0,2,1,차대차 - 기타,안전운전불이행,건조,맑음,단일로 - 기타,승용,여,26세,경상,승용,남,62세,경상
2021111700100687,2021년 11월 17일 23시,수요일,광주광역시 북구 오치동,경상사고,0,0,1,0,차대차 - 추돌,안전운전불이행,건조,맑음,단일로 - 기타,승용,여,24세,상해없음,이륜,남,57세,경상
2021111800100073,2021년 11월 18일 07시,목요일,광주광역시 서구 풍암동,중상사고,0,1,2,0,차대차 - 측면충돌,신호위반,건조,맑음,교차로 - 교차로안,승합,남,63세,상해없음,승용,남,50세,경상
2021111800100074,2021년 11월 18일 07시,목요일,광주광역시 광산구 송정동,중상사고,0,1,0,0,차대차 - 기타,안전거리미확보,젖음/습기,흐림,단일로 - 기타,승용,남,54세,상해없음,자전거,남,77세,중상
2021111800100114,2021년 11월 18일 08시,목요일,광주광역시 서구 덕흥동,경상사고,0,0,1,0,차대차 - 측면충돌,안전거리미확보,건조,맑음,단일로 - 기타,승용,남,25세,상해없음,승용,남,30세,경상
2021111800100115,2021년 11월 18일 08시,목요일,광주광역시 서구 양동,경상사고,0,0,1,0,차대차 - 기타,교차로운행방법위반,건조,맑음,교차로 - 교차로안,승용,남,70세,상해없음,승용,남,53세,경상
2021111800100117,2021년 11월 18일 08시,목요일,광주광역시 북구 임동,경상사고,0,0,2,0,차대차 - 기타,차로위반,건조,맑음,단일로 - 기타,승용,남,79세,상해없음,승용,남,32세,경상
2021111800100118,2021년 11월 18일 08시,목요일,광주광역시 광산구 월전동,중상사고,0,2,0,0,차대차 - 기타,교차로운행방법위반,건조,맑음,교차로 - 교차로안,화물,남,50세,상해없음,이륜,남,80세,중상
2021111800100157,2021년 11월 18일 09시,목요일,광주광역시 서구 쌍촌동,경상사고,0,0,1,0,차대차 - 측면충돌,안전운전불이행,건조,맑음,단일로 - 기타,승용,남,35세,상해없음,승용,여,25세,경상
2021111800100158,2021년 11월 18일 09시,목요일,광주광역시 북구 오치동,경상사고,0,0,1,0,차대차 - 기타,안전거리미확보,건조,맑음,단일로 - 기타,자전거,남,82세,경상,화물,남,58세,상해없음
2021111800100159,2021년 11월 18일 09시,목요일,광주광역시 북구 운암동,경상사고,0,0,1,0,차대사람 - 기타,안전운전불이행,건조,맑음,교차로 - 교차로횡단보도내,승용,여,56세,상해없음,보행자,여,79세,경상
2021111800100185,2021년 11월 18일 10시,목요일,광주광역시 광산구 월계동,경상사고,0,0,1,0,차대차 - 측면충돌,안전운전불이행,건조,맑음,단일로 - 기타,승용,남,47세,기타불명,이륜,남,22세,경상
2021111800100220,2021년 11월 18일 11시,목요일,광주광역시 서구 치평동,경상사고,0,0,1,0,차대차 - 추돌,안전거리미확보,건조,맑음,교차로 - 교차로안,승용,남,23세,상해없음,승용,여,30세,경상
2021111800100221,2021년 11월 18일 11시,목요일,광주광역시 북구 신안동,경상사고,0,0,1,0,차대차 - 측면충돌,안전거리미확보,건조,맑음,단일로 - 기타,승용,남,69세,상해없음,승용,여,29세,경상
2021111800100252,2021년 11월 18일 12시,목요일,광주광역시 북구 두암동,경상사고,0,0,4,0,차대차 - 측면충돌,신호위반,건조,맑음,교차로 - 교차로안,이륜,남,22세,경상,승용,여,42세,경상
2021111800100253,2021년 11월 18일 12시,목요일,광주광역시 북구 두암동,경상사고,0,0,2,0,차대차 - 측면충돌,신호위반,건조,맑음,단일로 - 기타,승용,남,49세,상해없음,화물,남,50세,경상
2021111800100278,2021년 11월 18일 13시,목요일,광주광역시 북구 유동,중상사고,0,1,0,0,차량단독 - 기타,안전운전불이행,건조,맑음,단일로 - 기타,승합,남,55세,상해없음,,,,
2021111800100308,2021년 11월 18일 14시,목요일,광주광역시 서구 양동,경상사고,0,0,1,0,차대차 - 측면충돌,신호위반,건조,맑음,교차로 - 교차로안,승용,남,62세,상해없음,승용,남,60세,경상
2021111800100340,2021년 11월 18일 15시,목요일,광주광역시 서구 화정동,경상사고,0,0,1,0,차대차 - 기타,안전운전불이행,건조,맑음,교차로 - 교차로안,승용,남,71세,상해없음,승용,남,29세,경상
2021111800100376,2021년 11월 18일 16시,목요일,광주광역시 동구 장동,경상사고,0,0,1,0,차대차 - 측면충돌,안전운전불이행,건조,맑음,단일로 - 기타,승합,남,55세,기타불명,승용,여,29세,경상
2021111800100377,2021년 11월 18일 16시,목요일,광주광역시 서구 쌍촌동,경상사고,0,0,1,0,차대사람 - 기타,신호위반,건조,맑음,단일로 - 기타,자전거,남,19세,상해없음,보행자,여,60세,경상
2021111800100425,2021년 11월 18일 17시,목요일,광주광역시 북구 용봉동,경상사고,0,0,1,0,차대차 - 추돌,안전거리미확보,건조,맑음,단일로 - 기타,이륜,남,19세,상해없음,승용,여,57세,경상
2021111800100426,2021년 11월 18일 17시,목요일,광주광역시 광산구 쌍암동,경상사고,0,0,1,0,차대차 - 기타,중앙선침범,건조,맑음,단일로 - 기타,승용,남,48세,상해없음,승용,남,57세,경상
2021111800100479,2021년 11월 18일 18시,목요일,광주광역시 동구 학동,경상사고,0,0,3,0,차대차 - 추돌,안전운전불이행,건조,맑음,단일로 - 터널,화물,남,31세,상해없음,승용,남,36세,경상
2021111800100480,2021년 11월 18일 18시,목요일,광주광역시 동구 동명동,경상사고,0,0,1,0,차대차 - 측면충돌,차로위반,건조,맑음,기타 - 기타,승용,남,57세,상해없음,승용,남,24세,경상
2021111800100481,2021년 11월 18일 18시,목요일,광주광역시 북구 신용동,중상사고,0,1,0,0,차대차 - 기타,안전운전불이행,건조,맑음,단일로 - 기타,승용,남,52세,상해없음,이륜,남,29세,중상
2021111800100482,2021년 11월 18일 18시,목요일,광주광역시 광산구 우산동,경상사고,0,0,2,0,차대차 - 추돌,안전거리미확보,건조,맑음,단일로 - 기타,화물,남,71세,상해없음,승용,남,39세,경상
2021111800100483,2021년 11월 18일 18시,목요일,광주광역시 광산구 수완동,경상사고,0,0,4,0,차대차 - 추돌,안전거리미확보,건조,맑음,단일로 - 기타,승용,여,55세,기타불명,승용,남,72세,경상
2021111800100521,2021년 11월 18일 19시,목요일,광주광역시 서구 쌍촌동,경상사고,0,0,1,0,차량단독 - 기타,불법유턴,건조,맑음,단일로 - 기타,승용,남,61세,상해없음,,,,
2021111800100522,2021년 11월 18일 19시,목요일,광주광역시 북구 연제동,경상사고,0,0,2,0,차대차 - 측면충돌,안전운전불이행,건조,맑음,단일로 - 기타,승용,남,48세,경상,승용,남,60세,경상
2021111800100523,2021년 11월 18일 19시,목요일,광주광역시 북구 신용동,중상사고,0,2,0,0,차대차 - 측면충돌,중앙선침범,건조,맑음,교차로 - 교차로부근,승용,여,42세,상해없음,이륜,남,24세,중상
2021111800100524,2021년 11월 18일 19시,목요일,광주광역시 광산구 신촌동,경상사고,0,0,1,0,차대차 - 기타,안전거리미확보,건조,맑음,단일로 - 기타,승용,여,55세,상해없음,승용,남,38세,경상
2021111800100553,2021년 11월 18일 20시,목요일,광주광역시 광산구 장록동,중상사고,0,2,0,0,차대차 - 추돌,안전거리미확보,건조,맑음,단일로 - 기타,화물,남,58세,상해없음,승용,여,49세,중상
2021111800100625,2021년 11월 18일 23시,목요일,광주광역시 북구 풍향동,경상사고,0,0,3,0,차대차 - 추돌,안전운전불이행,건조,맑음,단일로 - 기타,승용,남,38세,상해없음,승용,남,47세,경상
2021111900100039,2021년 11월 19일 02시,금요일,광주광역시 동구 호남동,경상사고,0,0,1,1,차대차 - 측면충돌,신호위반,건조,맑음,교차로 - 교차로안,승용,여,20세,상해없음,승용,남,57세,경상
2021111900100040,2021년 11월 19일 02시,금요일,광주광역시 광산구 우산동,경상사고,0,0,1,0,차대차 - 측면충돌,신호위반,건조,맑음,교차로 - 교차로안,승용,여,29세,상해없음,승용,남,35세,경상
2021111900100048,2021년 11월 19일 04시,금요일,광주광역시 서구 쌍촌동,경상사고,0,0,1,1,차대차 - 추돌,안전운전불이행,건조,맑음,교차로 - 교차로부근,승용,남,27세,부상신고,승용,남,36세,경상
2021111900100128,2021년 11월 19일 08시,금요일,광주광역시 광산구 장덕동,사망사고,1,0,1,0,차대차 - 측면충돌,직진우회전진행방해,건조,맑음,교차로 - 교차로안,승용,여,60세,기타불명,승용,남,47세,사망
2021111900100154,2021년 11월 19일 09시,금요일,광주광역시 북구 삼각동,경상사고,0,0,1,0,차대차 - 추돌,신호위반,건조,맑음,교차로 - 교차로부근,승용,남,67세,상해없음,이륜,남,31세,경상
2021111900100216,2021년 11월 19일 11시,금요일,광주광역시 서구 치평동,경상사고,0,0,1,0,차대차 - 측면충돌,안전운전불이행,건조,맑음,단일로 - 기타,승용,남,66세,상해없음,화물,남,50세,경상
2021111900100249,2021년 11월 19일 12시,금요일,광주광역시 서구 마륵동,경상사고,0,0,1,0,차대사람 - 기타,기타,건조,맑음,단일로 - 기타,승합,남,57세,상해없음,보행자,여,71세,경상
2021111900100284,2021년 11월 19일 13시,금요일,광주광역시 동구 금남로2가,경상사고,0,0,1,0,차대차 - 측면충돌,안전거리미확보,건조,맑음,단일로 - 기타,승용,남,64세,상해없음,승용,여,45세,경상
2021111900100309,2021년 11월 19일 14시,금요일,광주광역시 동구 월남동,경상사고,0,0,1,0,차대차 - 기타,안전거리미확보,건조,맑음,단일로 - 기타,승용,남,60세,상해없음,승용,남,48세,경상
2021111900100310,2021년 11월 19일 14시,금요일,광주광역시 남구 백운동,경상사고,0,0,1,0,차대차 - 측면충돌,중앙선침범,건조,맑음,단일로 - 기타,화물,남,70세,상해없음,승용,여,59세,경상
2021111900100311,2021년 11월 19일 14시,금요일,광주광역시 북구 우산동,경상사고,0,0,2,0,차대차 - 추돌,안전거리미확보,건조,맑음,단일로 - 기타,화물,남,52세,상해없음,승용,여,48세,경상
2021111900100312,2021년 11월 19일 14시,금요일,광주광역시 광산구 우산동,경상사고,0,0,1,0,차대사람 - 기타,안전운전불이행,건조,맑음,단일로 - 기타,자전거,여,70세,경상,보행자,남,39세,상해없음
2021111900100353,2021년 11월 19일 15시,금요일,광주광역시 광산구 신가동,경상사고,0,0,2,0,차대차 - 측면충돌,안전거리미확보,건조,맑음,단일로 - 기타,승용,여,37세,경상,승용,남,24세,경상
2021111900100401,2021년 11월 19일 16시,금요일,광주광역시 서구 치평동,경상사고,0,0,1,0,차대차 - 기타,안전거리미확보,건조,맑음,단일로 - 기타,승합,남,42세,상해없음,이륜,남,54세,경상
2021111900100402,2021년 11월 19일 16시,금요일,광주광역시 북구 중흥동,경상사고,0,0,2,0,차대차 - 정면충돌,중앙선침범,건조,맑음,단일로 - 기타,승용,남,65세,상해없음,승용,남,42세,경상
2021111900100403,2021년 11월 19일 16시,금요일,광주광역시 북구 중흥동,중상사고,0,1,0,0,차대사람 - 길가장자리구역통행중,안전운전불이행,건조,맑음,교차로 - 교차로안,승용,남,54세,상해없음,보행자,여,86세,중상
2021111900100461,2021년 11월 19일 17시,금요일,광주광역시 남구 백운동,경상사고,0,0,1,0,차대차 - 기타,안전운전불이행,건조,맑음,단일로 - 기타,승용,여,40세,상해없음,자전거,남,31세,경상
2021111900100462,2021년 11월 19일 17시,금요일,광주광역시 남구 월산동,경상사고,0,0,2,0,차대차 - 측면충돌,교차로운행방법위반,건조,맑음,교차로 - 교차로안,승용,남,41세,상해없음,승용,남,22세,경상
2021111900100463,2021년 11월 19일 17시,금요일,광주광역시 북구 용두동,경상사고,0,0,1,0,차대차 - 추돌,안전운전불이행,건조,맑음,단일로 - 기타,승용,남,37세,상해없음,승용,여,39세,경상
2021111900100464,2021년 11월 19일 17시,금요일,광주광역시 광산구 송정동,경상사고,0,0,1,0,차대차 - 측면충돌,직진우회전진행방해,건조,흐림,교차로 - 교차로안,화물,남,44세,상해없음,자전거,남,71세,경상
2021111900100520,2021년 11월 19일 18시,금요일,광주광역시 동구 소태동,경상사고,0,0,1,0,차대차 - 추돌,안전운전불이행,건조,맑음,단일로 - 기타,승용,여,27세,상해없음,승용,여,58세,경상
2021111900100521,2021년 11월 19일 18시,금요일,광주광역시 북구 일곡동,경상사고,0,0,1,0,차대차 - 기타,안전운전불이행,건조,맑음,단일로 - 기타,화물,남,64세,상해없음,승용,남,50세,경상
2021111900100522,2021년 11월 19일 18시,금요일,광주광역시 광산구 우산동,경상사고,0,0,1,0,차대차 - 추돌,안전운전불이행,건조,맑음,교차로 - 교차로부근,승용,남,37세,상해없음,승용,남,44세,경상
2021111900100573,2021년 11월 19일 19시,금요일,광주광역시 동구 광산동,경상사고,0,0,1,0,차대차 - 기타,안전거리미확보,건조,맑음,단일로 - 기타,승용,남,40세,상해없음,승용,남,24세,경상
2021111900100574,2021년 11월 19일 19시,금요일,광주광역시 서구 치평동,경상사고,0,0,1,0,차대사람 - 기타,안전운전불이행,건조,맑음,주차장 - 주차장,승용,남,33세,상해없음,보행자,여,25세,경상
2021111900100575,2021년 11월 19일 19시,금요일,광주광역시 남구 양과동,경상사고,0,0,2,0,차대차 - 기타,안전거리미확보,건조,맑음,단일로 - 기타,화물,남,63세,상해없음,승용,남,18세,경상
2021111900100576,2021년 11월 19일 19시,금요일,광주광역시 북구 운암동,경상사고,0,0,3,0,차대차 - 추돌,안전운전불이행,건조,맑음,교차로 - 교차로부근,승용,남,70세,상해없음,승용,여,38세,경상
2021111900100605,2021년 11월 19일 20시,금요일,광주광역시 북구 임동,경상사고,0,0,1,0,차대차 - 측면충돌,차로위반,건조,맑음,단일로 - 기타,승용,여,45세,상해없음,승용,남,71세,상해없음
2021111900100606,2021년 11월 19일 20시,금요일,광주광역시 광산구 송정동,경상사고,0,0,5,0,차대차 - 추돌,안전운전불이행,건조,맑음,교차로 - 교차로부근,승용,남,41세,상해없음,승용,남,22세,경상
2021111900100607,2021년 11월 19일 20시,금요일,광주광역시 광산구 운남동,경상사고,0,0,1,0,차대차 - 추돌,안전운전불이행,건조,맑음,단일로 - 기타,승용,남,72세,상해없음,승용,여,43세,경상
2021111900100640,2021년 11월 19일 21시,금요일,광주광역시 북구 연제동,경상사고,0,0,1,0,차대차 - 추돌,안전거리미확보,건조,맑음,교차로 - 교차로부근,승용,여,69세,상해없음,승용,남,44세,경상
2021111900100688,2021년 11월 19일 23시,금요일,광주광역시 동구 금동,경상사고,0,0,1,0,차대사람 - 기타,안전운전불이행,건조,맑음,단일로 - 기타,승용,남,19세,상해없음,보행자,남,23세,경상
2021111900100689,2021년 11월 19일 23시,금요일,광주광역시 광산구 신가동,경상사고,0,0,3,0,차대차 - 측면충돌,안전거리미확보,건조,맑음,단일로 - 기타,승용,남,51세,경상,승용,남,65세,경상
2021112000100016,2021년 11월 20일 00시,토요일,광주광역시 광산구 월계동,경상사고,0,0,1,0,차대차 - 측면충돌,신호위반,건조,맑음,교차로 - 교차로안,승용,여,32세,기타불명,개인형이동수단(PM),남,45세,경상
2021112000100038,2021년 11월 20일 01시,토요일,광주광역시 서구 쌍촌동,경상사고,0,0,1,0,차대차 - 추돌,안전운전불이행,건조,맑음,단일로 - 기타,승용,남,24세,상해없음,승용,남,29세,경상
2021112000100055,2021년 11월 20일 03시,토요일,광주광역시 북구 용봉동,경상사고,0,0,1,0,차대차 - 추돌,안전운전불이행,건조,맑음,교차로 - 교차로횡단보도내,승용,남,30세,상해없음,승용,남,64세,경상
2021112000100056,2021년 11월 20일 03시,토요일,광주광역시 북구 두암동,중상사고,0,1,1,0,차대차 - 측면충돌,안전운전불이행,건조,맑음,교차로 - 교차로안,승용,남,25세,상해없음,승용,남,54세,경상
2021112000100088,2021년 11월 20일 06시,토요일,광주광역시 동구 산수동,사망사고,1,0,0,0,차대사람 - 기타,안전운전불이행,젖음/습기,안개,단일로 - 기타,승용,남,77세,상해없음,보행자,여,77세,사망
2021112000100099,2021년 11월 20일 07시,토요일,광주광역시 서구 쌍촌동,경상사고,0,0,2,0,차대차 - 측면충돌,안전거리미확보,건조,흐림,단일로 - 기타,승용,남,25세,상해없음,승합,남,48세,경상
2021112000100128,2021년 11월 20일 09시,토요일,광주광역시 서구 매월동,경상사고,0,0,1,1,차대차 - 기타,안전운전불이행,젖음/습기,흐림,기타 - 기타,승용,남,56세,부상신고,승용,남,49세,경상
2021112000100153,2021년 11월 20일 10시,토요일,광주광역시 동구 남동,경상사고,0,0,1,0,차대차 - 측면충돌,안전거리미확보,건조,맑음,교차로 - 교차로부근,승용,여,51세,상해없음,승용,여,47세,경상
2021112000100154,2021년 11월 20일 10시,토요일,광주광역시 광산구 월전동,중상사고,0,1,1,0,차대차 - 측면충돌,안전운전불이행,건조,맑음,교차로 - 교차로안,승용,남,59세,상해없음,승용,남,72세,경상
2021112000100194,2021년 11월 20일 11시,토요일,광주광역시 남구 행암동,경상사고,0,0,1,0,차대차 - 측면충돌,안전운전불이행,건조,맑음,기타 - 기타,승용,여,60세,경상,승용,남,38세,기타불명
2021112000100195,2021년 11월 20일 11시,토요일,광주광역시 북구 신용동,경상사고,0,0,2,0,차대차 - 추돌,안전운전불이행,건조,맑음,교차로 - 교차로부근,화물,남,64세,상해없음,승용,여,41세,경상
2021112000100222,2021년 11월 20일 12시,토요일,광주광역시 남구 월산동,경상사고,0,0,2,0,차대사람 - 횡단중,안전운전불이행,건조,맑음,교차로 - 교차로안,승합,남,50세,상해없음,보행자,여,78세,경상
2021112000100265,2021년 11월 20일 13시,토요일,광주광역시 서구 광천동,경상사고,0,0,1,0,차대차 - 측면충돌,안전운전불이행,건조,맑음,교차로 - 교차로안,승용,기타불명,미분류,기타불명,승용,남,30세,경상
2021112000100267,2021년 11월 20일 13시,토요일,광주광역시 남구 월산동,경상사고,0,0,1,0,차대차 - 측면충돌,안전거리미확보,건조,맑음,단일로 - 기타,승용,남,58세,상해없음,승용,남,57세,경상
2021112000100268,2021년 11월 20일 13시,토요일,광주광역시 북구 동림동,경상사고,0,0,2,0,차대차 - 기타,안전운전불이행,건조,맑음,교차로 - 교차로안,승용,여,48세,경상,승용,여,29세,경상
2021112000100269,2021년 11월 20일 13시,토요일,광주광역시 북구 각화동,경상사고,0,0,2,0,차대차 - 측면충돌,안전거리미확보,건조,맑음,단일로 - 기타,승용,여,21세,상해없음,승용,여,42세,경상
2021112000100418,2021년 11월 20일 17시,토요일,광주광역시 남구 주월동,경상사고,0,0,8,0,차대차 - 측면충돌,교차로운행방법위반,건조,맑음,교차로 - 교차로안,승용,남,72세,상해없음,승합,남,50세,경상
2021112000100460,2021년 11월 20일 18시,토요일,광주광역시 북구 각화동,경상사고,0,0,1,0,차대차 - 측면충돌,안전운전불이행,건조,맑음,교차로 - 교차로안,승용,남,69세,상해없음,자전거,남,77세,경상
2021112000100462,2021년 11월 20일 18시,토요일,광주광역시 광산구 수완동,중상사고,0,1,1,0,차대차 - 기타,안전거리미확보,건조,맑음,단일로 - 기타,이륜,남,26세,중상,승용,남,55세,상해없음
2021112000100526,2021년 11월 20일 20시,토요일,광주광역시 동구 금남로4가,경상사고,0,0,1,0,차대차 - 측면충돌,안전운전불이행,건조,맑음,단일로 - 기타,승용,남,46세,기타불명,승용,여,33세,경상
2021112100100026,2021년 11월 21일 01시,일요일,광주광역시 광산구 도천동,경상사고,0,0,1,0,차량단독 - 공작물충돌,안전운전불이행,기타,안개,단일로 - 기타,승용,여,22세,경상,,,,
2021112100100076,2021년 11월 21일 08시,일요일,광주광역시 북구 용봉동,경상사고,0,0,2,0,차대차 - 추돌,안전운전불이행,건조,맑음,교차로 - 교차로부근,화물,남,40세,상해없음,승용,남,66세,경상
2021112100100165,2021년 11월 21일 12시,일요일,광주광역시 광산구 산정동,중상사고,0,1,0,0,차대차 - 측면충돌,신호위반,건조,맑음,교차로 - 교차로안,승용,여,60세,상해없음,자전거,남,54세,중상
2021112100100192,2021년 11월 21일 13시,일요일,광주광역시 광산구 소촌동,경상사고,0,0,2,0,차량단독 - 공작물충돌,안전운전불이행,건조,맑음,단일로 - 기타,승용,남,36세,경상,,,,
2021112100100229,2021년 11월 21일 14시,일요일,광주광역시 서구 화정동,경상사고,0,0,1,0,차대사람 - 횡단중,안전운전불이행,건조,맑음,교차로 - 교차로안,특수,남,23세,상해없음,보행자,여,71세,경상
2021112100100260,2021년 11월 21일 15시,일요일,광주광역시 광산구 도천동,경상사고,0,0,2,0,차대차 - 기타,안전운전불이행,건조,맑음,교차로 - 교차로부근,승용,여,54세,상해없음,승용,여,38세,경상
2021112100100290,2021년 11월 21일 16시,일요일,광주광역시 동구 대인동,경상사고,0,0,1,0,차대차 - 측면충돌,안전운전불이행,건조,맑음,단일로 - 기타,승용,남,67세,상해없음,승용,여,65세,경상
2021112100100291,2021년 11월 21일 16시,일요일,광주광역시 서구 농성동,경상사고,0,0,1,0,차대차 - 정면충돌,안전거리미확보,건조,맑음,교차로 - 교차로안,승용,여,49세,상해없음,승용,여,28세,경상
2021112100100331,2021년 11월 21일 17시,일요일,광주광역시 북구 각화동,경상사고,0,0,1,0,차대사람 - 기타,안전운전불이행,건조,맑음,단일로 - 기타,승용,남,60세,상해없음,보행자,남,37세,경상
2021112100100380,2021년 11월 21일 18시,일요일,광주광역시 북구 용봉동,중상사고,0,1,0,0,차대사람 - 차도통행중,안전운전불이행,건조,맑음,교차로 - 교차로안,화물,남,64세,상해없음,보행자,여,37세,중상
2021112100100407,2021년 11월 21일 19시,일요일,광주광역시 서구 금호동,경상사고,0,0,1,0,차대차 - 기타,안전거리미확보,건조,맑음,단일로 - 기타,승용,남,33세,상해없음,승용,남,23세,상해없음
2021112100100408,2021년 11월 21일 19시,일요일,광주광역시 북구 운암동,경상사고,0,0,3,0,차대차 - 기타,안전운전불이행,건조,맑음,단일로 - 기타,승용,여,56세,경상,이륜,남,22세,경상
2021112100100430,2021년 11월 21일 20시,일요일,광주광역시 서구 치평동,중상사고,0,1,0,0,차대차 - 기타,안전운전불이행,건조,맑음,교차로 - 교차로안,승용,남,39세,상해없음,이륜,남,40세,중상
2021112100100431,2021년 11월 21일 20시,일요일,광주광역시 북구 오룡동,경상사고,0,0,1,0,차대차 - 측면충돌,신호위반,건조,흐림,단일로 - 기타,승용,남,32세,상해없음,승용,남,29세,경상
2021112100100505,2021년 11월 21일 23시,일요일,광주광역시 동구 학동,경상사고,0,0,1,0,차량단독 - 기타,안전운전불이행,건조,맑음,단일로 - 기타,이륜,남,26세,경상,,,,
2021112200100016,2021년 11월 22일 00시,월요일,광주광역시 서구 동천동,중상사고,0,1,0,1,차대차 - 기타,안전운전불이행,젖음/습기,흐림,단일로 - 기타,이륜,남,24세,부상신고,승용,남,60세,기타불명
2021112200100026,2021년 11월 22일 01시,월요일,광주광역시 남구 송하동,중상사고,0,2,0,0,차량단독 - 기타,안전운전불이행,건조,맑음,단일로 - 기타,승용,여,21세,중상,,,,
2021112200100041,2021년 11월 22일 03시,월요일,광주광역시 북구 임동,경상사고,0,0,1,0,차대차 - 측면충돌,차로위반,기타,비,단일로 - 기타,승용,여,52세,경상,승용,남,60세,상해없음
2021112200100050,2021년 11월 22일 04시,월요일,광주광역시 광산구 신가동,경상사고,0,0,1,0,차대차 - 측면충돌,안전운전불이행,젖음/습기,비,단일로 - 교량,승용,남,26세,상해없음,화물,남,43세,경상
2021112200100059,2021년 11월 22일 05시,월요일,광주광역시 서구 금호동,경상사고,0,0,1,0,차대차 - 추돌,안전운전불이행,건조,흐림,단일로 - 기타,승용,여,68세,상해없음,승용,남,63세,경상
2021112200100097,2021년 11월 22일 07시,월요일,광주광역시 남구 월산동,중상사고,0,1,0,0,차대차 - 측면충돌,중앙선침범,건조,맑음,단일로 - 기타,승용,여,52세,상해없음,이륜,남,75세,중상
2021112200100098,2021년 11월 22일 07시,월요일,광주광역시 남구 진월동,경상사고,0,0,1,0,차대차 - 측면충돌,안전운전불이행,건조,맑음,단일로 - 기타,승용,남,49세,상해없음,승용,남,53세,경상
2021112200100099,2021년 11월 22일 07시,월요일,광주광역시 남구 월산동,경상사고,0,0,1,0,차대차 - 측면충돌,교차로운행방법위반,건조,맑음,교차로 - 교차로안,승용,여,33세,상해없음,승용,여,32세,경상