사고번호,사고일시,요일,시군구,사고내용,사망자수,중상자수,경상자수,부상신고자수,사고유형,법규위반,노면상태,기상상태,도로형태,가해운전자 차종,가해운전자 성별,가해운전자 연령,가해운전자 상해정도,피해운전자 차종,피해운전자 성별,피해운전자 연령,피해운전자 상해정도
2021112200100100,2021년 11월 22일 07시,월요일,광주광역시 광산구 수완동,경상사고,0,0,1,0,차대차 - 추돌,안전운전불이행,건조,맑음,단일로 - 기타,승용,여,26세,상해없음,승용,여,67세,경상
2021112200100101,2021년 11월 22일 07시,월요일,광주광역시 광산구 운수동,경상사고,0,0,1,0,차대차 - 추돌,안전거리미확보,건조,맑음,단일로 - 기타,화물,남,54세,상해없음,승용,여,27세,경상
2021112200100155,2021년 11월 22일 09시,월요일,광주광역시 광산구 하남동,경상사고,0,0,2,0,차대차 - 추돌,교차로운행방법위반,건조,흐림,교차로 - 교차로안,승용,남,40세,상해없음,승합,남,26세,경상
2021112200100261,2021년 11월 22일 12시,월요일,광주광역시 북구 각화동,경상사고,0,0,2,0,차대차 - 추돌,안전운전불이행,건조,맑음,교차로 - 교차로부근,승용,남,60세,상해없음,승용,남,37세,경상
2021112200100262,2021년 11월 22일 12시,월요일,광주광역시 광산구 월계동,중상사고,0,1,0,0,차대차 - 측면충돌,직진우회전진행방해,젖음/습기,흐림,교차로 - 교차로안,승용,남,62세,상해없음,이륜,남,42세,중상
2021112200100302,2021년 11월 22일 13시,월요일,광주광역시 북구 용두동,경상사고,0,0,1,1,차대차 - 기타,안전거리미확보,건조,맑음,단일로 - 기타,승용,여,50세,부상신고,이륜,남,25세,경상
2021112200100343,2021년 11월 22일 14시,월요일,광주광역시 북구 두암동,중상사고,0,1,1,0,차대사람 - 차도통행중,안전운전불이행,건조,맑음,단일로 - 기타,승용,남,75세,상해없음,보행자,남,36세,중상
2021112200100344,2021년 11월 22일 14시,월요일,광주광역시 광산구 흑석동,경상사고,0,0,3,0,차대차 - 측면충돌,안전운전불이행,건조,맑음,교차로 - 교차로부근,자전거,남,69세,경상,화물,남,51세,경상
2021112200100371,2021년 11월 22일 15시,월요일,광주광역시 북구 신안동,경상사고,0,0,1,0,차대차 - 추돌,안전운전불이행,건조,맑음,단일로 - 기타,승용,여,67세,상해없음,화물,남,61세,경상
2021112200100447,2021년 11월 22일 17시,월요일,광주광역시 서구 풍암동,경상사고,0,0,1,0,차대차 - 측면충돌,안전운전불이행,건조,맑음,교차로 - 교차로안,승용,여,50세,상해없음,이륜,남,34세,경상
2021112200100448,2021년 11월 22일 17시,월요일,광주광역시 광산구 우산동,경상사고,0,0,1,0,차대차 - 기타,교차로운행방법위반,젖음/습기,비,교차로 - 교차로부근,승용,남,52세,상해없음,이륜,남,61세,경상
2021112200100506,2021년 11월 22일 18시,월요일,광주광역시 서구 금호동,경상사고,0,0,1,0,차대차 - 측면충돌,안전운전불이행,건조,흐림,교차로 - 교차로안,이륜,남,45세,상해없음,승용,남,26세,경상
2021112200100507,2021년 11월 22일 18시,월요일,광주광역시 북구 연제동,경상사고,0,0,1,0,차대차 - 측면충돌,기타,건조,맑음,교차로 - 교차로안,승용,여,56세,상해없음,이륜,남,17세,경상
2021112200100508,2021년 11월 22일 18시,월요일,광주광역시 북구 삼각동,경상사고,0,0,1,0,차대차 - 기타,안전운전불이행,건조,맑음,교차로 - 교차로안,이륜,남,23세,경상,승용,남,23세,상해없음
2021112200100509,2021년 11월 22일 18시,월요일,광주광역시 북구 용봉동,경상사고,0,0,2,0,차대차 - 기타,신호위반,건조,맑음,단일로 - 기타,이륜,남,24세,경상,화물,남,26세,경상
2021112200100510,2021년 11월 22일 18시,월요일,광주광역시 광산구 선암동,경상사고,0,0,3,1,차대차 - 측면충돌,교차로운행방법위반,건조,맑음,교차로 - 교차로안,승용,남,47세,부상신고,화물,남,55세,경상
2021112200100511,2021년 11월 22일 18시,월요일,광주광역시 광산구 우산동,경상사고,0,0,3,0,차대차 - 추돌,안전운전불이행,건조,맑음,단일로 - 기타,승용,남,40세,경상,승합,남,39세,경상
2021112200100544,2021년 11월 22일 19시,월요일,광주광역시 서구 치평동,경상사고,0,0,2,0,차대차 - 측면충돌,중앙선침범,건조,맑음,단일로 - 기타,승용,여,28세,상해없음,승용,남,32세,경상
2021112200100564,2021년 11월 22일 20시,월요일,광주광역시 서구 치평동,경상사고,0,0,1,0,차대차 - 추돌,안전거리미확보,건조,맑음,교차로 - 교차로부근,승용,여,52세,상해없음,승용,남,31세,경상
2021112200100604,2021년 11월 22일 22시,월요일,광주광역시 북구 오치동,경상사고,0,0,1,0,차대차 - 측면충돌,안전운전불이행,건조,맑음,교차로 - 교차로안,승용,여,54세,상해없음,승용,남,27세,경상
2021112200100605,2021년 11월 22일 22시,월요일,광주광역시 광산구 우산동,경상사고,0,0,1,0,차대사람 - 기타,안전운전불이행,건조,맑음,단일로 - 기타,승용,남,59세,상해없음,보행자,남,44세,경상
2021112200100620,2021년 11월 22일 23시,월요일,광주광역시 서구 동천동,경상사고,0,0,1,0,차대차 - 추돌,안전운전불이행,건조,흐림,교차로 - 교차로부근,승용,남,42세,상해없음,승용,남,41세,경상
2021112300100021,2021년 11월 23일 01시,화요일,광주광역시 서구 쌍촌동,경상사고,0,0,2,0,차대사람 - 횡단중,안전운전불이행,건조,맑음,단일로 - 기타,개인형이동수단(PM),남,22세,경상,보행자,남,28세,경상
2021112300100034,2021년 11월 23일 04시,화요일,광주광역시 서구 쌍촌동,경상사고,0,0,2,0,차대차 - 측면충돌,안전운전불이행,건조,맑음,교차로 - 교차로부근,승용,남,25세,상해없음,승용,남,24세,경상
2021112300100072,2021년 11월 23일 07시,화요일,광주광역시 광산구 월곡동,경상사고,0,0,2,0,차대차 - 측면충돌,신호위반,건조,맑음,교차로 - 교차로부근,화물,남,50세,경상,승용,남,42세,경상
2021112300100112,2021년 11월 23일 08시,화요일,광주광역시 서구 금호동,경상사고,0,0,1,0,차대차 - 측면충돌,안전운전불이행,건조,맑음,단일로 - 기타,승용,남,62세,상해없음,승용,여,49세,경상
2021112300100113,2021년 11월 23일 08시,화요일,광주광역시 남구 월산동,중상사고,0,1,0,0,차대사람 - 횡단중,안전운전불이행,건조,맑음,단일로 - 기타,화물,남,66세,상해없음,보행자,남,7세,중상
2021112300100114,2021년 11월 23일 08시,화요일,광주광역시 북구 신안동,경상사고,0,0,1,0,차대차 - 추돌,안전거리미확보,젖음/습기,흐림,교차로 - 교차로부근,승용,여,28세,상해없음,승용,여,25세,경상
2021112300100147,2021년 11월 23일 09시,화요일,광주광역시 남구 임암동,경상사고,0,0,1,0,차대차 - 측면충돌,교차로운행방법위반,건조,맑음,교차로 - 교차로부근,승용,여,29세,상해없음,승용,여,41세,경상
2021112300100177,2021년 11월 23일 10시,화요일,광주광역시 남구 서동,경상사고,0,0,1,0,차대사람 - 횡단중,보행자보호의무위반,건조,맑음,교차로 - 교차로횡단보도내,기타불명,기타불명,미분류,기타불명,보행자,남,65세,경상
2021112300100178,2021년 11월 23일 10시,화요일,광주광역시 북구 동림동,경상사고,0,0,1,0,차대차 - 측면충돌,신호위반,건조,맑음,교차로 - 교차로안,승용,남,39세,상해없음,화물,남,50세,경상
2021112300100179,2021년 11월 23일 10시,화요일,광주광역시 북구 망월동,경상사고,0,0,1,0,차대차 - 추돌,안전거리미확보,건조,맑음,교차로 - 교차로부근,건설기계,남,66세,상해없음,승용,여,70세,경상
2021112300100180,2021년 11월 23일 10시,화요일,광주광역시 광산구 송정동,경상사고,0,0,2,0,차대차 - 측면충돌,신호위반,건조,흐림,교차로 - 교차로안,승용,남,32세,경상,이륜,남,48세,경상
2021112300100213,2021년 11월 23일 11시,화요일,광주광역시 남구 월산동,중상사고,0,1,0,0,차대사람 - 길가장자리구역통행중,안전운전불이행,젖음/습기,흐림,단일로 - 기타,화물,남,36세,상해없음,보행자,여,63세,중상
2021112300100236,2021년 11월 23일 12시,화요일,광주광역시 북구 중흥동,부상신고사고,0,0,0,1,차대사람 - 기타,안전운전불이행,젖음/습기,맑음,단일로 - 기타,승용,남,24세,상해없음,보행자,남,30세,부상신고
2021112300100237,2021년 11월 23일 12시,화요일,광주광역시 광산구 신촌동,경상사고,0,0,1,0,차대사람 - 횡단중,신호위반,건조,맑음,단일로 - 기타,승용,여,57세,상해없음,보행자,여,83세,경상
2021112300100266,2021년 11월 23일 13시,화요일,광주광역시 서구 치평동,경상사고,0,0,3,0,차대차 - 측면충돌,안전운전불이행,건조,맑음,교차로 - 교차로안,승용,여,55세,경상,승용,남,46세,경상
2021112300100267,2021년 11월 23일 13시,화요일,광주광역시 남구 주월동,경상사고,0,0,1,0,차대사람 - 횡단중,안전거리미확보,젖음/습기,비,단일로 - 기타,이륜,남,37세,상해없음,보행자,남,18세,경상
2021112300100299,2021년 11월 23일 14시,화요일,광주광역시 북구 일곡동,경상사고,0,0,1,0,차대사람 - 기타,안전운전불이행,젖음/습기,비,기타 - 기타,승용,남,67세,상해없음,보행자,남,38세,경상
2021112300100361,2021년 11월 23일 16시,화요일,광주광역시 동구 용산동,중상사고,0,1,0,0,차대사람 - 횡단중,안전운전불이행,건조,맑음,단일로 - 기타,승용,여,51세,상해없음,보행자,여,72세,중상
2021112300100411,2021년 11월 23일 17시,화요일,광주광역시 북구 두암동,경상사고,0,0,2,0,차대사람 - 횡단중,안전운전불이행,젖음/습기,비,단일로 - 기타,승용,남,67세,경상,보행자,여,20세,경상
2021112300100412,2021년 11월 23일 17시,화요일,광주광역시 광산구 쌍암동,경상사고,0,0,1,1,차대차 - 측면충돌,직진우회전진행방해,건조,맑음,교차로 - 교차로안,화물,남,67세,부상신고,승용,여,51세,경상
2021112300100469,2021년 11월 23일 18시,화요일,광주광역시 서구 치평동,중상사고,0,1,1,0,차대차 - 측면충돌,안전거리미확보,젖음/습기,비,단일로 - 기타,승용,남,62세,경상,승용,남,69세,중상
2021112300100470,2021년 11월 23일 18시,화요일,광주광역시 북구 운암동,경상사고,0,0,1,0,차대차 - 측면충돌,차로위반,젖음/습기,비,단일로 - 기타,화물,남,68세,상해없음,화물,남,49세,경상
2021112300100471,2021년 11월 23일 18시,화요일,광주광역시 광산구 월계동,중상사고,0,1,0,0,차대차 - 측면충돌,신호위반,건조,맑음,교차로 - 교차로안,승용,여,20세,상해없음,이륜,남,43세,중상
2021112300100472,2021년 11월 23일 18시,화요일,광주광역시 광산구 장덕동,중상사고,0,1,0,0,차대차 - 기타,안전운전불이행,젖음/습기,비,교차로 - 교차로횡단보도내,승용,남,48세,상해없음,자전거,남,56세,중상
2021112300100510,2021년 11월 23일 19시,화요일,광주광역시 서구 화정동,경상사고,0,0,4,0,차대차 - 기타,직진우회전진행방해,젖음/습기,흐림,교차로 - 교차로안,승용,남,24세,경상,승용,남,49세,경상
2021112300100511,2021년 11월 23일 19시,화요일,광주광역시 북구 운암동,경상사고,0,0,1,0,차대차 - 정면충돌,중앙선침범,건조,맑음,교차로 - 교차로부근,승용,여,62세,상해없음,승용,남,37세,경상
2021112300100512,2021년 11월 23일 19시,화요일,광주광역시 북구 운암동,경상사고,0,0,1,0,차대차 - 측면충돌,안전운전불이행,젖음/습기,비,교차로 - 교차로안,화물,남,24세,상해없음,자전거,남,24세,경상
2021112300100513,2021년 11월 23일 19시,화요일,광주광역시 북구 신안동,경상사고,0,0,2,1,차대차 - 기타,교차로운행방법위반,건조,맑음,교차로 - 교차로안,승용,남,40세,부상신고,승용,여,30세,경상
2021112300100514,2021년 11월 23일 19시,화요일,광주광역시 북구 운암동,경상사고,0,0,1,0,차대차 - 측면충돌,안전운전불이행,젖음/습기,비,교차로 - 교차로부근,승용,여,26세,상해없음,승용,여,42세,경상
2021112300100580,2021년 11월 23일 22시,화요일,광주광역시 서구 동천동,경상사고,0,0,1,0,차대사람 - 기타,안전운전불이행,젖음/습기,흐림,단일로 - 기타,승용,남,67세,상해없음,보행자,남,47세,경상
2021112400100006,2021년 11월 24일 00시,수요일,광주광역시 광산구 송정동,경상사고,0,0,1,0,차대차 - 측면충돌,신호위반,건조,맑음,교차로 - 교차로안,승용,여,51세,상해없음,승용,남,52세,경상
2021112400100035,2021년 11월 24일 05시,수요일,광주광역시 북구 운암동,경상사고,0,0,1,0,차대차 - 기타,안전거리미확보,건조,맑음,단일로 - 기타,승용,남,57세,상해없음,승용,남,67세,경상
2021112400100077,2021년 11월 24일 07시,수요일,광주광역시 동구 소태동,경상사고,0,0,1,0,차대차 - 기타,신호위반,건조,맑음,단일로 - 터널,승용,남,50세,상해없음,승용,여,56세,경상
2021112400100078,2021년 11월 24일 07시,수요일,광주광역시 서구 금호동,경상사고,0,0,4,0,차대차 - 추돌,안전운전불이행,건조,맑음,기타 - 기타,승용,여,43세,상해없음,승용,여,43세,경상
2021112400100104,2021년 11월 24일 08시,수요일,광주광역시 동구 운림동,경상사고,0,0,1,0,차대차 - 후진중충돌,안전운전불이행,건조,맑음,단일로 - 기타,승용,남,65세,기타불명,승용,여,40세,경상
2021112400100129,2021년 11월 24일 09시,수요일,광주광역시 서구 쌍촌동,경상사고,0,0,1,0,차대차 - 측면충돌,신호위반,건조,맑음,교차로 - 교차로안,승용,남,40세,상해없음,승용,남,27세,경상
2021112400100130,2021년 11월 24일 09시,수요일,광주광역시 광산구 수완동,경상사고,0,0,1,0,차대차 - 측면충돌,교차로운행방법위반,건조,맑음,교차로 - 교차로안,승용,여,40세,상해없음,승합,남,43세,경상
2021112400100158,2021년 11월 24일 10시,수요일,광주광역시 광산구 오선동,경상사고,0,0,1,0,차대차 - 기타,교차로운행방법위반,건조,맑음,교차로 - 교차로안,화물,남,60세,상해없음,승용,남,59세,경상
2021112400100181,2021년 11월 24일 11시,수요일,광주광역시 북구 우산동,경상사고,0,0,1,0,차대사람 - 기타,안전운전불이행,건조,맑음,교차로 - 교차로부근,승용,여,76세,상해없음,보행자,남,37세,경상
2021112400100182,2021년 11월 24일 11시,수요일,광주광역시 광산구 월계동,경상사고,0,0,2,2,차대차 - 정면충돌,안전운전불이행,건조,맑음,교차로 - 교차로안,승용,여,25세,부상신고,승용,남,53세,경상
2021112400100254,2021년 11월 24일 13시,수요일,광주광역시 동구 내남동,중상사고,0,1,0,0,차대차 - 추돌,신호위반,건조,맑음,교차로 - 교차로안,이륜,남,16세,중상,승용,여,43세,상해없음
2021112400100255,2021년 11월 24일 13시,수요일,광주광역시 서구 유촌동,경상사고,0,0,1,0,차대차 - 추돌,안전운전불이행,건조,맑음,단일로 - 기타,승용,남,31세,상해없음,승용,여,54세,경상
2021112400100256,2021년 11월 24일 13시,수요일,광주광역시 북구 임동,경상사고,0,0,3,0,차대차 - 측면충돌,안전운전불이행,건조,맑음,교차로 - 교차로안,승용,남,73세,경상,승용,남,55세,경상
2021112400100303,2021년 11월 24일 15시,수요일,광주광역시 광산구 월계동,경상사고,0,0,2,0,차대차 - 기타,안전거리미확보,건조,맑음,교차로 - 교차로부근,승용,남,51세,기타불명,승용,여,40세,경상
2021112400100383,2021년 11월 24일 17시,수요일,광주광역시 남구 월산동,경상사고,0,0,1,0,차대차 - 기타,안전운전불이행,건조,맑음,단일로 - 기타,승용,여,60세,상해없음,승용,남,38세,경상
2021112400100459,2021년 11월 24일 18시,수요일,광주광역시 동구 소태동,경상사고,0,0,3,0,차대차 - 추돌,안전거리미확보,건조,맑음,단일로 - 기타,건설기계,남,74세,상해없음,승용,여,54세,상해없음
2021112400100460,2021년 11월 24일 18시,수요일,광주광역시 동구 동명동,경상사고,0,0,1,0,차대차 - 측면충돌,안전거리미확보,건조,맑음,단일로 - 기타,승용,여,62세,상해없음,승용,여,34세,경상
2021112400100461,2021년 11월 24일 18시,수요일,광주광역시 남구 주월동,중상사고,0,1,0,0,차대차 - 추돌,안전거리미확보,건조,맑음,단일로 - 기타,승용,남,44세,상해없음,승용,남,41세,중상
2021112400100462,2021년 11월 24일 18시,수요일,광주광역시 북구 풍향동,경상사고,0,0,3,0,차대차 - 추돌,안전운전불이행,건조,맑음,단일로 - 기타,승용,남,57세,상해없음,승용,남,52세,경상
2021112400100463,2021년 11월 24일 18시,수요일,광주광역시 광산구 도천동,경상사고,0,0,1,0,차대차 - 기타,안전운전불이행,건조,맑음,교차로 - 교차로안,이륜,남,33세,경상,승용,남,59세,상해없음
2021112400100464,2021년 11월 24일 18시,수요일,광주광역시 광산구 수완동,경상사고,0,0,1,1,차대차 - 측면충돌,안전거리미확보,건조,맑음,교차로 - 교차로부근,승용,여,25세,부상신고,승용,여,56세,경상
2021112400100544,2021년 11월 24일 21시,수요일,광주광역시 광산구 송정동,경상사고,0,0,1,0,차대사람 - 기타,안전운전불이행,건조,맑음,단일로 - 기타,승용,남,53세,상해없음,보행자,남,70세,상해없음
2021112400100556,2021년 11월 24일 22시,수요일,광주광역시 광산구 도산동,경상사고,0,0,1,0,차대사람 - 횡단중,안전운전불이행,건조,맑음,단일로 - 기타,이륜,남,19세,상해없음,보행자,남,35세,경상
2021112400100557,2021년 11월 24일 22시,수요일,광주광역시 광산구 우산동,경상사고,0,0,3,0,차대차 - 측면충돌,신호위반,건조,맑음,교차로 - 교차로안,이륜,남,27세,경상,승용,남,51세,경상
2021112400100558,2021년 11월 24일 22시,수요일,광주광역시 광산구 장덕동,중상사고,0,1,0,0,차대차 - 기타,신호위반,건조,맑음,교차로 - 교차로횡단보도내,승용,남,79세,상해없음,개인형이동수단(PM),여,17세,중상
2021112400100576,2021년 11월 24일 23시,수요일,광주광역시 서구 치평동,경상사고,0,0,1,0,차대차 - 추돌,안전운전불이행,건조,맑음,단일로 - 기타,승용,남,38세,상해없음,승용,여,24세,경상
2021112400100577,2021년 11월 24일 23시,수요일,광주광역시 북구 북동,경상사고,0,0,1,0,차대차 - 측면충돌,안전운전불이행,건조,맑음,단일로 - 기타,승용,남,58세,상해없음,승용,남,34세,경상
2021112500100019,2021년 11월 25일 01시,목요일,광주광역시 서구 농성동,중상사고,0,1,0,0,차량단독 - 전도전복 - 전복,안전운전불이행,건조,맑음,단일로 - 기타,승용,남,28세,상해없음,,,,
2021112500100086,2021년 11월 25일 07시,목요일,광주광역시 광산구 소촌동,경상사고,0,0,2,0,차대차 - 측면충돌,안전거리미확보,건조,맑음,단일로 - 기타,승용,남,37세,상해없음,화물,남,58세,경상
2021112500100127,2021년 11월 25일 08시,목요일,광주광역시 광산구 월전동,부상신고사고,0,0,0,2,차대차 - 기타,안전거리미확보,건조,맑음,교차로 - 교차로안,승용,남,25세,부상신고,승용,남,78세,부상신고
2021112500100164,2021년 11월 25일 09시,목요일,광주광역시 동구 지산동,중상사고,0,1,0,0,차대사람 - 기타,안전운전불이행,건조,맑음,단일로 - 기타,승용,남,57세,상해없음,보행자,여,77세,중상
2021112500100165,2021년 11월 25일 09시,목요일,광주광역시 서구 쌍촌동,경상사고,0,0,2,0,차대차 - 기타,안전운전불이행,건조,맑음,단일로 - 기타,승용,남,69세,상해없음,승용,여,32세,경상
2021112500100166,2021년 11월 25일 09시,목요일,광주광역시 북구 일곡동,경상사고,0,0,1,0,차대차 - 측면충돌,신호위반,건조,맑음,교차로 - 교차로부근,승용,남,69세,상해없음,승용,여,36세,경상
2021112500100167,2021년 11월 25일 09시,목요일,광주광역시 광산구 선암동,경상사고,0,0,2,0,차대차 - 측면충돌,신호위반,건조,맑음,교차로 - 교차로안,승용,남,53세,경상,승용,여,39세,경상
2021112500100196,2021년 11월 25일 10시,목요일,광주광역시 동구 지산동,경상사고,0,0,3,0,차대차 - 추돌,안전거리미확보,건조,맑음,단일로 - 터널,화물,남,31세,상해없음,화물,남,38세,경상
2021112500100197,2021년 11월 25일 10시,목요일,광주광역시 북구 용두동,경상사고,0,0,1,0,차대차 - 측면충돌,교차로운행방법위반,건조,맑음,교차로 - 교차로안,화물,남,61세,상해없음,화물,여,64세,경상
2021112500100267,2021년 11월 25일 12시,목요일,광주광역시 광산구 옥동,경상사고,0,0,1,0,차대차 - 추돌,안전운전불이행,건조,맑음,교차로 - 교차로부근,승용,남,58세,상해없음,화물,남,34세,경상
2021112500100295,2021년 11월 25일 13시,목요일,광주광역시 남구 봉선동,사망사고,1,0,0,0,차대사람 - 기타,안전운전불이행,건조,맑음,교차로 - 교차로안,승용,여,42세,상해없음,보행자,남,84세,사망
2021112500100296,2021년 11월 25일 13시,목요일,광주광역시 북구 동림동,경상사고,0,0,1,0,차대사람 - 횡단중,보행자보호의무위반,건조,맑음,교차로 - 교차로부근,승용,남,71세,상해없음,보행자,남,61세,경상
2021112500100297,2021년 11월 25일 13시,목요일,광주광역시 광산구 산정동,경상사고,0,0,1,0,차대차 - 측면충돌,교차로운행방법위반,건조,맑음,교차로 - 교차로안,자전거,남,72세,경상,화물,남,59세,상해없음
2021112500100348,2021년 11월 25일 14시,목요일,광주광역시 서구 쌍촌동,중상사고,0,1,0,0,차대사람 - 기타,안전운전불이행,건조,맑음,단일로 - 기타,승합,남,33세,상해없음,보행자,여,81세,중상
2021112500100349,2021년 11월 25일 14시,목요일,광주광역시 서구 풍암동,경상사고,0,0,1,0,차대차 - 추돌,안전운전불이행,건조,맑음,교차로 - 교차로부근,승용,남,68세,상해없음,승용,남,60세,경상
2021112500100350,2021년 11월 25일 14시,목요일,광주광역시 서구 매월동,경상사고,0,0,1,0,차대차 - 측면충돌,중앙선침범,건조,맑음,교차로 - 교차로부근,승용,남,73세,상해없음,승용,여,39세,경상
2021112500100351,2021년 11월 25일 14시,목요일,광주광역시 북구 두암동,경상사고,0,0,1,0,차대차 - 측면충돌,안전거리미확보,건조,맑음,교차로 - 교차로안,승용,남,27세,상해없음,승용,여,51세,경상
2021112500100352,2021년 11월 25일 14시,목요일,광주광역시 북구 오치동,경상사고,0,0,1,0,차대사람 - 기타,기타,건조,맑음,단일로 - 기타,자전거,여,65세,상해없음,보행자,남,64세,경상
2021112500100386,2021년 11월 25일 15시,목요일,광주광역시 남구 임암동,경상사고,0,0,1,0,차대차 - 기타,안전운전불이행,건조,맑음,단일로 - 기타,승용,남,75세,상해없음,건설기계,남,46세,경상
2021112500100432,2021년 11월 25일 16시,목요일,광주광역시 광산구 신가동,경상사고,0,0,5,0,차대차 - 기타,안전거리미확보,건조,맑음,단일로 - 기타,승용,여,52세,경상,화물,남,20세,경상
2021112500100433,2021년 11월 25일 16시,목요일,광주광역시 광산구 산정동,경상사고,0,0,1,0,차대차 - 기타,안전거리미확보,건조,맑음,단일로 - 기타,승용,여,39세,상해없음,승용,남,34세,경상
2021112500100540,2021년 11월 25일 18시,목요일,광주광역시 북구 운암동,경상사고,0,0,3,0,차대차 - 측면충돌,안전거리미확보,건조,맑음,교차로 - 교차로부근,승용,여,40세,경상,승용,남,29세,경상
2021112500100541,2021년 11월 25일 18시,목요일,광주광역시 광산구 운남동,경상사고,0,0,2,0,차대차 - 측면충돌,차로위반,건조,맑음,단일로 - 기타,이륜,남,61세,경상,이륜,남,21세,경상
2021112500100660,2021년 11월 25일 22시,목요일,광주광역시 북구 누문동,사망사고,1,0,0,0,차대차 - 추돌,안전운전불이행,건조,맑음,단일로 - 기타,승용,남,34세,상해없음,원동기,남,46세,사망
2021112600100013,2021년 11월 26일 00시,금요일,광주광역시 동구 소태동,경상사고,0,0,1,1,차대차 - 추돌,안전거리미확보,건조,맑음,단일로 - 기타,승용,남,48세,상해없음,승용,여,29세,경상
2021112600100014,2021년 11월 26일 00시,금요일,광주광역시 동구 동명동,경상사고,0,0,1,0,차대차 - 기타,신호위반,건조,맑음,교차로 - 교차로안,승용,남,46세,상해없음,승용,여,23세,경상
2021112600100015,2021년 11월 26일 00시,금요일,광주광역시 남구 주월동,경상사고,0,0,1,0,차대사람 - 기타,기타,건조,맑음,단일로 - 기타,승용,남,60세,상해없음,보행자,남,27세,경상
2021112600100016,2021년 11월 26일 00시,금요일,광주광역시 광산구 운남동,부상신고사고,0,0,0,1,차대사람 - 기타,안전운전불이행,건조,맑음,단일로 - 기타,기타불명,기타불명,미분류,기타불명,보행자,남,45세,부상신고
2021112600100033,2021년 11월 26일 02시,금요일,광주광역시 서구 쌍촌동,경상사고,0,0,1,0,차대사람 - 기타,안전운전불이행,건조,맑음,단일로 - 기타,이륜,남,26세,상해없음,보행자,남,22세,경상
2021112600100042,2021년 11월 26일 04시,금요일,광주광역시 동구 장동,경상사고,0,0,1,0,차대차 - 추돌,신호위반,건조,맑음,교차로 - 교차로안,승용,남,23세,상해없음,승용,남,60세,경상
2021112600100049,2021년 11월 26일 05시,금요일,광주광역시 서구 금호동,경상사고,0,0,1,0,차대차 - 측면충돌,교차로운행방법위반,건조,맑음,교차로 - 교차로안,승용,여,69세,경상,승용,남,55세,상해없음
2021112600100050,2021년 11월 26일 05시,금요일,광주광역시 북구 각화동,경상사고,0,0,1,0,차대차 - 측면충돌,신호위반,건조,맑음,교차로 - 교차로안,승용,여,50세,상해없음,승용,남,21세,경상
2021112600100148,2021년 11월 26일 08시,금요일,광주광역시 북구 용두동,경상사고,0,0,1,0,차대차 - 추돌,안전운전불이행,건조,맑음,단일로 - 기타,승용,남,56세,상해없음,승용,남,30세,경상
2021112600100188,2021년 11월 26일 09시,금요일,광주광역시 서구 쌍촌동,경상사고,0,0,1,0,차대차 - 측면충돌,안전운전불이행,건조,맑음,교차로 - 교차로안,자전거,남,78세,경상,승용,여,59세,상해없음
2021112600100189,2021년 11월 26일 09시,금요일,광주광역시 북구 각화동,경상사고,0,0,4,0,차대차 - 측면충돌,안전운전불이행,건조,맑음,단일로 - 기타,승용,여,54세,경상,승용,여,35세,경상
2021112600100220,2021년 11월 26일 10시,금요일,광주광역시 북구 운암동,경상사고,0,0,1,0,차대차 - 추돌,안전운전불이행,건조,맑음,단일로 - 기타,승용,남,56세,상해없음,승용,여,62세,경상
2021112600100332,2021년 11월 26일 13시,금요일,광주광역시 동구 동명동,경상사고,0,0,1,0,차대사람 - 보도통행중,신호위반,건조,맑음,교차로 - 교차로횡단보도내,승용,남,36세,상해없음,보행자,여,78세,경상
2021112600100362,2021년 11월 26일 14시,금요일,광주광역시 서구 매월동,경상사고,0,0,1,0,차대사람 - 기타,안전운전불이행,건조,맑음,교차로 - 교차로횡단보도내,승용,남,62세,상해없음,보행자,남,48세,경상
2021112600100363,2021년 11월 26일 14시,금요일,광주광역시 북구 본촌동,경상사고,0,0,1,0,차대사람 - 기타,안전운전불이행,건조,맑음,단일로 - 기타,승용,남,34세,상해없음,보행자,남,67세,경상
2021112600100364,2021년 11월 26일 14시,금요일,광주광역시 광산구 신창동,경상사고,0,0,2,0,차대차 - 측면충돌,안전거리미확보,건조,맑음,단일로 - 기타,승용,여,66세,경상,승용,여,27세,경상
2021112600100407,2021년 11월 26일 15시,금요일,광주광역시 북구 본촌동,경상사고,0,0,1,0,차대차 - 측면충돌,신호위반,건조,맑음,교차로 - 교차로횡단보도내,승용,여,45세,상해없음,승용,여,43세,경상
2021112600100449,2021년 11월 26일 16시,금요일,광주광역시 서구 농성동,경상사고,0,0,2,0,차대차 - 측면충돌,안전거리미확보,건조,맑음,단일로 - 기타,화물,남,60세,상해없음,화물,남,31세,경상
2021112600100450,2021년 11월 26일 16시,금요일,광주광역시 남구 임암동,경상사고,0,0,1,0,차대차 - 측면충돌,안전거리미확보,건조,맑음,단일로 - 기타,승용,여,60세,상해없음,승용,남,33세,경상
2021112600100524,2021년 11월 26일 17시,금요일,광주광역시 서구 쌍촌동,경상사고,0,0,3,0,차대차 - 기타,안전거리미확보,건조,맑음,단일로 - 기타,승용,남,58세,상해없음,승용,남,31세,경상