사고번호,사고일시,요일,시군구,사고내용,사망자수,중상자수,경상자수,부상신고자수,사고유형,법규위반,노면상태,기상상태,도로형태,가해운전자 차종,가해운전자 성별,가해운전자 연령,가해운전자 상해정도,피해운전자 차종,피해운전자 성별,피해운전자 연령,피해운전자 상해정도
2021112600100525,2021년 11월 26일 17시,금요일,광주광역시 서구 치평동,경상사고,0,0,1,0,차대차 - 측면충돌,중앙선침범,건조,맑음,단일로 - 기타,승용,남,60세,상해없음,승용,남,38세,경상
2021112600100526,2021년 11월 26일 17시,금요일,광주광역시 남구 행암동,경상사고,0,0,1,0,차대차 - 측면충돌,교차로운행방법위반,건조,맑음,교차로 - 교차로안,승용,남,62세,상해없음,승용,여,61세,경상
2021112600100588,2021년 11월 26일 18시,금요일,광주광역시 서구 화정동,경상사고,0,0,1,0,차대사람 - 횡단중,안전운전불이행,건조,맑음,교차로 - 교차로안,승용,여,48세,상해없음,보행자,남,61세,경상
2021112600100589,2021년 11월 26일 18시,금요일,광주광역시 북구 월출동,경상사고,0,0,1,0,차대사람 - 기타,교차로운행방법위반,건조,맑음,교차로 - 교차로안,승용,남,37세,상해없음,보행자,여,64세,경상
2021112600100590,2021년 11월 26일 18시,금요일,광주광역시 광산구 산정동,중상사고,0,1,0,0,차대차 - 기타,안전운전불이행,건조,맑음,교차로 - 교차로안,승용,남,58세,상해없음,이륜,남,52세,중상
2021112600100644,2021년 11월 26일 19시,금요일,광주광역시 북구 풍향동,경상사고,0,0,1,0,차대차 - 기타,신호위반,건조,맑음,교차로 - 교차로안,이륜,남,34세,상해없음,이륜,남,18세,경상
2021112600100645,2021년 11월 26일 19시,금요일,광주광역시 광산구 신창동,경상사고,0,0,1,0,차대차 - 측면충돌,신호위반,건조,맑음,교차로 - 교차로안,승용,여,48세,상해없음,승용,남,47세,경상
2021112600100677,2021년 11월 26일 20시,금요일,광주광역시 북구 중흥동,중상사고,0,1,0,0,차대사람 - 횡단중,신호위반,건조,맑음,단일로 - 기타,이륜,남,47세,상해없음,보행자,여,6세,중상
2021112600100678,2021년 11월 26일 20시,금요일,광주광역시 북구 문흥동,중상사고,0,1,0,0,차대사람 - 차도통행중,안전운전불이행,건조,맑음,교차로 - 교차로부근,승용,남,52세,상해없음,보행자,남,67세,중상
2021112600100706,2021년 11월 26일 21시,금요일,광주광역시 서구 쌍촌동,경상사고,0,0,1,1,차대차 - 기타,교차로운행방법위반,건조,맑음,교차로 - 교차로안,화물,남,43세,부상신고,승용,여,67세,경상
2021112600100725,2021년 11월 26일 22시,금요일,광주광역시 광산구 신창동,경상사고,0,0,1,0,차대사람 - 기타,기타,건조,맑음,단일로 - 기타,개인형이동수단(PM),남,18세,상해없음,보행자,여,8세,경상
2021112700100025,2021년 11월 27일 01시,토요일,광주광역시 북구 양산동,경상사고,0,0,1,0,차대차 - 기타,교차로운행방법위반,건조,맑음,교차로 - 교차로안,승용,남,57세,상해없음,승용,남,29세,상해없음
2021112700100036,2021년 11월 27일 03시,토요일,광주광역시 북구 용봉동,경상사고,0,0,2,0,차대차 - 추돌,안전운전불이행,건조,맑음,단일로 - 기타,이륜,남,17세,상해없음,승용,남,34세,경상
2021112700100064,2021년 11월 27일 06시,토요일,광주광역시 동구 학동,중상사고,0,1,0,0,차대사람 - 횡단중,신호위반,건조,맑음,교차로 - 교차로부근,승용,남,53세,상해없음,보행자,여,74세,중상
2021112700100065,2021년 11월 27일 06시,토요일,광주광역시 남구 백운동,경상사고,0,0,1,0,차대차 - 측면충돌,안전운전불이행,건조,맑음,단일로 - 기타,이륜,남,41세,상해없음,승용,남,53세,상해없음
2021112700100077,2021년 11월 27일 07시,토요일,광주광역시 북구 각화동,경상사고,0,0,1,0,차대차 - 기타,차로위반,건조,맑음,단일로 - 기타,승용,여,55세,경상,승용,남,33세,상해없음
2021112700100087,2021년 11월 27일 08시,토요일,광주광역시 북구 동림동,경상사고,0,0,2,0,차대차 - 측면충돌,안전운전불이행,건조,맑음,단일로 - 기타,승용,남,62세,상해없음,승합,남,38세,경상
2021112700100149,2021년 11월 27일 10시,토요일,광주광역시 광산구 운남동,경상사고,0,0,2,0,차대차 - 기타,안전운전불이행,건조,맑음,교차로 - 교차로안,승용,여,25세,경상,승용,여,36세,경상
2021112700100187,2021년 11월 27일 11시,토요일,광주광역시 서구 풍암동,경상사고,0,0,1,0,차대차 - 기타,안전운전불이행,건조,맑음,교차로 - 교차로안,승용,남,39세,상해없음,이륜,남,41세,경상
2021112700100188,2021년 11월 27일 11시,토요일,광주광역시 북구 유동,경상사고,0,0,2,0,차대차 - 기타,안전운전불이행,건조,맑음,교차로 - 교차로안,화물,남,62세,경상,승용,남,29세,경상
2021112700100230,2021년 11월 27일 12시,토요일,광주광역시 서구 쌍촌동,경상사고,0,0,1,0,차량단독 - 기타,안전거리미확보,건조,맑음,단일로 - 기타,승합,남,46세,상해없음,,,,
2021112700100269,2021년 11월 27일 13시,토요일,광주광역시 북구 운암동,경상사고,0,0,2,0,차대차 - 기타,신호위반,건조,맑음,교차로 - 교차로안,이륜,남,18세,상해없음,승용,여,36세,경상
2021112700100312,2021년 11월 27일 14시,토요일,광주광역시 북구 용봉동,중상사고,0,1,0,0,차량단독 - 기타,기타,건조,맑음,단일로 - 기타,승합,남,64세,상해없음,,,,
2021112700100313,2021년 11월 27일 14시,토요일,광주광역시 북구 풍향동,경상사고,0,0,1,0,차대차 - 측면충돌,교차로운행방법위반,건조,맑음,교차로 - 교차로안,승용,남,31세,상해없음,승용,여,61세,경상
2021112700100357,2021년 11월 27일 15시,토요일,광주광역시 북구 두암동,중상사고,0,1,0,0,차대차 - 측면충돌,안전운전불이행,건조,맑음,교차로 - 교차로안,건설기계,남,52세,상해없음,자전거,남,73세,중상
2021112700100358,2021년 11월 27일 15시,토요일,광주광역시 북구 동림동,경상사고,0,0,1,0,차대차 - 추돌,안전거리미확보,건조,맑음,단일로 - 기타,승용,남,56세,상해없음,승용,여,39세,경상
2021112700100395,2021년 11월 27일 16시,토요일,광주광역시 서구 광천동,경상사고,0,0,1,0,차대차 - 기타,안전운전불이행,건조,맑음,단일로 - 기타,승용,여,42세,상해없음,승용,남,39세,경상
2021112700100439,2021년 11월 27일 17시,토요일,광주광역시 광산구 신창동,경상사고,0,0,1,0,차대차 - 기타,교차로운행방법위반,건조,흐림,단일로 - 기타,승용,여,35세,상해없음,이륜,남,25세,경상
2021112700100488,2021년 11월 27일 18시,토요일,광주광역시 남구 주월동,중상사고,0,1,3,0,차대차 - 측면충돌,신호위반,건조,맑음,교차로 - 교차로안,승용,남,56세,상해없음,승합,남,56세,상해없음
2021112700100489,2021년 11월 27일 18시,토요일,광주광역시 북구 양산동,경상사고,0,0,1,0,차대차 - 기타,안전거리미확보,젖음/습기,비,단일로 - 기타,승용,남,23세,상해없음,승용,여,30세,경상
2021112700100490,2021년 11월 27일 18시,토요일,광주광역시 광산구 월계동,중상사고,0,1,1,0,차대차 - 정면충돌,중앙선침범,건조,맑음,교차로 - 교차로부근,이륜,남,53세,중상,이륜,남,44세,경상
2021112700100491,2021년 11월 27일 18시,토요일,광주광역시 광산구 월계동,경상사고,0,0,2,0,차대차 - 측면충돌,안전운전불이행,건조,맑음,교차로 - 교차로부근,승용,여,56세,경상,승용,여,61세,경상
2021112700100583,2021년 11월 27일 22시,토요일,광주광역시 남구 봉선동,경상사고,0,0,1,0,차대차 - 측면충돌,교차로운행방법위반,건조,맑음,교차로 - 교차로안,이륜,남,24세,상해없음,승용,남,55세,경상
2021112800100016,2021년 11월 28일 00시,일요일,광주광역시 북구 용봉동,경상사고,0,0,1,0,차대차 - 추돌,안전운전불이행,건조,맑음,단일로 - 기타,이륜,남,55세,상해없음,승용,남,27세,경상
2021112800100045,2021년 11월 28일 03시,일요일,광주광역시 북구 삼각동,경상사고,0,0,1,0,차대차 - 추돌,안전운전불이행,건조,맑음,단일로 - 기타,승용,남,31세,상해없음,승용,여,24세,기타불명
2021112800100127,2021년 11월 28일 10시,일요일,광주광역시 북구 용봉동,경상사고,0,0,2,0,차대차 - 기타,신호위반,건조,맑음,교차로 - 교차로안,승용,여,57세,상해없음,승용,남,61세,경상
2021112800100128,2021년 11월 28일 10시,일요일,광주광역시 광산구 월계동,경상사고,0,0,1,0,차대차 - 기타,신호위반,건조,맑음,교차로 - 교차로안,승용,여,54세,상해없음,승용,남,53세,경상
2021112800100153,2021년 11월 28일 11시,일요일,광주광역시 광산구 송정동,경상사고,0,0,1,0,차대사람 - 차도통행중,안전운전불이행,건조,맑음,교차로 - 교차로횡단보도내,승용,여,60세,상해없음,보행자,남,58세,경상
2021112800100181,2021년 11월 28일 12시,일요일,광주광역시 광산구 신창동,중상사고,0,1,0,0,차대차 - 측면충돌,신호위반,건조,맑음,교차로 - 교차로안,승용,여,36세,상해없음,이륜,남,19세,중상
2021112800100304,2021년 11월 28일 16시,일요일,광주광역시 북구 연제동,경상사고,0,0,1,0,차대차 - 기타,신호위반,건조,맑음,교차로 - 교차로안,승용,남,63세,상해없음,승용,여,52세,경상
2021112800100328,2021년 11월 28일 17시,일요일,광주광역시 동구 학동,사망사고,1,0,0,0,차대사람 - 차도통행중,안전운전불이행,건조,맑음,단일로 - 기타,승용,남,63세,상해없음,보행자,여,83세,사망
2021112800100370,2021년 11월 28일 18시,일요일,광주광역시 북구 삼각동,경상사고,0,0,3,0,차대차 - 추돌,안전운전불이행,건조,맑음,교차로 - 교차로부근,승용,남,53세,상해없음,승용,여,64세,경상
2021112800100371,2021년 11월 28일 18시,일요일,광주광역시 광산구 우산동,경상사고,0,0,1,0,차대차 - 측면충돌,안전운전불이행,건조,맑음,교차로 - 교차로부근,승용,남,37세,상해없음,승용,여,48세,경상
2021112800100372,2021년 11월 28일 18시,일요일,광주광역시 광산구 월곡동,부상신고사고,0,0,0,1,차대사람 - 길가장자리구역통행중,안전운전불이행,건조,맑음,교차로 - 교차로부근,승용,남,60세,기타불명,보행자,남,46세,부상신고
2021112800100400,2021년 11월 28일 19시,일요일,광주광역시 서구 농성동,중상사고,0,1,0,0,차대차 - 측면충돌,안전운전불이행,건조,맑음,교차로 - 교차로부근,승용,여,50세,상해없음,이륜,남,38세,중상
2021112800100401,2021년 11월 28일 19시,일요일,광주광역시 서구 농성동,중상사고,0,1,0,0,차대차 - 측면충돌,중앙선침범,건조,맑음,단일로 - 기타,승용,여,41세,상해없음,이륜,남,20세,중상
2021112800100432,2021년 11월 28일 20시,일요일,광주광역시 북구 임동,경상사고,0,0,2,0,차대차 - 추돌,안전거리미확보,건조,맑음,단일로 - 기타,승용,남,24세,상해없음,승용,남,30세,경상
2021112800100451,2021년 11월 28일 21시,일요일,광주광역시 광산구 산정동,경상사고,0,0,1,0,차대차 - 추돌,안전운전불이행,건조,맑음,교차로 - 교차로횡단보도내,승용,남,62세,상해없음,이륜,남,36세,경상
2021112800100486,2021년 11월 28일 23시,일요일,광주광역시 광산구 산월동,경상사고,0,0,1,0,차대차 - 기타,신호위반,건조,맑음,교차로 - 교차로횡단보도내,이륜,남,47세,상해없음,자전거,남,20세,경상
2021112900100135,2021년 11월 29일 08시,월요일,광주광역시 서구 쌍촌동,중상사고,0,1,2,0,차대차 - 기타,중앙선침범,건조,맑음,단일로 - 기타,승용,여,62세,경상,이륜,남,17세,중상
2021112900100136,2021년 11월 29일 08시,월요일,광주광역시 광산구 산정동,부상신고사고,0,0,0,1,차대차 - 기타,안전운전불이행,건조,맑음,교차로 - 교차로안,자전거,여,19세,부상신고,승용,남,36세,상해없음
2021112900100336,2021년 11월 29일 14시,월요일,광주광역시 북구 풍향동,경상사고,0,0,1,0,차대사람 - 기타,안전운전불이행,건조,맑음,단일로 - 기타,승용,남,40세,상해없음,보행자,여,81세,경상
2021112900100381,2021년 11월 29일 15시,월요일,광주광역시 북구 양산동,경상사고,0,0,1,0,차대사람 - 횡단중,안전운전불이행,건조,맑음,교차로 - 교차로안,승용,여,34세,상해없음,보행자,여,83세,경상
2021112900100464,2021년 11월 29일 17시,월요일,광주광역시 동구 산수동,경상사고,0,0,1,0,차대차 - 추돌,신호위반,건조,맑음,교차로 - 교차로안,승용,여,48세,상해없음,이륜,남,35세,경상
2021112900100465,2021년 11월 29일 17시,월요일,광주광역시 남구 봉선동,경상사고,0,0,1,0,차대차 - 기타,안전운전불이행,건조,맑음,교차로 - 교차로안,승용,여,54세,상해없음,승용,남,41세,경상
2021112900100515,2021년 11월 29일 18시,월요일,광주광역시 동구 학동,부상신고사고,0,0,0,1,차대차 - 측면충돌,안전운전불이행,건조,맑음,단일로 - 기타,기타불명,기타불명,미분류,기타불명,이륜,남,76세,부상신고
2021112900100517,2021년 11월 29일 18시,월요일,광주광역시 북구 각화동,경상사고,0,0,1,0,차대차 - 기타,교차로운행방법위반,건조,맑음,교차로 - 교차로안,승용,남,58세,상해없음,승용,남,27세,경상
2021112900100583,2021년 11월 29일 20시,월요일,광주광역시 남구 백운동,중상사고,0,1,2,0,차대차 - 정면충돌,중앙선침범,건조,맑음,교차로 - 교차로부근,승용,여,21세,경상,이륜,남,26세,중상
2021112900100641,2021년 11월 29일 23시,월요일,광주광역시 남구 봉선동,중상사고,0,1,0,0,차대차 - 기타,기타,건조,맑음,교차로 - 교차로안,이륜,남,22세,중상,승용,남,60세,상해없음
2021113000100020,2021년 11월 30일 02시,화요일,광주광역시 서구 치평동,중상사고,0,1,0,0,차대사람 - 기타,안전운전불이행,건조,맑음,단일로 - 기타,승합,남,23세,상해없음,보행자,여,59세,중상
2021113000100066,2021년 11월 30일 06시,화요일,광주광역시 광산구 선암동,중상사고,0,1,0,0,차대사람 - 횡단중,신호위반,젖음/습기,비,교차로 - 교차로횡단보도내,화물,남,44세,상해없음,보행자,남,38세,중상
2021113000100067,2021년 11월 30일 06시,화요일,광주광역시 광산구 송정동,경상사고,0,0,3,0,차대차 - 측면충돌,안전운전불이행,건조,맑음,교차로 - 교차로부근,승용,남,56세,상해없음,승용,남,34세,경상
2021113000100104,2021년 11월 30일 07시,화요일,광주광역시 서구 풍암동,중상사고,0,1,0,0,차대사람 - 기타,안전운전불이행,젖음/습기,비,교차로 - 교차로안,승용,남,61세,상해없음,보행자,남,63세,중상
2021113000100105,2021년 11월 30일 07시,화요일,광주광역시 서구 화정동,경상사고,0,0,1,0,차대사람 - 횡단중,신호위반,젖음/습기,비,교차로 - 교차로부근,승용,남,26세,상해없음,보행자,여,59세,경상
2021113000100106,2021년 11월 30일 07시,화요일,광주광역시 남구 지석동,경상사고,0,0,2,0,차대차 - 기타,교차로운행방법위반,젖음/습기,비,교차로 - 교차로안,화물,남,58세,경상,승용,여,23세,경상
2021113000100107,2021년 11월 30일 07시,화요일,광주광역시 광산구 운수동,경상사고,0,0,1,0,차대차 - 기타,안전거리미확보,건조,맑음,단일로 - 기타,승용,남,37세,상해없음,승용,여,24세,경상
2021113000100230,2021년 11월 30일 10시,화요일,광주광역시 서구 금호동,경상사고,0,0,1,1,차대차 - 추돌,안전운전불이행,건조,맑음,교차로 - 교차로부근,승용,남,59세,상해없음,승용,남,69세,부상신고
2021113000100257,2021년 11월 30일 11시,화요일,광주광역시 서구 치평동,경상사고,0,0,1,0,차대차 - 추돌,안전거리미확보,건조,맑음,교차로 - 교차로부근,승용,여,42세,상해없음,승용,남,26세,경상
2021113000100258,2021년 11월 30일 11시,화요일,광주광역시 서구 유촌동,경상사고,0,0,3,0,차대차 - 추돌,안전거리미확보,젖음/습기,비,교차로 - 교차로부근,승용,남,42세,상해없음,승용,남,34세,경상
2021113000100347,2021년 11월 30일 14시,화요일,광주광역시 광산구 신가동,경상사고,0,0,2,0,차대차 - 추돌,안전거리미확보,건조,맑음,단일로 - 기타,승용,남,57세,상해없음,승용,남,55세,경상
2021113000100348,2021년 11월 30일 14시,화요일,광주광역시 광산구 도천동,경상사고,0,0,1,0,차대차 - 측면충돌,직진우회전진행방해,젖음/습기,비,교차로 - 교차로안,승용,남,32세,기타불명,승용,남,70세,경상
2021113000100379,2021년 11월 30일 15시,화요일,광주광역시 서구 양동,경상사고,0,0,1,0,차대차 - 추돌,안전운전불이행,건조,맑음,교차로 - 교차로부근,화물,남,41세,상해없음,승용,남,43세,경상
2021113000100415,2021년 11월 30일 16시,화요일,광주광역시 남구 주월동,경상사고,0,0,4,0,차대차 - 측면충돌,안전거리미확보,젖음/습기,비,단일로 - 기타,승용,여,62세,상해없음,승용,남,20세,경상
2021113000100416,2021년 11월 30일 16시,화요일,광주광역시 북구 임동,경상사고,0,0,1,0,차대차 - 기타,교차로운행방법위반,건조,맑음,교차로 - 교차로안,화물,남,54세,상해없음,이륜,남,42세,경상
2021113000100473,2021년 11월 30일 17시,화요일,광주광역시 북구 오룡동,사망사고,1,0,0,0,차대차 - 정면충돌,안전운전불이행,젖음/습기,비,단일로 - 기타,승용,남,27세,상해없음,승용,남,34세,상해없음
2021113000100474,2021년 11월 30일 17시,화요일,광주광역시 광산구 옥동,경상사고,0,0,1,0,차대차 - 측면충돌,안전운전불이행,젖음/습기,비,교차로 - 교차로안,기타불명,기타불명,미분류,기타불명,승용,여,31세,경상
2021113000100523,2021년 11월 30일 18시,화요일,광주광역시 서구 치평동,경상사고,0,0,1,0,차대차 - 기타,안전운전불이행,젖음/습기,비,단일로 - 기타,승용,남,63세,상해없음,승용,남,28세,경상
2021113000100524,2021년 11월 30일 18시,화요일,광주광역시 서구 화정동,경상사고,0,0,1,0,차대차 - 측면충돌,교차로운행방법위반,건조,맑음,교차로 - 교차로안,승용,남,29세,기타불명,승용,남,33세,경상
2021113000100525,2021년 11월 30일 18시,화요일,광주광역시 남구 서동,경상사고,0,0,1,0,차대사람 - 횡단중,안전운전불이행,젖음/습기,비,교차로 - 교차로안,승용,남,32세,상해없음,보행자,남,68세,경상
2021113000100526,2021년 11월 30일 18시,화요일,광주광역시 북구 연제동,경상사고,0,0,1,0,차대차 - 기타,신호위반,젖음/습기,비,교차로 - 교차로안,이륜,남,25세,경상,승용,남,43세,상해없음
2021113000100564,2021년 11월 30일 19시,화요일,광주광역시 동구 대인동,경상사고,0,0,1,0,차대차 - 측면충돌,신호위반,건조,맑음,교차로 - 교차로안,승용,남,42세,상해없음,승용,남,26세,경상
2021113000100565,2021년 11월 30일 19시,화요일,광주광역시 북구 삼각동,경상사고,0,0,3,0,차대차 - 측면충돌,교차로운행방법위반,건조,맑음,교차로 - 교차로안,승용,남,29세,기타불명,승용,남,69세,경상
2021113000100598,2021년 11월 30일 20시,화요일,광주광역시 동구 대인동,경상사고,0,0,1,0,차대사람 - 기타,보행자보호의무위반,건조,맑음,교차로 - 교차로횡단보도내,승용,남,62세,상해없음,보행자,남,47세,경상
2021113000100599,2021년 11월 30일 20시,화요일,광주광역시 서구 광천동,경상사고,0,0,1,0,차대차 - 추돌,안전거리미확보,건조,맑음,단일로 - 기타,승용,남,26세,상해없음,승용,남,47세,경상
2021113000100600,2021년 11월 30일 20시,화요일,광주광역시 서구 화정동,경상사고,0,0,2,0,차대차 - 측면충돌,안전거리미확보,젖음/습기,흐림,교차로 - 교차로부근,승용,여,66세,경상,승용,남,26세,경상
2021113000100601,2021년 11월 30일 20시,화요일,광주광역시 서구 쌍촌동,경상사고,0,0,2,0,차대차 - 측면충돌,신호위반,건조,맑음,단일로 - 기타,승용,여,22세,경상,이륜,남,43세,경상
2021113000100602,2021년 11월 30일 20시,화요일,광주광역시 남구 월산동,경상사고,0,0,1,0,차대차 - 기타,안전운전불이행,건조,맑음,교차로 - 교차로안,화물,남,57세,상해없음,이륜,남,24세,경상
2021113000100628,2021년 11월 30일 21시,화요일,광주광역시 동구 산수동,경상사고,0,0,1,0,차대사람 - 기타,안전운전불이행,건조,맑음,단일로 - 기타,승용,남,59세,상해없음,보행자,남,54세,경상
2021113000100644,2021년 11월 30일 22시,화요일,광주광역시 북구 양산동,경상사고,0,0,1,0,차대사람 - 횡단중,안전운전불이행,젖음/습기,비,단일로 - 기타,승용,남,35세,상해없음,보행자,남,31세,경상
2021113000100659,2021년 11월 30일 23시,화요일,광주광역시 북구 오치동,경상사고,0,0,1,0,차량단독 - 기타,안전운전불이행,건조,맑음,교차로 - 교차로안,승용,남,53세,상해없음,,,,
2021120100100060,2021년 12월 1일 06시,수요일,광주광역시 북구 각화동,경상사고,0,0,1,0,차대차 - 측면충돌,안전운전불이행,젖음/습기,비,교차로 - 교차로안,승용,남,59세,상해없음,승합,남,41세,경상
2021120100100079,2021년 12월 1일 07시,수요일,광주광역시 동구 학동,중상사고,0,1,0,0,차대사람 - 횡단중,기타,젖음/습기,눈,단일로 - 기타,승용,남,32세,상해없음,보행자,여,77세,중상
2021120100100080,2021년 12월 1일 07시,수요일,광주광역시 서구 치평동,경상사고,0,0,2,0,차대차 - 정면충돌,중앙선침범,건조,맑음,기타 - 기타,승용,남,22세,상해없음,승용,남,32세,경상
2021120100100081,2021년 12월 1일 07시,수요일,광주광역시 남구 백운동,경상사고,0,0,1,0,차대차 - 측면충돌,기타,건조,맑음,교차로 - 교차로안,이륜,남,40세,경상,승용,남,53세,상해없음
2021120100100120,2021년 12월 1일 08시,수요일,광주광역시 서구 쌍촌동,경상사고,0,0,2,0,차대차 - 추돌,안전운전불이행,건조,맑음,교차로 - 교차로부근,승용,남,53세,상해없음,승용,여,33세,경상
2021120100100121,2021년 12월 1일 08시,수요일,광주광역시 남구 방림동,경상사고,0,0,1,0,차대차 - 추돌,안전거리미확보,젖음/습기,흐림,단일로 - 기타,승용,여,54세,상해없음,승용,남,53세,경상
2021120100100161,2021년 12월 1일 09시,수요일,광주광역시 북구 두암동,경상사고,0,0,1,0,차대차 - 기타,안전운전불이행,젖음/습기,비,단일로 - 기타,승합,남,71세,상해없음,승용,남,55세,경상
2021120100100162,2021년 12월 1일 09시,수요일,광주광역시 광산구 월곡동,중상사고,0,1,3,0,차대차 - 기타,교차로운행방법위반,건조,흐림,교차로 - 교차로안,승용,남,75세,상해없음,승용,남,60세,중상
2021120100100196,2021년 12월 1일 10시,수요일,광주광역시 북구 임동,경상사고,0,0,2,0,차대차 - 기타,불법유턴,젖음/습기,비,단일로 - 기타,자전거,남,63세,경상,승용,여,65세,경상
2021120100100226,2021년 12월 1일 11시,수요일,광주광역시 광산구 쌍암동,경상사고,0,0,3,0,차대차 - 기타,차로위반,건조,맑음,단일로 - 기타,승용,남,52세,상해없음,승용,남,56세,상해없음
2021120100100253,2021년 12월 1일 12시,수요일,광주광역시 동구 대인동,부상신고사고,0,0,0,1,차대차 - 기타,신호위반,건조,맑음,교차로 - 교차로안,자전거,남,66세,부상신고,승용,여,47세,상해없음
2021120100100254,2021년 12월 1일 12시,수요일,광주광역시 남구 지석동,중상사고,0,1,1,0,차대차 - 측면충돌,신호위반,건조,맑음,교차로 - 교차로안,승용,여,64세,상해없음,화물,남,40세,중상
2021120100100274,2021년 12월 1일 13시,수요일,광주광역시 북구 양산동,경상사고,0,0,2,0,차대차 - 측면충돌,교차로운행방법위반,건조,맑음,교차로 - 교차로안,화물,여,57세,경상,승용,남,69세,경상
2021120100100317,2021년 12월 1일 14시,수요일,광주광역시 북구 양산동,경상사고,0,0,1,0,차대차 - 기타,중앙선침범,건조,흐림,단일로 - 기타,승용,여,53세,상해없음,원동기,남,27세,경상
2021120100100318,2021년 12월 1일 14시,수요일,광주광역시 북구 문흥동,중상사고,0,1,0,0,차대차 - 측면충돌,안전운전불이행,건조,흐림,단일로 - 기타,승용,남,53세,상해없음,이륜,남,31세,중상
2021120100100381,2021년 12월 1일 16시,수요일,광주광역시 남구 봉선동,경상사고,0,0,1,0,차대차 - 측면충돌,안전운전불이행,젖음/습기,흐림,교차로 - 교차로안,승용,남,42세,상해없음,이륜,남,16세,경상
2021120100100428,2021년 12월 1일 17시,수요일,광주광역시 북구 동림동,경상사고,0,0,1,0,차대차 - 기타,차로위반,건조,흐림,단일로 - 기타,승용,남,67세,상해없음,승용,여,44세,경상
2021120100100429,2021년 12월 1일 17시,수요일,광주광역시 북구 운암동,경상사고,0,0,1,0,차대차 - 기타,안전운전불이행,건조,맑음,단일로 - 기타,승용,여,59세,상해없음,승용,여,59세,경상
2021120100100430,2021년 12월 1일 17시,수요일,광주광역시 광산구 장덕동,경상사고,0,0,1,1,차대차 - 정면충돌,안전운전불이행,젖음/습기,비,교차로 - 교차로안,이륜,남,42세,부상신고,승용,남,37세,경상
2021120100100484,2021년 12월 1일 18시,수요일,광주광역시 북구 동림동,경상사고,0,0,1,0,차대차 - 추돌,안전운전불이행,건조,맑음,단일로 - 기타,승용,남,24세,상해없음,승용,여,34세,경상
2021120100100499,2021년 12월 1일 18시,수요일,광주광역시 광산구 옥동,경상사고,0,0,2,0,차대차 - 기타,안전운전불이행,젖음/습기,흐림,단일로 - 기타,승용,여,52세,상해없음,승용,여,51세,경상
2021120100100500,2021년 12월 1일 18시,수요일,광주광역시 광산구 장록동,경상사고,0,0,1,0,차대차 - 측면충돌,안전거리미확보,젖음/습기,비,단일로 - 기타,승용,남,72세,상해없음,승용,남,41세,경상
2021120100100568,2021년 12월 1일 20시,수요일,광주광역시 동구 궁동,경상사고,0,0,1,0,차량단독 - 기타,안전운전불이행,건조,맑음,교차로 - 교차로부근,승합,남,50세,상해없음,,,,
2021120100100569,2021년 12월 1일 20시,수요일,광주광역시 서구 양동,경상사고,0,0,1,0,차대차 - 추돌,안전운전불이행,건조,맑음,단일로 - 기타,화물,남,62세,상해없음,승용,남,24세,경상
2021120100100570,2021년 12월 1일 20시,수요일,광주광역시 광산구 수완동,경상사고,0,0,1,0,차대차 - 측면충돌,안전운전불이행,건조,맑음,교차로 - 교차로안,승용,남,60세,상해없음,승용,남,29세,경상
2021120100100572,2021년 12월 1일 20시,수요일,광주광역시 광산구 수완동,경상사고,0,0,2,0,차대차 - 측면충돌,안전운전불이행,건조,맑음,단일로 - 기타,승용,여,23세,경상,화물,남,51세,경상
2021120100100611,2021년 12월 1일 22시,수요일,광주광역시 동구 불로동,경상사고,0,0,1,0,차대차 - 측면충돌,신호위반,건조,맑음,교차로 - 교차로안,승용,남,28세,상해없음,승용,남,61세,경상
2021120100100629,2021년 12월 1일 23시,수요일,광주광역시 북구 삼각동,경상사고,0,0,1,0,차대사람 - 기타,안전운전불이행,건조,흐림,교차로 - 교차로안,승용,남,59세,상해없음,보행자,남,34세,경상
2021120200100038,2021년 12월 2일 05시,목요일,광주광역시 광산구 신창동,중상사고,0,1,0,0,차대사람 - 횡단중,보행자보호의무위반,건조,맑음,교차로 - 교차로안,승용,남,71세,상해없음,보행자,남,45세,중상
2021120200100058,2021년 12월 2일 06시,목요일,광주광역시 서구 치평동,경상사고,0,0,1,0,차대차 - 추돌,안전운전불이행,건조,맑음,교차로 - 교차로부근,승용,여,31세,상해없음,승용,남,62세,경상
2021120200100059,2021년 12월 2일 06시,목요일,광주광역시 광산구 송정동,경상사고,0,0,1,0,차대차 - 기타,신호위반,건조,맑음,교차로 - 교차로안,승용,여,44세,상해없음,승용,남,49세,경상
2021120200100082,2021년 12월 2일 07시,목요일,광주광역시 북구 중흥동,경상사고,0,0,1,0,차대차 - 측면충돌,안전운전불이행,건조,맑음,교차로 - 교차로횡단보도내,자전거,여,61세,경상,승용,남,34세,상해없음
2021120200100083,2021년 12월 2일 07시,목요일,광주광역시 광산구 우산동,경상사고,0,0,1,0,차대차 - 추돌,안전거리미확보,건조,흐림,단일로 - 교량,승용,남,54세,상해없음,승용,남,34세,경상