사고번호,사고일시,요일,시군구,사고내용,사망자수,중상자수,경상자수,부상신고자수,사고유형,법규위반,노면상태,기상상태,도로형태,가해운전자 차종,가해운전자 성별,가해운전자 연령,가해운전자 상해정도,피해운전자 차종,피해운전자 성별,피해운전자 연령,피해운전자 상해정도
2021120800100150,2021년 12월 8일 09시,수요일,광주광역시 서구 화정동,경상사고,0,0,2,0,차대차 - 기타,안전운전불이행,건조,맑음,단일로 - 기타,승용,남,56세,상해없음,승용,남,25세,경상
2021120800100151,2021년 12월 8일 09시,수요일,광주광역시 북구 용두동,경상사고,0,0,1,0,차대차 - 추돌,안전거리미확보,건조,맑음,단일로 - 기타,승용,남,24세,상해없음,승용,여,46세,경상
2021120800100178,2021년 12월 8일 10시,수요일,광주광역시 서구 풍암동,경상사고,0,0,2,0,차대차 - 측면충돌,차로위반,건조,맑음,단일로 - 기타,승용,남,66세,경상,승용,여,37세,경상
2021120800100237,2021년 12월 8일 12시,수요일,광주광역시 북구 동림동,경상사고,0,0,4,0,차대차 - 기타,안전운전불이행,건조,맑음,단일로 - 기타,승용,남,63세,상해없음,화물,남,52세,경상
2021120800100238,2021년 12월 8일 12시,수요일,광주광역시 광산구 장덕동,중상사고,0,1,0,0,차대차 - 기타,중앙선침범,건조,맑음,교차로 - 교차로부근,승용,여,43세,상해없음,이륜,남,21세,중상
2021120800100278,2021년 12월 8일 13시,수요일,광주광역시 서구 광천동,경상사고,0,0,2,0,차대차 - 기타,기타,건조,맑음,주차장 - 주차장,승용,여,37세,상해없음,승용,남,29세,경상
2021120800100315,2021년 12월 8일 14시,수요일,광주광역시 서구 매월동,경상사고,0,0,1,0,차대차 - 추돌,안전거리미확보,건조,맑음,교차로 - 교차로부근,승용,여,58세,상해없음,승용,여,53세,경상
2021120800100349,2021년 12월 8일 15시,수요일,광주광역시 서구 쌍촌동,경상사고,0,0,1,0,차대차 - 기타,안전운전불이행,건조,맑음,단일로 - 기타,승용,여,49세,상해없음,승용,남,41세,경상
2021120800100350,2021년 12월 8일 15시,수요일,광주광역시 북구 오룡동,중상사고,0,1,0,0,차대차 - 기타,안전운전불이행,건조,맑음,단일로 - 기타,승용,남,24세,상해없음,이륜,남,29세,중상
2021120800100351,2021년 12월 8일 15시,수요일,광주광역시 광산구 월곡동,경상사고,0,0,2,0,차량단독 - 공작물충돌,안전운전불이행,건조,맑음,단일로 - 기타,이륜,남,37세,경상,,,,
2021120800100389,2021년 12월 8일 16시,수요일,광주광역시 동구 계림동,중상사고,0,1,0,0,차대사람 - 기타,안전운전불이행,건조,맑음,단일로 - 기타,기타불명,기타불명,미분류,기타불명,보행자,여,89세,중상
2021120800100390,2021년 12월 8일 16시,수요일,광주광역시 서구 광천동,중상사고,0,1,0,0,차대사람 - 기타,안전운전불이행,건조,맑음,주차장 - 주차장,승용,남,74세,상해없음,보행자,여,35세,중상
2021120800100391,2021년 12월 8일 16시,수요일,광주광역시 남구 봉선동,경상사고,0,0,2,1,차대차 - 측면충돌,안전운전불이행,건조,맑음,주차장 - 주차장,승용,여,65세,상해없음,승용,남,20세,부상신고
2021120800100444,2021년 12월 8일 17시,수요일,광주광역시 광산구 수완동,경상사고,0,0,1,0,차대사람 - 횡단중,안전운전불이행,건조,맑음,단일로 - 기타,승용,남,20세,상해없음,보행자,남,9세,경상
2021120800100537,2021년 12월 8일 19시,수요일,광주광역시 남구 주월동,경상사고,0,0,2,0,차대차 - 측면충돌,안전운전불이행,건조,맑음,교차로 - 교차로부근,승용,남,73세,상해없음,승용,남,68세,경상
2021120800100538,2021년 12월 8일 19시,수요일,광주광역시 남구 주월동,경상사고,0,0,2,0,차대차 - 측면충돌,안전거리미확보,건조,맑음,교차로 - 교차로안,승용,남,31세,상해없음,승용,여,26세,경상
2021120800100539,2021년 12월 8일 19시,수요일,광주광역시 광산구 신촌동,경상사고,0,0,2,0,차대차 - 기타,교차로운행방법위반,건조,맑음,교차로 - 교차로안,승용,여,45세,경상,승용,남,46세,경상
2021120800100540,2021년 12월 8일 19시,수요일,광주광역시 광산구 운남동,경상사고,0,0,1,0,차대차 - 기타,안전운전불이행,건조,맑음,교차로 - 교차로안,화물,남,52세,상해없음,승용,남,66세,경상
2021120800100562,2021년 12월 8일 20시,수요일,광주광역시 서구 쌍촌동,경상사고,0,0,1,0,차대차 - 추돌,안전운전불이행,건조,맑음,단일로 - 기타,승용,남,65세,상해없음,승용,남,41세,경상
2021120800100579,2021년 12월 8일 21시,수요일,광주광역시 북구 우산동,중상사고,0,1,0,0,차대차 - 정면충돌,중앙선침범,건조,맑음,단일로 - 기타,승용,남,39세,상해없음,승용,남,31세,중상
2021120800100598,2021년 12월 8일 22시,수요일,광주광역시 서구 화정동,경상사고,0,0,1,0,차대차 - 추돌,안전운전불이행,건조,맑음,교차로 - 교차로부근,화물,여,48세,상해없음,승용,남,61세,경상
2021120800100599,2021년 12월 8일 22시,수요일,광주광역시 서구 농성동,경상사고,0,0,1,0,차대차 - 측면충돌,안전운전불이행,건조,맑음,단일로 - 기타,이륜,남,24세,경상,화물,여,40세,상해없음
2021120800100600,2021년 12월 8일 22시,수요일,광주광역시 북구 두암동,경상사고,0,0,1,0,차대차 - 측면충돌,안전운전불이행,건조,맑음,단일로 - 기타,승용,남,19세,상해없음,승용,남,24세,상해없음
2021120800100607,2021년 12월 8일 23시,수요일,광주광역시 북구 신안동,경상사고,0,0,1,0,차대사람 - 차도통행중,안전운전불이행,건조,맑음,단일로 - 기타,승용,남,50세,상해없음,보행자,남,35세,경상
2021120900100007,2021년 12월 9일 00시,목요일,광주광역시 북구 임동,경상사고,0,0,1,0,차대차 - 측면충돌,안전운전불이행,건조,맑음,교차로 - 교차로안,승용,남,35세,상해없음,승용,남,38세,경상
2021120900100134,2021년 12월 9일 09시,목요일,광주광역시 서구 화정동,경상사고,0,0,1,0,차대차 - 기타,신호위반,건조,맑음,교차로 - 교차로안,승용,남,64세,상해없음,승용,남,73세,경상
2021120900100135,2021년 12월 9일 09시,목요일,광주광역시 서구 농성동,경상사고,0,0,1,0,차대사람 - 횡단중,신호위반,건조,맑음,단일로 - 기타,승용,여,60세,상해없음,보행자,여,61세,경상
2021120900100137,2021년 12월 9일 09시,목요일,광주광역시 남구 봉선동,경상사고,0,0,3,0,차대차 - 측면충돌,안전운전불이행,건조,맑음,교차로 - 교차로안,승용,여,63세,상해없음,승합,남,28세,경상
2021120900100151,2021년 12월 9일 10시,목요일,광주광역시 광산구 도덕동,경상사고,0,0,1,0,차대차 - 추돌,안전운전불이행,건조,맑음,단일로 - 기타,화물,남,33세,상해없음,화물,남,55세,경상
2021120900100175,2021년 12월 9일 11시,목요일,광주광역시 북구 운암동,경상사고,0,0,1,0,차대차 - 기타,차로위반,건조,맑음,단일로 - 기타,승용,여,57세,기타불명,승용,여,50세,경상
2021120900100197,2021년 12월 9일 12시,목요일,광주광역시 동구 산수동,경상사고,0,0,4,0,차대차 - 기타,안전거리미확보,건조,맑음,단일로 - 기타,승용,남,55세,경상,승용,남,74세,경상
2021120900100279,2021년 12월 9일 15시,목요일,광주광역시 서구 쌍촌동,경상사고,0,0,1,0,차대차 - 기타,신호위반,건조,맑음,교차로 - 교차로안,화물,남,59세,상해없음,승용,여,55세,경상
2021120900100301,2021년 12월 9일 16시,목요일,광주광역시 북구 오치동,경상사고,0,0,1,0,차대사람 - 길가장자리구역통행중,안전운전불이행,건조,맑음,단일로 - 기타,개인형이동수단(PM),남,16세,기타불명,보행자,여,58세,경상
2021120900100352,2021년 12월 9일 17시,목요일,광주광역시 서구 유촌동,경상사고,0,0,1,0,차대사람 - 횡단중,보행자보호의무위반,건조,맑음,교차로 - 교차로안,승용,남,54세,상해없음,보행자,여,16세,경상
2021120900100353,2021년 12월 9일 17시,목요일,광주광역시 서구 마륵동,경상사고,0,0,1,0,차대차 - 측면충돌,중앙선침범,건조,맑음,단일로 - 기타,승용,여,53세,상해없음,승용,남,47세,경상
2021120900100354,2021년 12월 9일 17시,목요일,광주광역시 북구 일곡동,경상사고,0,0,1,0,차대사람 - 기타,안전운전불이행,건조,맑음,교차로 - 교차로안,승용,여,49세,상해없음,보행자,여,17세,경상
2021120900100413,2021년 12월 9일 18시,목요일,광주광역시 서구 농성동,경상사고,0,0,3,0,차대차 - 측면충돌,안전운전불이행,건조,맑음,교차로 - 교차로안,승용,남,67세,상해없음,승용,여,54세,경상
2021120900100414,2021년 12월 9일 18시,목요일,광주광역시 서구 치평동,경상사고,0,0,2,0,차대차 - 측면충돌,안전운전불이행,건조,맑음,단일로 - 기타,승용,남,28세,상해없음,승합,남,60세,경상
2021120900100415,2021년 12월 9일 18시,목요일,광주광역시 광산구 우산동,경상사고,0,0,1,0,차대차 - 기타,중앙선침범,건조,맑음,교차로 - 교차로부근,화물,남,64세,상해없음,이륜,남,62세,경상
2021120900100442,2021년 12월 9일 19시,목요일,광주광역시 서구 쌍촌동,경상사고,0,0,1,0,차대차 - 측면충돌,중앙선침범,건조,맑음,단일로 - 기타,승용,남,33세,상해없음,이륜,남,17세,경상
2021120900100470,2021년 12월 9일 20시,목요일,광주광역시 서구 내방동,경상사고,0,0,3,0,차대차 - 추돌,안전거리미확보,건조,맑음,단일로 - 기타,승용,여,43세,경상,기타불명,기타불명,미분류,기타불명
2021120900100496,2021년 12월 9일 21시,목요일,광주광역시 서구 치평동,경상사고,0,0,1,0,차대차 - 측면충돌,안전운전불이행,건조,맑음,교차로 - 교차로부근,승용,남,41세,상해없음,승용,남,44세,경상
2021120900100517,2021년 12월 9일 22시,목요일,광주광역시 남구 봉선동,경상사고,0,0,1,0,차대차 - 측면충돌,교차로운행방법위반,건조,맑음,교차로 - 교차로안,승용,남,47세,상해없음,승용,남,26세,경상
2021120900100518,2021년 12월 9일 22시,목요일,광주광역시 남구 월산동,경상사고,0,0,1,0,차대사람 - 기타,안전운전불이행,건조,맑음,단일로 - 기타,기타불명,기타불명,미분류,기타불명,보행자,남,33세,경상
2021120900100537,2021년 12월 9일 23시,목요일,광주광역시 서구 마륵동,경상사고,0,0,1,0,차대차 - 추돌,안전운전불이행,건조,맑음,단일로 - 기타,승용,남,26세,상해없음,승용,남,54세,경상
2021121000100010,2021년 12월 10일 00시,금요일,광주광역시 서구 농성동,경상사고,0,0,1,0,차대차 - 추돌,안전운전불이행,건조,맑음,교차로 - 교차로안,승용,남,65세,상해없음,승용,남,64세,경상
2021121000100011,2021년 12월 10일 00시,금요일,광주광역시 광산구 하남동,경상사고,0,0,1,0,차대차 - 기타,안전운전불이행,건조,맑음,단일로 - 기타,승용,남,27세,상해없음,승용,남,32세,경상
2021121000100025,2021년 12월 10일 01시,금요일,광주광역시 서구 쌍촌동,경상사고,0,0,1,0,차대차 - 추돌,안전운전불이행,건조,맑음,단일로 - 기타,승용,남,29세,상해없음,승용,여,25세,경상
2021121000100066,2021년 12월 10일 06시,금요일,광주광역시 동구 학동,중상사고,0,1,0,0,차대사람 - 횡단중,안전운전불이행,건조,맑음,단일로 - 기타,승용,남,79세,상해없음,보행자,여,76세,중상
2021121000100067,2021년 12월 10일 06시,금요일,광주광역시 광산구 신가동,경상사고,0,0,1,1,차대차 - 추돌,불법유턴,건조,맑음,교차로 - 교차로부근,승용,남,26세,부상신고,화물,남,55세,경상
2021121000100092,2021년 12월 10일 07시,금요일,광주광역시 서구 치평동,경상사고,0,0,2,0,차대차 - 측면충돌,안전운전불이행,건조,맑음,교차로 - 교차로안,화물,남,61세,상해없음,승용,여,38세,경상
2021121000100093,2021년 12월 10일 07시,금요일,광주광역시 서구 금호동,경상사고,0,0,2,0,차대차 - 측면충돌,신호위반,건조,맑음,교차로 - 교차로안,승용,남,71세,상해없음,승용,남,30세,경상
2021121000100094,2021년 12월 10일 07시,금요일,광주광역시 서구 쌍촌동,경상사고,0,0,1,0,차대차 - 측면충돌,안전거리미확보,건조,맑음,교차로 - 교차로부근,화물,남,49세,상해없음,화물,남,45세,경상
2021121000100095,2021년 12월 10일 07시,금요일,광주광역시 남구 봉선동,경상사고,0,0,1,0,차대차 - 기타,안전거리미확보,건조,맑음,단일로 - 기타,승합,남,78세,상해없음,승용,여,31세,경상
2021121000100096,2021년 12월 10일 07시,금요일,광주광역시 광산구 안청동,중상사고,0,1,0,0,차대차 - 기타,안전운전불이행,젖음/습기,흐림,교차로 - 교차로안,승용,남,55세,상해없음,이륜,남,46세,중상
2021121000100156,2021년 12월 10일 09시,금요일,광주광역시 북구 신용동,경상사고,0,0,2,0,차대차 - 측면충돌,안전운전불이행,건조,맑음,교차로 - 교차로안,승용,여,51세,경상,승용,남,34세,경상
2021121000100175,2021년 12월 10일 10시,금요일,광주광역시 북구 두암동,경상사고,0,0,2,0,차대차 - 정면충돌,중앙선침범,기타,흐림,단일로 - 기타,승용,남,66세,상해없음,화물,남,65세,경상
2021121000100176,2021년 12월 10일 10시,금요일,광주광역시 광산구 선암동,중상사고,0,1,1,0,차대차 - 측면충돌,안전거리미확보,건조,맑음,단일로 - 기타,승용,여,58세,중상,승용,여,52세,경상
2021121000100177,2021년 12월 10일 10시,금요일,광주광역시 광산구 도천동,경상사고,0,0,1,0,차대차 - 측면충돌,안전거리미확보,건조,맑음,단일로 - 기타,승용,남,65세,상해없음,화물,남,51세,경상
2021121000100246,2021년 12월 10일 12시,금요일,광주광역시 서구 풍암동,경상사고,0,0,1,0,차대차 - 후진중충돌,안전운전불이행,건조,맑음,교차로 - 교차로안,승용,남,61세,상해없음,원동기,남,27세,경상
2021121000100280,2021년 12월 10일 13시,금요일,광주광역시 서구 화정동,경상사고,0,0,1,0,차대차 - 기타,신호위반,건조,맑음,교차로 - 교차로안,승용,여,28세,상해없음,승용,남,55세,경상
2021121000100281,2021년 12월 10일 13시,금요일,광주광역시 북구 용두동,경상사고,0,0,2,0,차대차 - 기타,중앙선침범,건조,맑음,단일로 - 기타,승합,남,23세,상해없음,승용,남,21세,경상
2021121000100282,2021년 12월 10일 13시,금요일,광주광역시 광산구 장덕동,경상사고,0,0,1,0,차대차 - 측면충돌,안전운전불이행,건조,맑음,교차로 - 교차로부근,승용,여,60세,상해없음,이륜,남,41세,경상
2021121000100341,2021년 12월 10일 15시,금요일,광주광역시 서구 유촌동,경상사고,0,0,1,0,차대차 - 기타,안전운전불이행,건조,맑음,교차로 - 교차로안,승용,남,41세,상해없음,승용,남,47세,경상
2021121000100343,2021년 12월 10일 15시,금요일,광주광역시 광산구 수완동,경상사고,0,0,1,0,차대차 - 기타,안전운전불이행,건조,맑음,단일로 - 기타,화물,여,54세,상해없음,원동기,남,47세,경상
2021121000100375,2021년 12월 10일 16시,금요일,광주광역시 북구 두암동,경상사고,0,0,1,0,차대차 - 기타,안전운전불이행,건조,맑음,단일로 - 기타,기타불명,기타불명,미분류,기타불명,화물,남,48세,상해없음
2021121000100418,2021년 12월 10일 17시,금요일,광주광역시 서구 벽진동,경상사고,0,0,1,0,차대차 - 추돌,안전운전불이행,건조,맑음,단일로 - 기타,승용,남,66세,기타불명,승용,여,34세,경상
2021121000100419,2021년 12월 10일 17시,금요일,광주광역시 서구 쌍촌동,경상사고,0,0,1,0,차량단독 - 기타,안전운전불이행,건조,맑음,단일로 - 기타,승합,남,59세,상해없음,,,,
2021121000100420,2021년 12월 10일 17시,금요일,광주광역시 서구 풍암동,경상사고,0,0,2,0,차대차 - 기타,안전거리미확보,건조,맑음,단일로 - 기타,승용,남,77세,상해없음,승용,남,34세,경상
2021121000100494,2021년 12월 10일 18시,금요일,광주광역시 남구 승촌동,경상사고,0,0,4,0,차대차 - 추돌,안전거리미확보,건조,맑음,단일로 - 기타,승용,남,55세,상해없음,승용,남,66세,경상
2021121000100495,2021년 12월 10일 18시,금요일,광주광역시 북구 장등동,경상사고,0,0,2,0,차대차 - 측면충돌,안전운전불이행,건조,맑음,단일로 - 기타,승용,남,21세,상해없음,화물,남,70세,경상
2021121000100496,2021년 12월 10일 18시,금요일,광주광역시 광산구 흑석동,경상사고,0,0,1,0,차대차 - 추돌,안전운전불이행,건조,맑음,교차로 - 교차로안,이륜,남,23세,상해없음,승용,남,37세,경상
2021121000100550,2021년 12월 10일 19시,금요일,광주광역시 서구 치평동,경상사고,0,0,1,0,차대차 - 측면충돌,안전운전불이행,건조,맑음,교차로 - 교차로안,기타불명,기타불명,미분류,기타불명,승용,여,28세,경상
2021121000100551,2021년 12월 10일 19시,금요일,광주광역시 남구 행암동,경상사고,0,0,1,0,차대차 - 측면충돌,안전운전불이행,건조,맑음,교차로 - 교차로횡단보도내,승용,남,28세,상해없음,자전거,남,13세,경상
2021121000100552,2021년 12월 10일 19시,금요일,광주광역시 북구 임동,경상사고,0,0,4,0,차대차 - 측면충돌,중앙선침범,건조,맑음,단일로 - 기타,승용,여,37세,상해없음,승용,여,21세,경상
2021121000100553,2021년 12월 10일 19시,금요일,광주광역시 북구 임동,경상사고,0,0,1,0,차대차 - 측면충돌,안전운전불이행,건조,맑음,교차로 - 교차로횡단보도내,승용,남,60세,상해없음,자전거,남,70세,경상
2021121000100554,2021년 12월 10일 19시,금요일,광주광역시 광산구 송정동,경상사고,0,0,1,0,차대사람 - 보도통행중,보행자보호의무위반,건조,맑음,교차로 - 교차로횡단보도내,승용,여,36세,상해없음,보행자,남,64세,경상
2021121000100605,2021년 12월 10일 21시,금요일,광주광역시 북구 우산동,경상사고,0,0,1,0,차대차 - 기타,안전운전불이행,건조,맑음,교차로 - 교차로부근,승용,남,71세,상해없음,이륜,남,42세,경상
2021121000100606,2021년 12월 10일 21시,금요일,광주광역시 광산구 송정동,중상사고,0,1,1,0,차대차 - 측면충돌,안전운전불이행,건조,맑음,교차로 - 교차로부근,원동기,남,19세,중상,승용,남,34세,경상
2021121000100607,2021년 12월 10일 21시,금요일,광주광역시 광산구 쌍암동,경상사고,0,0,1,0,차대차 - 기타,안전운전불이행,건조,맑음,교차로 - 교차로안,승용,남,65세,경상,승용,남,62세,기타불명
2021121000100630,2021년 12월 10일 22시,금요일,광주광역시 서구 치평동,중상사고,0,1,0,0,차대사람 - 횡단중,중앙선침범,건조,맑음,교차로 - 교차로부근,승용,남,55세,상해없음,보행자,남,57세,중상
2021121000100651,2021년 12월 10일 23시,금요일,광주광역시 광산구 송정동,경상사고,0,0,3,0,차대차 - 추돌,안전운전불이행,건조,맑음,단일로 - 기타,승용,여,56세,상해없음,승용,남,47세,경상
2021121000100652,2021년 12월 10일 23시,금요일,광주광역시 광산구 신가동,경상사고,0,0,1,0,차대차 - 기타,안전운전불이행,건조,맑음,교차로 - 교차로부근,승용,남,44세,상해없음,승용,남,62세,경상
2021121100100035,2021년 12월 11일 01시,토요일,광주광역시 북구 임동,경상사고,0,0,1,0,차량단독 - 기타,기타,건조,맑음,단일로 - 기타,승용,남,67세,상해없음,,,,
2021121100100036,2021년 12월 11일 01시,토요일,광주광역시 북구 중흥동,중상사고,0,1,0,0,차대차 - 기타,안전운전불이행,건조,맑음,단일로 - 기타,승용,남,46세,상해없음,이륜,남,22세,중상
2021121100100099,2021년 12월 11일 08시,토요일,광주광역시 북구 우산동,사망사고,1,0,0,0,차대차 - 측면충돌,안전운전불이행,건조,맑음,교차로 - 교차로안,승용,남,55세,상해없음,자전거,여,43세,사망
2021121100100147,2021년 12월 11일 10시,토요일,광주광역시 서구 유촌동,경상사고,0,0,3,0,차대차 - 측면충돌,직진우회전진행방해,건조,맑음,교차로 - 교차로안,화물,남,77세,경상,승용,남,76세,경상
2021121100100148,2021년 12월 11일 10시,토요일,광주광역시 북구 풍향동,경상사고,0,0,1,0,차대차 - 기타,교차로운행방법위반,건조,맑음,교차로 - 교차로안,승용,여,24세,상해없음,화물,남,66세,경상
2021121100100175,2021년 12월 11일 11시,토요일,광주광역시 광산구 산정동,경상사고,0,0,1,0,차대사람 - 횡단중,보행자보호의무위반,건조,맑음,교차로 - 교차로안,승용,남,68세,상해없음,보행자,여,54세,경상
2021121100100176,2021년 12월 11일 11시,토요일,광주광역시 광산구 소촌동,경상사고,0,0,4,0,차대차 - 기타,기타,건조,맑음,교차로 - 교차로부근,승용,남,25세,경상,승용,여,72세,상해없음
2021121100100215,2021년 12월 11일 12시,토요일,광주광역시 광산구 월계동,경상사고,0,0,1,0,차대차 - 측면충돌,안전운전불이행,건조,맑음,교차로 - 교차로안,화물,남,53세,상해없음,승용,여,58세,경상
2021121100100216,2021년 12월 11일 12시,토요일,광주광역시 광산구 수완동,경상사고,0,0,4,0,차대차 - 기타,안전거리미확보,건조,맑음,단일로 - 기타,승용,여,37세,상해없음,승용,남,44세,경상
2021121100100266,2021년 12월 11일 14시,토요일,광주광역시 서구 농성동,부상신고사고,0,0,0,1,차대차 - 기타,안전운전불이행,건조,맑음,교차로 - 교차로부근,승용,남,40세,상해없음,이륜,남,34세,부상신고
2021121100100267,2021년 12월 11일 14시,토요일,광주광역시 서구 치평동,경상사고,0,0,1,0,차대차 - 기타,안전운전불이행,건조,맑음,단일로 - 기타,승용,남,36세,상해없음,이륜,남,26세,경상
2021121100100268,2021년 12월 11일 14시,토요일,광주광역시 서구 광천동,경상사고,0,0,1,0,차대차 - 추돌,안전운전불이행,건조,맑음,단일로 - 기타,승용,남,59세,상해없음,승용,남,62세,경상
2021121100100269,2021년 12월 11일 14시,토요일,광주광역시 남구 봉선동,경상사고,0,0,1,0,차대차 - 기타,안전거리미확보,건조,맑음,단일로 - 기타,승용,남,62세,상해없음,승용,남,58세,경상
2021121100100270,2021년 12월 11일 14시,토요일,광주광역시 광산구 월계동,경상사고,0,0,1,1,차대차 - 측면충돌,차로위반,건조,맑음,교차로 - 교차로부근,승용,여,48세,부상신고,승용,남,29세,경상
2021121100100372,2021년 12월 11일 17시,토요일,광주광역시 남구 백운동,경상사고,0,0,1,0,차대차 - 기타,신호위반,건조,맑음,교차로 - 교차로안,이륜,남,30세,상해없음,승용,남,33세,경상
2021121100100426,2021년 12월 11일 18시,토요일,광주광역시 북구 우산동,경상사고,0,0,1,0,차대차 - 측면충돌,교차로운행방법위반,건조,맑음,교차로 - 교차로안,승용,남,39세,상해없음,이륜,남,32세,경상
2021121100100458,2021년 12월 11일 19시,토요일,광주광역시 북구 두암동,경상사고,0,0,1,0,차대사람 - 보도통행중,기타,건조,맑음,단일로 - 기타,개인형이동수단(PM),남,22세,상해없음,보행자,남,30세,경상
2021121100100480,2021년 12월 11일 20시,토요일,광주광역시 광산구 장덕동,경상사고,0,0,1,0,차대차 - 측면충돌,안전운전불이행,건조,맑음,교차로 - 교차로안,화물,남,49세,상해없음,승용,남,60세,경상
2021121200100020,2021년 12월 12일 00시,일요일,광주광역시 남구 백운동,경상사고,0,0,1,0,차대차 - 기타,안전운전불이행,건조,맑음,교차로 - 교차로안,이륜,남,25세,상해없음,승용,남,49세,경상
2021121200100021,2021년 12월 12일 00시,일요일,광주광역시 북구 문흥동,경상사고,0,0,1,0,차대사람 - 차도통행중,안전운전불이행,건조,맑음,단일로 - 기타,개인형이동수단(PM),남,52세,상해없음,보행자,여,23세,경상
2021121200100030,2021년 12월 12일 01시,일요일,광주광역시 서구 치평동,경상사고,0,0,1,0,차대차 - 기타,안전운전불이행,건조,맑음,단일로 - 기타,승용,남,18세,기타불명,승용,남,18세,경상
2021121200100031,2021년 12월 12일 01시,일요일,광주광역시 광산구 월곡동,경상사고,0,0,3,0,차대차 - 기타,안전운전불이행,건조,맑음,교차로 - 교차로안,승용,남,31세,상해없음,승용,남,61세,경상
2021121200100048,2021년 12월 12일 04시,일요일,광주광역시 서구 치평동,경상사고,0,0,1,0,차대차 - 정면충돌,중앙선침범,건조,맑음,단일로 - 기타,승용,남,37세,상해없음,이륜,남,36세,경상
2021121200100097,2021년 12월 12일 10시,일요일,광주광역시 서구 금호동,경상사고,0,0,2,0,차대차 - 측면충돌,교차로운행방법위반,건조,맑음,교차로 - 교차로안,승용,여,62세,경상,승용,여,57세,경상
2021121200100098,2021년 12월 12일 10시,일요일,광주광역시 남구 노대동,경상사고,0,0,2,0,차대차 - 기타,안전거리미확보,건조,맑음,단일로 - 기타,승용,남,74세,상해없음,승용,남,64세,경상
2021121200100167,2021년 12월 12일 13시,일요일,광주광역시 동구 충장로2가,경상사고,0,0,1,0,차대차 - 측면충돌,안전운전불이행,건조,맑음,단일로 - 기타,승용,여,45세,상해없음,이륜,남,22세,경상
2021121200100193,2021년 12월 12일 14시,일요일,광주광역시 남구 방림동,경상사고,0,0,1,0,차대차 - 측면충돌,교차로운행방법위반,건조,맑음,교차로 - 교차로안,승용,남,39세,기타불명,이륜,남,37세,경상
2021121200100224,2021년 12월 12일 15시,일요일,광주광역시 광산구 흑석동,경상사고,0,0,1,0,차대차 - 측면충돌,신호위반,건조,맑음,교차로 - 교차로횡단보도내,승용,남,59세,상해없음,자전거,남,54세,경상
2021121200100250,2021년 12월 12일 16시,일요일,광주광역시 서구 치평동,경상사고,0,0,1,0,차대차 - 측면충돌,교차로운행방법위반,건조,맑음,교차로 - 교차로안,승용,여,55세,상해없음,승용,여,54세,경상
2021121200100251,2021년 12월 12일 16시,일요일,광주광역시 광산구 송정동,경상사고,0,0,1,0,차대차 - 기타,신호위반,건조,맑음,단일로 - 기타,승용,남,19세,상해없음,자전거,남,42세,경상
2021121200100310,2021년 12월 12일 18시,일요일,광주광역시 서구 농성동,경상사고,0,0,2,0,차대차 - 기타,안전운전불이행,건조,맑음,교차로 - 교차로안,승용,여,50세,상해없음,승용,여,51세,경상
2021121200100311,2021년 12월 12일 18시,일요일,광주광역시 북구 연제동,경상사고,0,0,1,0,차대차 - 기타,직진우회전진행방해,건조,흐림,교차로 - 교차로안,승용,남,41세,상해없음,이륜,남,17세,경상
2021121200100341,2021년 12월 12일 19시,일요일,광주광역시 서구 치평동,경상사고,0,0,1,0,차대사람 - 횡단중,보행자보호의무위반,건조,맑음,교차로 - 교차로횡단보도내,승합,남,52세,상해없음,보행자,여,76세,경상
2021121200100365,2021년 12월 12일 20시,일요일,광주광역시 북구 문흥동,중상사고,0,1,0,0,차대차 - 추돌,안전운전불이행,건조,맑음,교차로 - 교차로부근,이륜,남,34세,중상,화물,남,43세,기타불명
2021121200100366,2021년 12월 12일 20시,일요일,광주광역시 광산구 장수동,경상사고,0,0,1,0,차대차 - 기타,안전거리미확보,건조,맑음,단일로 - 기타,승용,남,23세,상해없음,승용,여,40세,경상
2021121200100385,2021년 12월 12일 21시,일요일,광주광역시 북구 오치동,경상사고,0,0,2,0,차대차 - 추돌,안전운전불이행,건조,맑음,교차로 - 교차로부근,승용,남,23세,상해없음,승용,남,62세,경상
2021121300100028,2021년 12월 13일 04시,월요일,광주광역시 북구 신안동,경상사고,0,0,2,0,차대차 - 정면충돌,신호위반,건조,흐림,교차로 - 교차로안,건설기계,남,63세,상해없음,승용,남,26세,경상
2021121300100059,2021년 12월 13일 06시,월요일,광주광역시 서구 벽진동,경상사고,0,0,1,0,차대차 - 측면충돌,안전거리미확보,건조,맑음,단일로 - 기타,승용,남,64세,상해없음,화물,남,55세,상해없음
2021121300100082,2021년 12월 13일 07시,월요일,광주광역시 광산구 송정동,경상사고,0,0,1,0,차대차 - 측면충돌,신호위반,건조,맑음,교차로 - 교차로안,자전거,남,60세,상해없음,승용,남,56세,경상
2021121300100083,2021년 12월 13일 07시,월요일,광주광역시 광산구 연산동,중상사고,0,1,0,0,차대사람 - 횡단중,보행자보호의무위반,건조,맑음,교차로 - 교차로부근,화물,남,32세,상해없음,보행자,남,61세,중상