사고번호,사고일시,요일,시군구,사고내용,사망자수,중상자수,경상자수,부상신고자수,사고유형,법규위반,노면상태,기상상태,도로형태,가해운전자 차종,가해운전자 성별,가해운전자 연령,가해운전자 상해정도,피해운전자 차종,피해운전자 성별,피해운전자 연령,피해운전자 상해정도
2021121800100346,2021년 12월 18일 15시,토요일,광주광역시 동구 계림동,부상신고사고,0,0,0,4,차대차 - 추돌,안전운전불이행,건조,맑음,단일로 - 기타,승용,남,60세,기타불명,승용,남,46세,부상신고
2021121800100347,2021년 12월 18일 15시,토요일,광주광역시 서구 동천동,경상사고,0,0,1,0,차대차 - 측면충돌,안전운전불이행,젖음/습기,맑음,단일로 - 기타,화물,남,18세,상해없음,화물,남,60세,상해없음
2021121800100348,2021년 12월 18일 15시,토요일,광주광역시 광산구 장덕동,경상사고,0,0,1,0,차대차 - 기타,안전운전불이행,서리/결빙,흐림,교차로 - 교차로부근,승용,남,46세,상해없음,승용,남,66세,경상
2021121800100397,2021년 12월 18일 16시,토요일,광주광역시 북구 양산동,경상사고,0,0,2,0,차대차 - 측면충돌,안전운전불이행,건조,맑음,단일로 - 기타,승용,남,58세,상해없음,승용,여,30세,경상
2021121800100488,2021년 12월 18일 18시,토요일,광주광역시 서구 치평동,경상사고,0,0,1,0,차대사람 - 횡단중,신호위반,젖음/습기,흐림,교차로 - 교차로부근,이륜,남,23세,상해없음,보행자,여,27세,경상
2021121800100545,2021년 12월 18일 20시,토요일,광주광역시 북구 신용동,경상사고,0,0,1,0,차대차 - 측면충돌,신호위반,건조,맑음,교차로 - 교차로안,승용,남,64세,상해없음,이륜,남,22세,경상
2021121800100576,2021년 12월 18일 21시,토요일,광주광역시 서구 쌍촌동,경상사고,0,0,1,0,차대사람 - 기타,안전운전불이행,젖음/습기,눈,단일로 - 기타,승용,남,42세,상해없음,보행자,남,29세,경상
2021121800100577,2021년 12월 18일 21시,토요일,광주광역시 광산구 신가동,경상사고,0,0,1,0,차대차 - 측면충돌,중앙선침범,건조,맑음,교차로 - 교차로횡단보도내,개인형이동수단(PM),남,49세,경상,승용,남,62세,상해없음
2021121800100578,2021년 12월 18일 21시,토요일,광주광역시 광산구 산정동,부상신고사고,0,0,0,1,차대차 - 측면충돌,안전운전불이행,건조,맑음,단일로 - 기타,승용,남,52세,상해없음,승용,남,27세,부상신고
2021121900100037,2021년 12월 19일 05시,일요일,광주광역시 광산구 연산동,중상사고,0,1,0,0,차대차 - 측면충돌,신호위반,서리/결빙,눈,교차로 - 교차로안,승용,남,53세,상해없음,승용,남,34세,중상
2021121900100078,2021년 12월 19일 10시,일요일,광주광역시 서구 금호동,경상사고,0,0,1,0,차대차 - 기타,안전운전불이행,건조,맑음,교차로 - 교차로안,승용,남,70세,상해없음,승용,남,50세,경상
2021121900100117,2021년 12월 19일 12시,일요일,광주광역시 서구 금호동,경상사고,0,0,2,1,차대차 - 기타,신호위반,건조,맑음,교차로 - 교차로안,승용,여,38세,부상신고,승용,여,40세,경상
2021121900100147,2021년 12월 19일 13시,일요일,광주광역시 서구 풍암동,경상사고,0,0,1,0,차대차 - 측면충돌,중앙선침범,건조,맑음,단일로 - 기타,승용,남,63세,상해없음,승용,남,48세,경상
2021121900100148,2021년 12월 19일 13시,일요일,광주광역시 광산구 수완동,경상사고,0,0,1,0,차대사람 - 횡단중,보행자보호의무위반,건조,맑음,교차로 - 교차로안,승용,여,53세,상해없음,보행자,남,9세,경상
2021121900100236,2021년 12월 19일 17시,일요일,광주광역시 서구 풍암동,중상사고,0,1,0,0,차대차 - 측면충돌,안전운전불이행,건조,맑음,단일로 - 기타,승용,남,51세,상해없음,이륜,남,39세,중상
2021121900100287,2021년 12월 19일 19시,일요일,광주광역시 북구 일곡동,경상사고,0,0,1,0,차대차 - 기타,교차로운행방법위반,건조,맑음,교차로 - 교차로안,승용,여,54세,상해없음,승용,남,54세,경상
2021121900100343,2021년 12월 19일 21시,일요일,광주광역시 북구 동림동,경상사고,0,0,1,0,차대차 - 기타,신호위반,건조,맑음,교차로 - 교차로안,이륜,남,22세,상해없음,이륜,남,57세,경상
2021121900100355,2021년 12월 19일 22시,일요일,광주광역시 서구 쌍촌동,경상사고,0,0,2,0,차대차 - 기타,직진우회전진행방해,건조,맑음,교차로 - 교차로안,승용,남,29세,경상,승용,남,75세,경상
2021122000100029,2021년 12월 20일 06시,월요일,광주광역시 북구 문흥동,경상사고,0,0,1,0,차대차 - 기타,안전운전불이행,건조,맑음,단일로 - 기타,기타불명,기타불명,미분류,기타불명,승용,남,25세,경상
2021122000100053,2021년 12월 20일 07시,월요일,광주광역시 남구 봉선동,경상사고,0,0,1,0,차대차 - 측면충돌,안전운전불이행,건조,맑음,기타 - 기타,화물,남,62세,기타불명,승용,여,65세,경상
2021122000100054,2021년 12월 20일 07시,월요일,광주광역시 광산구 운수동,경상사고,0,0,2,0,차대차 - 측면충돌,안전운전불이행,건조,맑음,단일로 - 기타,화물,남,57세,상해없음,화물,남,50세,경상
2021122000100055,2021년 12월 20일 07시,월요일,광주광역시 광산구 하남동,경상사고,0,0,1,0,차대사람 - 횡단중,보행자보호의무위반,건조,맑음,교차로 - 교차로횡단보도내,승용,남,42세,상해없음,보행자,남,14세,경상
2021122000100088,2021년 12월 20일 08시,월요일,광주광역시 동구 학동,경상사고,0,0,1,0,차대차 - 측면충돌,신호위반,건조,맑음,교차로 - 교차로안,승용,남,82세,상해없음,승용,여,61세,경상
2021122000100089,2021년 12월 20일 08시,월요일,광주광역시 광산구 송정동,경상사고,0,0,1,0,차대차 - 기타,안전운전불이행,건조,맑음,교차로 - 교차로안,승용,남,35세,기타불명,승용,여,34세,경상
2021122000100141,2021년 12월 20일 10시,월요일,광주광역시 북구 일곡동,경상사고,0,0,1,0,차대차 - 기타,안전운전불이행,건조,맑음,교차로 - 교차로안,승용,남,72세,상해없음,승용,여,40세,경상
2021122000100214,2021년 12월 20일 12시,월요일,광주광역시 북구 임동,경상사고,0,0,2,0,차대차 - 측면충돌,차로위반,건조,맑음,교차로 - 교차로부근,승용,남,58세,경상,승용,남,64세,경상
2021122000100365,2021년 12월 20일 16시,월요일,광주광역시 북구 오치동,경상사고,0,0,1,0,차대사람 - 기타,안전운전불이행,건조,맑음,단일로 - 기타,승용,여,66세,기타불명,보행자,남,47세,경상
2021122000100487,2021년 12월 20일 18시,월요일,광주광역시 서구 치평동,경상사고,0,0,1,0,차대차 - 기타,중앙선침범,건조,맑음,단일로 - 기타,승용,남,21세,상해없음,이륜,남,45세,경상
2021122000100488,2021년 12월 20일 18시,월요일,광주광역시 서구 치평동,경상사고,0,0,1,0,차대차 - 추돌,안전운전불이행,건조,맑음,단일로 - 기타,승용,여,40세,상해없음,승용,여,44세,경상
2021122000100489,2021년 12월 20일 18시,월요일,광주광역시 북구 용봉동,경상사고,0,0,2,0,차대차 - 측면충돌,안전거리미확보,건조,맑음,교차로 - 교차로안,승용,남,34세,상해없음,화물,남,57세,경상
2021122000100490,2021년 12월 20일 18시,월요일,광주광역시 광산구 월계동,경상사고,0,0,2,0,차대차 - 기타,신호위반,건조,맑음,교차로 - 교차로안,승용,남,23세,상해없음,승용,남,42세,경상
2021122000100570,2021년 12월 20일 20시,월요일,광주광역시 서구 광천동,경상사고,0,0,2,0,차대차 - 추돌,안전거리미확보,건조,맑음,교차로 - 교차로부근,이륜,남,28세,상해없음,승용,남,25세,경상
2021122100100043,2021년 12월 21일 06시,화요일,광주광역시 광산구 신가동,중상사고,0,1,0,0,차대차 - 측면충돌,신호위반,건조,맑음,교차로 - 교차로안,승용,남,26세,상해없음,승용,남,61세,중상
2021122100100105,2021년 12월 21일 08시,화요일,광주광역시 서구 치평동,경상사고,0,0,1,0,차대차 - 측면충돌,안전운전불이행,건조,맑음,교차로 - 교차로안,승용,여,46세,상해없음,승용,여,30세,경상
2021122100100156,2021년 12월 21일 10시,화요일,광주광역시 광산구 옥동,경상사고,0,0,1,0,차대차 - 측면충돌,안전운전불이행,건조,맑음,교차로 - 교차로부근,승용,남,39세,상해없음,건설기계,남,55세,경상
2021122100100209,2021년 12월 21일 12시,화요일,광주광역시 동구 궁동,중상사고,0,1,0,0,차대차 - 측면충돌,중앙선침범,건조,맑음,단일로 - 기타,승용,남,68세,상해없음,이륜,남,33세,중상
2021122100100235,2021년 12월 21일 13시,화요일,광주광역시 동구 지산동,경상사고,0,0,1,0,차대차 - 기타,교차로운행방법위반,건조,맑음,교차로 - 교차로안,승합,여,53세,상해없음,승용,여,60세,경상
2021122100100236,2021년 12월 21일 13시,화요일,광주광역시 광산구 쌍암동,경상사고,0,0,1,0,차대차 - 기타,중앙선침범,건조,맑음,단일로 - 기타,승용,남,22세,상해없음,이륜,남,33세,경상
2021122100100297,2021년 12월 21일 15시,화요일,광주광역시 북구 누문동,경상사고,0,0,2,0,차대차 - 측면충돌,안전운전불이행,건조,맑음,단일로 - 기타,화물,남,30세,상해없음,승합,남,44세,상해없음
2021122100100316,2021년 12월 21일 16시,화요일,광주광역시 남구 월산동,부상신고사고,0,0,0,2,차대차 - 기타,안전운전불이행,건조,맑음,교차로 - 교차로안,승용,여,52세,상해없음,승용,남,24세,부상신고
2021122100100317,2021년 12월 21일 16시,화요일,광주광역시 광산구 산정동,경상사고,0,0,1,0,차대차 - 측면충돌,안전운전불이행,건조,맑음,교차로 - 교차로안,승용,남,68세,상해없음,승용,남,40세,경상
2021122100100358,2021년 12월 21일 17시,화요일,광주광역시 서구 화정동,중상사고,0,1,1,0,차대차 - 측면충돌,차로위반,건조,맑음,단일로 - 기타,화물,남,65세,상해없음,승합,남,61세,경상
2021122100100416,2021년 12월 21일 18시,화요일,광주광역시 서구 치평동,경상사고,0,0,2,0,차대차 - 측면충돌,중앙선침범,건조,맑음,교차로 - 교차로부근,승용,여,74세,상해없음,승용,남,27세,경상
2021122100100418,2021년 12월 21일 18시,화요일,광주광역시 광산구 도산동,경상사고,0,0,1,0,차대차 - 측면충돌,안전운전불이행,건조,맑음,교차로 - 교차로안,승합,여,51세,상해없음,자전거,남,77세,경상
2021122100100419,2021년 12월 21일 18시,화요일,광주광역시 광산구 신가동,경상사고,0,0,3,0,차대차 - 측면충돌,안전거리미확보,건조,맑음,단일로 - 기타,승용,남,68세,기타불명,승용,여,55세,경상
2021122100100460,2021년 12월 21일 19시,화요일,광주광역시 북구 두암동,경상사고,0,0,2,0,차대차 - 기타,안전운전불이행,건조,맑음,단일로 - 기타,승용,남,36세,상해없음,승용,남,52세,경상
2021122100100461,2021년 12월 21일 19시,화요일,광주광역시 광산구 삼거동,경상사고,0,0,3,0,차대차 - 측면충돌,안전운전불이행,건조,맑음,단일로 - 기타,승용,남,23세,상해없음,승용,남,27세,경상
2021122200100060,2021년 12월 22일 07시,수요일,광주광역시 동구 계림동,중상사고,0,1,0,0,차대사람 - 횡단중,안전운전불이행,건조,맑음,단일로 - 기타,화물,남,42세,기타불명,보행자,남,63세,중상
2021122200100061,2021년 12월 22일 07시,수요일,광주광역시 북구 임동,중상사고,0,1,0,0,차대차 - 측면충돌,안전운전불이행,건조,맑음,단일로 - 기타,승용,남,58세,상해없음,승용,여,48세,중상
2021122200100089,2021년 12월 22일 08시,수요일,광주광역시 서구 화정동,경상사고,0,0,1,0,차대차 - 기타,안전운전불이행,건조,맑음,단일로 - 기타,승용,여,50세,상해없음,개인형이동수단(PM),남,50세,경상
2021122200100090,2021년 12월 22일 08시,수요일,광주광역시 광산구 수완동,경상사고,0,0,1,0,차대차 - 측면충돌,신호위반,건조,맑음,교차로 - 교차로안,승용,남,76세,상해없음,화물,남,48세,경상
2021122200100134,2021년 12월 22일 09시,수요일,광주광역시 서구 유촌동,경상사고,0,0,1,0,차대차 - 추돌,안전거리미확보,건조,맑음,교차로 - 교차로부근,승용,여,35세,상해없음,승용,여,24세,경상
2021122200100161,2021년 12월 22일 10시,수요일,광주광역시 북구 각화동,중상사고,0,1,0,0,차대사람 - 기타,안전운전불이행,건조,맑음,단일로 - 기타,건설기계,남,63세,상해없음,보행자,여,82세,중상
2021122200100189,2021년 12월 22일 11시,수요일,광주광역시 동구 금남로2가,경상사고,0,0,1,0,차대차 - 측면충돌,안전운전불이행,건조,맑음,단일로 - 기타,승용,여,62세,경상,승용,남,32세,상해없음
2021122200100224,2021년 12월 22일 12시,수요일,광주광역시 북구 두암동,중상사고,0,1,0,0,차대사람 - 횡단중,신호위반,건조,맑음,교차로 - 교차로횡단보도내,승용,여,49세,상해없음,보행자,여,62세,중상
2021122200100263,2021년 12월 22일 13시,수요일,광주광역시 서구 농성동,경상사고,0,0,1,0,차대차 - 측면충돌,중앙선침범,건조,맑음,단일로 - 기타,승용,여,57세,상해없음,승용,남,58세,경상
2021122200100299,2021년 12월 22일 14시,수요일,광주광역시 북구 대촌동,경상사고,0,0,1,0,차대차 - 추돌,안전운전불이행,건조,맑음,교차로 - 교차로안,승용,여,83세,기타불명,승용,남,43세,경상
2021122200100421,2021년 12월 22일 17시,수요일,광주광역시 북구 중흥동,경상사고,0,0,2,0,차대차 - 측면충돌,안전운전불이행,건조,맑음,단일로 - 기타,승용,남,22세,상해없음,승용,남,47세,경상
2021122200100470,2021년 12월 22일 18시,수요일,광주광역시 북구 신안동,경상사고,0,0,1,0,차대차 - 추돌,안전운전불이행,건조,맑음,단일로 - 기타,승용,남,60세,상해없음,승용,남,40세,경상
2021122200100471,2021년 12월 22일 18시,수요일,광주광역시 북구 오룡동,경상사고,0,0,3,0,차대차 - 측면충돌,안전운전불이행,건조,맑음,교차로 - 교차로안,승용,남,81세,경상,승용,남,34세,경상
2021122200100472,2021년 12월 22일 18시,수요일,광주광역시 북구 본촌동,경상사고,0,0,1,0,차대차 - 측면충돌,중앙선침범,건조,맑음,단일로 - 기타,승용,여,56세,상해없음,승용,남,27세,경상
2021122200100473,2021년 12월 22일 18시,수요일,광주광역시 광산구 장덕동,경상사고,0,0,4,0,차대차 - 기타,교차로운행방법위반,건조,맑음,교차로 - 교차로안,승용,남,28세,기타불명,승용,남,33세,경상
2021122200100520,2021년 12월 22일 19시,수요일,광주광역시 서구 광천동,경상사고,0,0,1,0,차대사람 - 횡단중,보행자보호의무위반,건조,맑음,단일로 - 기타,승용,여,26세,상해없음,보행자,여,31세,경상
2021122200100521,2021년 12월 22일 19시,수요일,광주광역시 북구 두암동,경상사고,0,0,2,0,차대차 - 추돌,안전운전불이행,건조,흐림,단일로 - 기타,승용,여,64세,상해없음,승용,남,69세,경상
2021122200100546,2021년 12월 22일 20시,수요일,광주광역시 북구 두암동,경상사고,0,0,1,0,차대사람 - 횡단중,안전운전불이행,건조,맑음,교차로 - 교차로안,승용,남,25세,상해없음,보행자,여,56세,경상
2021122200100588,2021년 12월 22일 21시,수요일,광주광역시 광산구 도산동,경상사고,0,0,1,0,차대사람 - 기타,안전운전불이행,건조,맑음,단일로 - 기타,승용,남,23세,상해없음,보행자,남,31세,경상
2021122200100589,2021년 12월 22일 21시,수요일,광주광역시 광산구 월곡동,중상사고,0,1,0,0,차대사람 - 기타,안전운전불이행,건조,맑음,기타 - 기타,개인형이동수단(PM),남,36세,상해없음,보행자,남,55세,중상
2021122200100621,2021년 12월 22일 22시,수요일,광주광역시 서구 내방동,경상사고,0,0,1,0,차대차 - 추돌,안전운전불이행,건조,맑음,교차로 - 교차로부근,승용,남,67세,상해없음,승용,남,48세,경상
2021122300100011,2021년 12월 23일 03시,목요일,광주광역시 북구 동림동,중상사고,0,1,0,0,차대차 - 추돌,안전운전불이행,건조,흐림,단일로 - 기타,원동기,남,36세,중상,승용,남,51세,기타불명
2021122300100061,2021년 12월 23일 07시,목요일,광주광역시 광산구 도천동,경상사고,0,0,3,0,차대차 - 측면충돌,신호위반,건조,맑음,교차로 - 교차로안,승용,여,52세,경상,승용,남,44세,경상
2021122300100095,2021년 12월 23일 08시,목요일,광주광역시 광산구 송정동,중상사고,0,1,0,0,차대사람 - 횡단중,보행자보호의무위반,건조,맑음,교차로 - 교차로횡단보도내,승용,여,53세,상해없음,보행자,여,79세,중상
2021122300100146,2021년 12월 23일 10시,목요일,광주광역시 남구 임암동,사망사고,1,0,0,0,차대사람 - 횡단중,보행자보호의무위반,건조,맑음,교차로 - 교차로횡단보도내,건설기계,남,26세,상해없음,보행자,남,75세,사망
2021122300100173,2021년 12월 23일 11시,목요일,광주광역시 광산구 신촌동,경상사고,0,0,1,0,차대차 - 측면충돌,안전운전불이행,건조,맑음,단일로 - 기타,승용,남,64세,상해없음,승용,남,38세,경상
2021122300100174,2021년 12월 23일 11시,목요일,광주광역시 광산구 도천동,경상사고,0,0,1,0,차대차 - 기타,안전운전불이행,건조,맑음,단일로 - 기타,자전거,여,62세,경상,승용,남,30세,상해없음
2021122300100232,2021년 12월 23일 13시,목요일,광주광역시 남구 월산동,경상사고,0,0,1,0,차대차 - 측면충돌,차로위반,건조,맑음,단일로 - 기타,화물,남,51세,상해없음,승용,남,26세,경상
2021122300100327,2021년 12월 23일 16시,목요일,광주광역시 북구 양산동,경상사고,0,0,1,0,차대차 - 측면충돌,교차로운행방법위반,건조,맑음,교차로 - 교차로안,승용,남,66세,상해없음,승용,여,61세,경상
2021122300100377,2021년 12월 23일 17시,목요일,광주광역시 북구 오치동,경상사고,0,0,1,0,차대사람 - 기타,안전운전불이행,건조,맑음,단일로 - 기타,화물,남,51세,상해없음,보행자,여,11세,경상
2021122300100378,2021년 12월 23일 17시,목요일,광주광역시 광산구 본덕동,경상사고,0,0,1,0,차대차 - 추돌,안전운전불이행,건조,맑음,단일로 - 기타,화물,남,72세,상해없음,승용,여,56세,경상
2021122300100379,2021년 12월 23일 17시,목요일,광주광역시 광산구 수완동,경상사고,0,0,1,0,차대사람 - 횡단중,안전운전불이행,건조,맑음,단일로 - 기타,승용,남,53세,상해없음,보행자,남,8세,경상
2021122300100435,2021년 12월 23일 18시,목요일,광주광역시 서구 광천동,경상사고,0,0,1,0,차대차 - 측면충돌,안전거리미확보,건조,맑음,교차로 - 교차로부근,승용,남,38세,상해없음,이륜,남,19세,경상
2021122300100436,2021년 12월 23일 18시,목요일,광주광역시 서구 치평동,경상사고,0,0,1,0,차대사람 - 차도통행중,안전운전불이행,건조,맑음,단일로 - 기타,승용,남,58세,상해없음,보행자,여,62세,경상
2021122300100437,2021년 12월 23일 18시,목요일,광주광역시 서구 유촌동,경상사고,0,0,1,0,차대차 - 추돌,안전운전불이행,건조,맑음,단일로 - 기타,승용,남,49세,상해없음,승용,여,27세,경상
2021122300100438,2021년 12월 23일 18시,목요일,광주광역시 서구 쌍촌동,경상사고,0,0,1,0,차대차 - 추돌,안전거리미확보,건조,맑음,단일로 - 기타,승용,남,20세,상해없음,승용,여,44세,상해없음
2021122300100439,2021년 12월 23일 18시,목요일,광주광역시 광산구 월계동,경상사고,0,0,1,0,차대사람 - 횡단중,보행자보호의무위반,건조,맑음,단일로 - 기타,승용,남,18세,상해없음,보행자,여,10세,경상
2021122300100475,2021년 12월 23일 19시,목요일,광주광역시 북구 대촌동,경상사고,0,0,1,0,차대차 - 측면충돌,차로위반,건조,맑음,단일로 - 기타,승용,남,48세,상해없음,이륜,남,20세,경상
2021122300100476,2021년 12월 23일 19시,목요일,광주광역시 광산구 산월동,경상사고,0,0,2,0,차대차 - 측면충돌,안전운전불이행,건조,맑음,교차로 - 교차로안,승용,여,36세,경상,승용,남,37세,경상
2021122300100542,2021년 12월 23일 21시,목요일,광주광역시 광산구 장덕동,경상사고,0,0,1,0,차대사람 - 횡단중,보행자보호의무위반,건조,맑음,교차로 - 교차로횡단보도내,승용,여,58세,기타불명,보행자,여,61세,경상
2021122300100555,2021년 12월 23일 22시,목요일,광주광역시 서구 금호동,경상사고,0,0,1,0,차대차 - 측면충돌,안전운전불이행,건조,맑음,단일로 - 기타,승용,남,44세,상해없음,승용,남,55세,경상
2021122400100021,2021년 12월 24일 04시,금요일,광주광역시 광산구 신창동,경상사고,0,0,1,0,차대차 - 측면충돌,신호위반,건조,맑음,교차로 - 교차로안,승용,남,25세,상해없음,원동기,남,18세,경상
2021122400100044,2021년 12월 24일 06시,금요일,광주광역시 남구 방림동,중상사고,0,1,0,0,차대사람 - 보도통행중,보행자보호의무위반,건조,맑음,교차로 - 교차로부근,승용,남,24세,상해없음,보행자,여,72세,중상
2021122400100045,2021년 12월 24일 06시,금요일,광주광역시 광산구 우산동,경상사고,0,0,2,0,차대차 - 기타,교차로운행방법위반,건조,맑음,교차로 - 교차로안,승용,여,50세,경상,승용,남,60세,경상
2021122400100072,2021년 12월 24일 07시,금요일,광주광역시 광산구 송정동,경상사고,0,0,1,0,차대사람 - 기타,안전운전불이행,건조,흐림,단일로 - 기타,승용,남,65세,상해없음,보행자,여,22세,경상
2021122400100099,2021년 12월 24일 08시,금요일,광주광역시 북구 용봉동,경상사고,0,0,1,0,차대차 - 측면충돌,교차로운행방법위반,건조,맑음,교차로 - 교차로안,승용,여,42세,상해없음,자전거,남,16세,경상
2021122400100125,2021년 12월 24일 09시,금요일,광주광역시 광산구 우산동,경상사고,0,0,1,0,차대차 - 기타,안전거리미확보,건조,맑음,단일로 - 기타,승용,남,27세,상해없음,승용,남,51세,경상
2021122400100145,2021년 12월 24일 10시,금요일,광주광역시 광산구 우산동,경상사고,0,0,2,0,차대차 - 추돌,안전운전불이행,건조,맑음,단일로 - 기타,승용,남,72세,상해없음,승용,남,29세,경상
2021122400100207,2021년 12월 24일 12시,금요일,광주광역시 남구 서동,경상사고,0,0,1,0,차대차 - 추돌,안전운전불이행,건조,맑음,단일로 - 기타,승용,여,67세,상해없음,승용,여,52세,경상
2021122400100208,2021년 12월 24일 12시,금요일,광주광역시 광산구 신가동,경상사고,0,0,1,0,차대차 - 기타,중앙선침범,건조,맑음,단일로 - 기타,승용,여,29세,상해없음,자전거,남,64세,경상
2021122400100255,2021년 12월 24일 14시,금요일,광주광역시 서구 화정동,경상사고,0,0,1,0,차대차 - 추돌,안전운전불이행,건조,맑음,단일로 - 기타,승용,남,55세,상해없음,화물,남,52세,경상
2021122400100256,2021년 12월 24일 14시,금요일,광주광역시 서구 광천동,중상사고,0,1,0,0,차대차 - 기타,안전거리미확보,건조,맑음,단일로 - 기타,승합,남,56세,상해없음,이륜,남,43세,중상
2021122400100293,2021년 12월 24일 15시,금요일,광주광역시 광산구 우산동,경상사고,0,0,1,1,차대차 - 측면충돌,직진우회전진행방해,건조,맑음,교차로 - 교차로안,승용,남,66세,부상신고,승용,남,47세,경상
2021122400100329,2021년 12월 24일 16시,금요일,광주광역시 북구 오치동,경상사고,0,0,2,0,차대차 - 측면충돌,교차로운행방법위반,건조,맑음,교차로 - 교차로안,화물,남,49세,경상,승용,남,69세,경상
2021122400100378,2021년 12월 24일 17시,금요일,광주광역시 동구 학동,경상사고,0,0,1,0,차대차 - 추돌,안전운전불이행,건조,맑음,단일로 - 터널,승용,남,79세,상해없음,승용,여,24세,경상
2021122400100379,2021년 12월 24일 17시,금요일,광주광역시 동구 충장로1가,부상신고사고,0,0,0,1,차대사람 - 보도통행중,안전운전불이행,건조,맑음,단일로 - 기타,기타불명,기타불명,미분류,기타불명,보행자,남,33세,부상신고
2021122400100380,2021년 12월 24일 17시,금요일,광주광역시 서구 광천동,중상사고,0,1,0,0,차대사람 - 횡단중,안전운전불이행,건조,맑음,교차로 - 교차로안,승용,여,49세,상해없음,보행자,여,9세,중상
2021122400100382,2021년 12월 24일 17시,금요일,광주광역시 남구 진월동,경상사고,0,0,3,1,차대차 - 추돌,안전거리미확보,건조,맑음,단일로 - 기타,승용,남,79세,상해없음,승용,여,64세,경상
2021122400100383,2021년 12월 24일 17시,금요일,광주광역시 광산구 신가동,경상사고,0,0,2,0,차대차 - 측면충돌,안전운전불이행,건조,맑음,단일로 - 기타,이륜,여,42세,경상,승용,남,60세,경상
2021122400100384,2021년 12월 24일 17시,금요일,광주광역시 광산구 신가동,경상사고,0,0,1,0,차대차 - 기타,차로위반,건조,맑음,단일로 - 기타,기타불명,기타불명,미분류,기타불명,승용,여,56세,경상
2021122400100385,2021년 12월 24일 17시,금요일,광주광역시 광산구 선암동,경상사고,0,0,5,0,차대차 - 측면충돌,차로위반,건조,맑음,단일로 - 기타,승용,남,42세,경상,건설기계,남,61세,경상
2021122400100442,2021년 12월 24일 18시,금요일,광주광역시 북구 북동,경상사고,0,0,2,0,차대차 - 추돌,안전운전불이행,건조,맑음,단일로 - 기타,승용,남,75세,상해없음,승용,남,28세,경상
2021122400100505,2021년 12월 24일 19시,금요일,광주광역시 서구 쌍촌동,경상사고,0,0,1,0,차대사람 - 기타,신호위반,건조,맑음,교차로 - 교차로안,승용,남,66세,상해없음,보행자,남,11세,경상
2021122400100506,2021년 12월 24일 19시,금요일,광주광역시 서구 치평동,중상사고,0,1,0,0,차대사람 - 기타,안전운전불이행,건조,맑음,교차로 - 교차로부근,승용,남,26세,상해없음,보행자,남,25세,중상
2021122400100507,2021년 12월 24일 19시,금요일,광주광역시 북구 문흥동,경상사고,0,0,1,0,차대사람 - 횡단중,보행자보호의무위반,건조,맑음,교차로 - 교차로횡단보도내,승용,남,57세,상해없음,보행자,남,30세,경상
2021122400100596,2021년 12월 24일 21시,금요일,광주광역시 광산구 하남동,경상사고,0,0,2,1,차대차 - 추돌,안전운전불이행,건조,맑음,단일로 - 기타,승용,남,55세,부상신고,승합,남,61세,경상
2021122400100627,2021년 12월 24일 22시,금요일,광주광역시 광산구 신가동,경상사고,0,0,2,0,차대차 - 후진중충돌,안전운전불이행,건조,맑음,교차로 - 교차로안,승용,남,53세,상해없음,승용,남,35세,경상
2021122400100642,2021년 12월 24일 23시,금요일,광주광역시 동구 학동,중상사고,0,1,0,0,차대차 - 측면충돌,안전운전불이행,건조,맑음,교차로 - 교차로부근,승용,남,25세,상해없음,이륜,남,19세,중상
2021122500100102,2021년 12월 25일 11시,토요일,광주광역시 동구 지산동,경상사고,0,0,1,0,차대사람 - 횡단중,안전운전불이행,건조,맑음,교차로 - 교차로부근,원동기,남,41세,상해없음,보행자,여,31세,경상
2021122500100103,2021년 12월 25일 11시,토요일,광주광역시 광산구 산정동,경상사고,0,0,1,0,차대차 - 측면충돌,차로위반,건조,맑음,단일로 - 기타,승용,남,65세,상해없음,화물,남,46세,경상
2021122500100162,2021년 12월 25일 13시,토요일,광주광역시 서구 광천동,경상사고,0,0,2,0,차대차 - 추돌,안전거리미확보,건조,맑음,단일로 - 기타,승용,여,43세,경상,승용,남,26세,경상
2021122500100163,2021년 12월 25일 13시,토요일,광주광역시 북구 용봉동,중상사고,0,1,0,0,차대차 - 기타,안전운전불이행,건조,맑음,교차로 - 교차로부근,승용,남,65세,상해없음,이륜,남,48세,중상
2021122500100192,2021년 12월 25일 14시,토요일,광주광역시 북구 오치동,경상사고,0,0,1,0,차대차 - 측면충돌,교차로운행방법위반,건조,맑음,교차로 - 교차로안,원동기,남,20세,경상,승용,남,48세,상해없음
2021122500100242,2021년 12월 25일 16시,토요일,광주광역시 광산구 선암동,경상사고,0,0,4,0,차대차 - 추돌,안전운전불이행,젖음/습기,눈,단일로 - 기타,승용,남,65세,상해없음,승용,남,64세,경상
2021122500100270,2021년 12월 25일 17시,토요일,광주광역시 북구 문흥동,경상사고,0,0,1,0,차대사람 - 보도통행중,보행자보호의무위반,건조,맑음,단일로 - 기타,승용,여,51세,상해없음,보행자,남,86세,경상