사고번호,사고일시,요일,시군구,사고내용,사망자수,중상자수,경상자수,부상신고자수,사고유형,법규위반,노면상태,기상상태,도로형태,가해운전자 차종,가해운전자 성별,가해운전자 연령,가해운전자 상해정도,피해운전자 차종,피해운전자 성별,피해운전자 연령,피해운전자 상해정도
2021122500100333,2021년 12월 25일 19시,토요일,광주광역시 서구 농성동,중상사고,0,3,0,0,차대차 - 측면충돌,중앙선침범,건조,맑음,교차로 - 교차로부근,이륜,남,22세,상해없음,승용,여,29세,중상
2021122500100358,2021년 12월 25일 20시,토요일,광주광역시 동구 황금동,경상사고,0,0,1,0,차대사람 - 기타,안전운전불이행,건조,맑음,단일로 - 기타,승용,여,27세,상해없음,보행자,여,19세,경상
2021122500100412,2021년 12월 25일 22시,토요일,광주광역시 서구 서창동,경상사고,0,0,1,0,차대차 - 기타,안전운전불이행,서리/결빙,눈,단일로 - 교량,기타불명,기타불명,미분류,기타불명,승용,남,40세,경상
2021122500100424,2021년 12월 25일 23시,토요일,광주광역시 동구 대인동,경상사고,0,0,1,0,차대차 - 정면충돌,신호위반,건조,맑음,교차로 - 교차로안,승용,남,24세,기타불명,승용,남,48세,경상
2021122600100006,2021년 12월 26일 00시,일요일,광주광역시 광산구 소촌동,경상사고,0,0,2,0,차대차 - 측면충돌,안전운전불이행,적설,눈,단일로 - 기타,승용,남,45세,상해없음,승용,여,39세,경상
2021122600100052,2021년 12월 26일 10시,일요일,광주광역시 광산구 송정동,경상사고,0,0,1,0,차대사람 - 기타,안전운전불이행,건조,맑음,단일로 - 교량,승용,남,61세,상해없음,보행자,남,27세,경상
2021122600100066,2021년 12월 26일 11시,일요일,광주광역시 광산구 신가동,경상사고,0,0,1,0,차대차 - 정면충돌,안전운전불이행,건조,맑음,단일로 - 기타,이륜,남,16세,경상,승용,남,25세,상해없음
2021122600100084,2021년 12월 26일 12시,일요일,광주광역시 남구 방림동,경상사고,0,0,2,0,차대차 - 측면충돌,신호위반,건조,맑음,교차로 - 교차로안,이륜,남,47세,경상,승용,여,47세,경상
2021122600100116,2021년 12월 26일 13시,일요일,광주광역시 동구 충장로4가,경상사고,0,0,1,0,차대차 - 측면충돌,안전운전불이행,건조,맑음,단일로 - 기타,승용,남,42세,상해없음,승용,여,49세,경상
2021122600100117,2021년 12월 26일 13시,일요일,광주광역시 광산구 도덕동,경상사고,0,0,2,0,차대차 - 기타,안전운전불이행,서리/결빙,눈,단일로 - 기타,승용,남,45세,상해없음,승용,남,27세,경상
2021122600100147,2021년 12월 26일 14시,일요일,광주광역시 남구 진월동,경상사고,0,0,1,0,차대차 - 기타,교차로운행방법위반,건조,맑음,교차로 - 교차로안,승용,여,43세,상해없음,원동기,남,22세,경상
2021122600100148,2021년 12월 26일 14시,일요일,광주광역시 북구 용봉동,중상사고,0,1,0,0,차대차 - 측면충돌,안전운전불이행,건조,맑음,단일로 - 기타,승용,남,70세,상해없음,원동기,남,25세,중상
2021122600100172,2021년 12월 26일 15시,일요일,광주광역시 서구 치평동,경상사고,0,0,1,0,차대차 - 기타,안전운전불이행,건조,맑음,교차로 - 교차로안,승용,남,49세,상해없음,이륜,남,42세,경상
2021122600100199,2021년 12월 26일 16시,일요일,광주광역시 남구 월산동,경상사고,0,0,1,0,차대사람 - 기타,안전운전불이행,건조,맑음,단일로 - 기타,승용,여,39세,상해없음,보행자,남,47세,경상
2021122600100200,2021년 12월 26일 16시,일요일,광주광역시 북구 용봉동,경상사고,0,0,1,0,차대차 - 측면충돌,안전운전불이행,건조,맑음,교차로 - 교차로부근,승용,남,63세,상해없음,이륜,남,39세,경상
2021122600100219,2021년 12월 26일 17시,일요일,광주광역시 서구 쌍촌동,경상사고,0,0,1,0,차대차 - 기타,신호위반,건조,맑음,교차로 - 교차로안,승용,남,65세,상해없음,승용,남,30세,경상
2021122600100220,2021년 12월 26일 17시,일요일,광주광역시 광산구 월계동,경상사고,0,0,2,0,차대차 - 측면충돌,안전운전불이행,건조,맑음,단일로 - 기타,자전거,남,11세,경상,이륜,남,41세,경상
2021122600100259,2021년 12월 26일 18시,일요일,광주광역시 서구 농성동,중상사고,0,1,1,0,차대차 - 기타,안전거리미확보,건조,맑음,단일로 - 기타,이륜,남,18세,중상,승용,남,20세,경상
2021122600100312,2021년 12월 26일 20시,일요일,광주광역시 광산구 산월동,경상사고,0,0,1,0,차대차 - 측면충돌,안전운전불이행,건조,맑음,단일로 - 기타,이륜,남,32세,상해없음,이륜,남,18세,경상
2021122600100334,2021년 12월 26일 21시,일요일,광주광역시 남구 백운동,경상사고,0,0,1,0,차대차 - 측면충돌,교차로운행방법위반,건조,맑음,교차로 - 교차로안,승용,남,29세,상해없음,승용,남,58세,경상
2021122600100335,2021년 12월 26일 21시,일요일,광주광역시 북구 두암동,경상사고,0,0,1,0,차대차 - 기타,신호위반,건조,맑음,교차로 - 교차로안,기타불명,기타불명,미분류,기타불명,이륜,남,20세,경상
2021122600100336,2021년 12월 26일 21시,일요일,광주광역시 광산구 소촌동,경상사고,0,0,1,0,차대차 - 측면충돌,신호위반,건조,맑음,교차로 - 교차로안,승용,남,62세,기타불명,승용,남,45세,경상
2021122700100118,2021년 12월 27일 09시,월요일,광주광역시 동구 학동,부상신고사고,0,0,0,1,차대차 - 측면충돌,직진우회전진행방해,건조,맑음,교차로 - 교차로안,개인형이동수단(PM),여,21세,부상신고,승용,남,69세,상해없음
2021122700100146,2021년 12월 27일 10시,월요일,광주광역시 북구 동림동,경상사고,0,0,1,0,차대사람 - 기타,안전운전불이행,건조,맑음,단일로 - 기타,화물,남,37세,상해없음,보행자,남,76세,경상
2021122700100147,2021년 12월 27일 10시,월요일,광주광역시 북구 문흥동,경상사고,0,0,1,0,차대차 - 측면충돌,안전거리미확보,건조,맑음,단일로 - 기타,승용,여,53세,상해없음,승합,남,51세,상해없음
2021122700100176,2021년 12월 27일 11시,월요일,광주광역시 서구 화정동,경상사고,0,0,1,0,차대차 - 측면충돌,교차로운행방법위반,건조,맑음,교차로 - 교차로안,승용,남,71세,기타불명,승용,여,39세,경상
2021122700100177,2021년 12월 27일 11시,월요일,광주광역시 광산구 도산동,중상사고,0,1,0,0,차대차 - 측면충돌,교차로운행방법위반,건조,맑음,교차로 - 교차로안,승용,남,60세,상해없음,자전거,여,76세,중상
2021122700100343,2021년 12월 27일 16시,월요일,광주광역시 광산구 하남동,경상사고,0,0,1,0,차대차 - 측면충돌,안전운전불이행,건조,맑음,단일로 - 기타,이륜,남,24세,경상,승용,남,45세,상해없음
2021122700100344,2021년 12월 27일 16시,월요일,광주광역시 광산구 하남동,부상신고사고,0,0,0,1,차대차 - 측면충돌,신호위반,건조,흐림,교차로 - 교차로안,이륜,남,30세,부상신고,승용,여,53세,상해없음
2021122700100533,2021년 12월 27일 21시,월요일,광주광역시 동구 학동,경상사고,0,0,1,0,차대차 - 기타,직진우회전진행방해,건조,맑음,교차로 - 교차로안,승합,여,54세,상해없음,이륜,남,21세,경상
2021122700100534,2021년 12월 27일 21시,월요일,광주광역시 동구 수기동,경상사고,0,0,1,0,차대차 - 기타,안전운전불이행,건조,맑음,단일로 - 기타,승용,남,22세,상해없음,승용,여,55세,경상
2021122700100535,2021년 12월 27일 21시,월요일,광주광역시 북구 운암동,경상사고,0,0,1,0,차대차 - 측면충돌,안전운전불이행,건조,흐림,단일로 - 기타,원동기,남,44세,경상,승용,남,59세,상해없음
2021122800100007,2021년 12월 28일 00시,화요일,광주광역시 북구 오치동,중상사고,0,1,0,0,차대차 - 추돌,안전운전불이행,건조,맑음,단일로 - 기타,승용,남,43세,중상,승용,남,28세,상해없음
2021122800100076,2021년 12월 28일 07시,화요일,광주광역시 북구 동림동,경상사고,0,0,4,0,차대차 - 후진중충돌,안전운전불이행,건조,맑음,단일로 - 기타,건설기계,남,48세,상해없음,화물,남,47세,경상
2021122800100139,2021년 12월 28일 09시,화요일,광주광역시 서구 화정동,경상사고,0,0,1,0,차대차 - 측면충돌,안전운전불이행,건조,맑음,단일로 - 기타,승용,남,22세,경상,승용,남,65세,상해없음
2021122800100140,2021년 12월 28일 09시,화요일,광주광역시 광산구 신창동,경상사고,0,0,1,0,차대차 - 추돌,안전운전불이행,건조,맑음,단일로 - 기타,이륜,남,18세,경상,화물,남,55세,상해없음
2021122800100164,2021년 12월 28일 10시,화요일,광주광역시 동구 학동,부상신고사고,0,0,0,1,차대차 - 추돌,안전거리미확보,건조,맑음,단일로 - 기타,화물,남,47세,상해없음,이륜,남,54세,부상신고
2021122800100188,2021년 12월 28일 11시,화요일,광주광역시 남구 노대동,경상사고,0,0,1,0,차대차 - 기타,안전거리미확보,건조,맑음,단일로 - 기타,승용,남,57세,상해없음,승용,여,62세,경상
2021122800100189,2021년 12월 28일 11시,화요일,광주광역시 남구 주월동,중상사고,0,1,1,0,차대차 - 추돌,안전운전불이행,건조,맑음,단일로 - 기타,화물,남,49세,상해없음,승용,남,67세,경상
2021122800100190,2021년 12월 28일 11시,화요일,광주광역시 북구 신안동,경상사고,0,0,1,1,차대차 - 기타,직진우회전진행방해,건조,맑음,교차로 - 교차로안,승용,남,54세,경상,이륜,남,28세,부상신고
2021122800100264,2021년 12월 28일 14시,화요일,광주광역시 북구 용봉동,경상사고,0,0,1,0,차대차 - 추돌,안전운전불이행,건조,맑음,교차로 - 교차로부근,승용,남,58세,상해없음,이륜,남,50세,경상
2021122800100287,2021년 12월 28일 15시,화요일,광주광역시 서구 치평동,경상사고,0,0,1,0,차대사람 - 횡단중,보행자보호의무위반,건조,맑음,교차로 - 교차로횡단보도내,승용,남,52세,상해없음,보행자,여,24세,경상
2021122800100288,2021년 12월 28일 15시,화요일,광주광역시 북구 일곡동,경상사고,0,0,1,0,차대차 - 기타,차로위반,건조,맑음,단일로 - 기타,승용,여,60세,상해없음,승용,남,52세,경상
2021122800100315,2021년 12월 28일 16시,화요일,광주광역시 광산구 수완동,경상사고,0,0,2,0,차대차 - 추돌,안전운전불이행,건조,맑음,단일로 - 기타,승용,남,58세,상해없음,승용,남,42세,경상
2021122800100352,2021년 12월 28일 17시,화요일,광주광역시 광산구 송정동,중상사고,0,1,0,0,차대사람 - 보도통행중,기타,건조,맑음,단일로 - 기타,승용,남,47세,상해없음,보행자,여,67세,중상
2021122800100398,2021년 12월 28일 18시,화요일,광주광역시 서구 치평동,경상사고,0,0,2,0,차대차 - 추돌,안전운전불이행,건조,맑음,단일로 - 기타,화물,남,61세,상해없음,승용,여,31세,경상
2021122800100437,2021년 12월 28일 19시,화요일,광주광역시 북구 운암동,경상사고,0,0,1,1,차대차 - 측면충돌,신호위반,건조,맑음,교차로 - 교차로안,이륜,남,58세,부상신고,승용,남,50세,경상
2021122800100500,2021년 12월 28일 21시,화요일,광주광역시 남구 노대동,경상사고,0,0,1,0,차대차 - 측면충돌,교차로운행방법위반,건조,맑음,교차로 - 교차로안,승용,남,38세,상해없음,승용,남,25세,경상
2021122800100501,2021년 12월 28일 21시,화요일,광주광역시 북구 두암동,경상사고,0,0,1,0,차대사람 - 기타,안전운전불이행,건조,맑음,기타 - 기타,개인형이동수단(PM),남,23세,기타불명,보행자,여,26세,경상
2021122800100502,2021년 12월 28일 21시,화요일,광주광역시 북구 중흥동,경상사고,0,0,1,0,차대차 - 기타,안전운전불이행,건조,맑음,단일로 - 기타,승용,남,20세,상해없음,승용,남,31세,경상
2021122800100534,2021년 12월 28일 22시,화요일,광주광역시 서구 치평동,경상사고,0,0,1,0,차대차 - 추돌,안전운전불이행,건조,맑음,단일로 - 기타,승용,남,52세,상해없음,이륜,남,35세,경상
2021122900100014,2021년 12월 29일 02시,수요일,광주광역시 광산구 오선동,경상사고,0,0,1,0,차대차 - 기타,신호위반,건조,맑음,교차로 - 교차로안,화물,남,37세,상해없음,승용,남,38세,경상
2021122900100084,2021년 12월 29일 08시,수요일,광주광역시 북구 매곡동,경상사고,0,0,1,0,차대사람 - 기타,안전운전불이행,건조,맑음,교차로 - 교차로안,승용,여,36세,상해없음,보행자,남,14세,경상
2021122900100110,2021년 12월 29일 09시,수요일,광주광역시 동구 충장로5가,중상사고,0,1,0,0,차대사람 - 기타,신호위반,건조,맑음,단일로 - 기타,승용,여,67세,상해없음,보행자,여,28세,중상
2021122900100132,2021년 12월 29일 10시,수요일,광주광역시 서구 치평동,경상사고,0,0,1,0,차대차 - 기타,신호위반,건조,맑음,교차로 - 교차로안,승용,여,45세,상해없음,승용,여,52세,경상
2021122900100162,2021년 12월 29일 11시,수요일,광주광역시 북구 운암동,경상사고,0,0,1,0,차대사람 - 기타,안전운전불이행,건조,맑음,단일로 - 기타,승용,남,64세,상해없음,보행자,남,32세,경상
2021122900100189,2021년 12월 29일 12시,수요일,광주광역시 서구 매월동,중상사고,0,1,1,0,차대차 - 측면충돌,직진우회전진행방해,건조,맑음,교차로 - 교차로안,화물,여,59세,경상,승용,남,60세,중상
2021122900100190,2021년 12월 29일 12시,수요일,광주광역시 남구 봉선동,경상사고,0,0,1,0,차대차 - 측면충돌,안전운전불이행,건조,맑음,교차로 - 교차로안,화물,남,39세,상해없음,이륜,남,54세,경상
2021122900100218,2021년 12월 29일 13시,수요일,광주광역시 서구 농성동,경상사고,0,0,2,0,차대차 - 기타,교차로운행방법위반,건조,맑음,교차로 - 교차로안,이륜,남,43세,경상,이륜,남,37세,경상
2021122900100249,2021년 12월 29일 14시,수요일,광주광역시 북구 매곡동,경상사고,0,0,1,0,차대사람 - 보도통행중,보행자보호의무위반,건조,맑음,교차로 - 교차로횡단보도내,승용,남,62세,상해없음,보행자,여,63세,경상
2021122900100284,2021년 12월 29일 15시,수요일,광주광역시 서구 화정동,경상사고,0,0,1,0,차대차 - 기타,직진우회전진행방해,건조,맑음,교차로 - 교차로안,승용,남,54세,상해없음,원동기,남,29세,경상
2021122900100285,2021년 12월 29일 15시,수요일,광주광역시 서구 광천동,경상사고,0,0,2,0,차대차 - 측면충돌,안전거리미확보,건조,맑음,단일로 - 기타,승합,남,71세,상해없음,승용,여,43세,경상
2021122900100286,2021년 12월 29일 15시,수요일,광주광역시 북구 운암동,부상신고사고,0,0,0,1,차대차 - 측면충돌,안전운전불이행,건조,맑음,단일로 - 기타,승용,여,26세,상해없음,이륜,남,16세,상해없음
2021122900100365,2021년 12월 29일 17시,수요일,광주광역시 북구 문흥동,중상사고,0,1,0,0,차대사람 - 횡단중,보행자보호의무위반,건조,맑음,교차로 - 교차로횡단보도내,승용,남,65세,상해없음,보행자,남,74세,중상
2021122900100434,2021년 12월 29일 18시,수요일,광주광역시 동구 학동,경상사고,0,0,2,0,차대차 - 정면충돌,신호위반,건조,맑음,단일로 - 기타,이륜,남,51세,경상,승용,여,46세,경상
2021122900100435,2021년 12월 29일 18시,수요일,광주광역시 서구 동천동,경상사고,0,0,1,0,차대차 - 기타,안전운전불이행,건조,맑음,단일로 - 기타,승용,남,31세,상해없음,화물,남,45세,경상
2021122900100437,2021년 12월 29일 18시,수요일,광주광역시 북구 신안동,경상사고,0,0,1,0,차대차 - 추돌,안전운전불이행,건조,맑음,단일로 - 기타,승용,남,75세,상해없음,화물,남,41세,경상
2021122900100471,2021년 12월 29일 19시,수요일,광주광역시 서구 치평동,경상사고,0,0,2,0,차대차 - 기타,불법유턴,건조,맑음,단일로 - 기타,승용,남,48세,상해없음,승용,남,27세,경상
2021122900100472,2021년 12월 29일 19시,수요일,광주광역시 광산구 도산동,경상사고,0,0,1,0,차대사람 - 횡단중,중앙선침범,건조,맑음,단일로 - 기타,승용,남,63세,상해없음,보행자,남,72세,경상
2021122900100502,2021년 12월 29일 20시,수요일,광주광역시 광산구 우산동,경상사고,0,0,2,0,차대차 - 측면충돌,교차로운행방법위반,건조,맑음,교차로 - 교차로안,승용,남,53세,경상,승용,여,51세,경상
2021122900100503,2021년 12월 29일 20시,수요일,광주광역시 광산구 쌍암동,경상사고,0,0,1,0,차대차 - 측면충돌,안전거리미확보,건조,맑음,단일로 - 기타,승용,여,61세,상해없음,승용,남,38세,경상
2021122900100504,2021년 12월 29일 20시,수요일,광주광역시 광산구 장덕동,경상사고,0,0,2,0,차대차 - 측면충돌,교차로운행방법위반,건조,맑음,교차로 - 교차로안,승용,남,42세,상해없음,승용,여,19세,경상
2021122900100531,2021년 12월 29일 21시,수요일,광주광역시 서구 쌍촌동,경상사고,0,0,4,0,차대차 - 측면충돌,차로위반,건조,맑음,단일로 - 기타,건설기계,남,50세,상해없음,승용,여,20세,경상
2021122900100532,2021년 12월 29일 21시,수요일,광주광역시 광산구 신촌동,경상사고,0,0,3,0,차대차 - 측면충돌,안전운전불이행,건조,맑음,단일로 - 기타,승용,여,44세,상해없음,승용,남,25세,경상
2021122900100533,2021년 12월 29일 21시,수요일,광주광역시 광산구 수완동,부상신고사고,0,0,0,1,차대차 - 기타,불법유턴,건조,맑음,교차로 - 교차로안,승용,남,25세,상해없음,이륜,남,30세,부상신고
2021122900100555,2021년 12월 29일 22시,수요일,광주광역시 서구 치평동,경상사고,0,0,3,0,차대차 - 측면충돌,안전운전불이행,건조,맑음,교차로 - 교차로안,승용,남,25세,상해없음,승용,남,43세,경상
2021122900100556,2021년 12월 29일 22시,수요일,광주광역시 북구 일곡동,경상사고,0,0,1,0,차대차 - 측면충돌,안전운전불이행,건조,맑음,주차장 - 주차장,승용,남,54세,상해없음,승용,남,47세,경상
2021122900100557,2021년 12월 29일 22시,수요일,광주광역시 광산구 신창동,경상사고,0,0,1,0,차대차 - 추돌,안전운전불이행,건조,맑음,기타 - 기타,화물,남,37세,상해없음,승용,남,35세,경상
2021123000100009,2021년 12월 30일 00시,목요일,광주광역시 서구 유촌동,경상사고,0,0,1,0,차대사람 - 기타,안전운전불이행,건조,맑음,교차로 - 교차로부근,승용,남,67세,상해없음,보행자,남,29세,경상
2021123000100034,2021년 12월 30일 06시,목요일,광주광역시 광산구 산정동,경상사고,0,0,1,0,차대차 - 측면충돌,신호위반,건조,맑음,교차로 - 교차로안,승용,남,34세,상해없음,승용,남,38세,경상
2021123000100080,2021년 12월 30일 08시,목요일,광주광역시 동구 산수동,경상사고,0,0,1,0,차대사람 - 기타,기타,건조,맑음,단일로 - 기타,승합,남,55세,상해없음,보행자,여,42세,경상
2021123000100081,2021년 12월 30일 08시,목요일,광주광역시 광산구 월곡동,경상사고,0,0,1,0,차대사람 - 횡단중,신호위반,건조,맑음,단일로 - 기타,기타불명,기타불명,미분류,기타불명,보행자,남,15세,경상
2021123000100108,2021년 12월 30일 09시,목요일,광주광역시 서구 쌍촌동,경상사고,0,0,1,0,차대차 - 후진중충돌,안전운전불이행,건조,맑음,단일로 - 기타,화물,남,62세,상해없음,이륜,남,40세,경상
2021123000100236,2021년 12월 30일 13시,목요일,광주광역시 북구 유동,경상사고,0,0,1,0,차대차 - 측면충돌,안전거리미확보,건조,흐림,단일로 - 기타,승용,여,68세,상해없음,승용,남,50세,경상
2021123000100262,2021년 12월 30일 14시,목요일,광주광역시 북구 문흥동,경상사고,0,0,3,0,차대차 - 측면충돌,안전거리미확보,건조,맑음,단일로 - 기타,승용,여,71세,경상,승용,여,24세,경상
2021123000100287,2021년 12월 30일 15시,목요일,광주광역시 서구 광천동,경상사고,0,0,1,0,차대사람 - 횡단중,보행자보호의무위반,건조,맑음,단일로 - 기타,승용,남,45세,상해없음,보행자,여,26세,경상
2021123000100327,2021년 12월 30일 16시,목요일,광주광역시 동구 수기동,중상사고,0,1,0,0,차대사람 - 횡단중,안전운전불이행,건조,맑음,단일로 - 기타,화물,남,39세,상해없음,보행자,남,48세,중상
2021123000100328,2021년 12월 30일 16시,목요일,광주광역시 북구 매곡동,중상사고,0,1,0,0,차대차 - 추돌,안전운전불이행,건조,맑음,교차로 - 교차로부근,승용,남,78세,상해없음,이륜,남,24세,중상
2021123000100371,2021년 12월 30일 17시,목요일,광주광역시 서구 유촌동,경상사고,0,0,2,0,차대차 - 측면충돌,안전거리미확보,건조,맑음,단일로 - 기타,승용,여,28세,상해없음,승용,남,61세,경상
2021123000100436,2021년 12월 30일 18시,목요일,광주광역시 서구 치평동,중상사고,0,1,0,0,차대사람 - 횡단중,보행자보호의무위반,젖음/습기,눈,교차로 - 교차로안,승용,남,27세,상해없음,보행자,남,49세,중상
2021123000100437,2021년 12월 30일 18시,목요일,광주광역시 서구 쌍촌동,부상신고사고,0,0,0,1,차대차 - 추돌,안전거리미확보,젖음/습기,비,단일로 - 기타,이륜,여,24세,부상신고,승용,여,50세,상해없음
2021123000100438,2021년 12월 30일 18시,목요일,광주광역시 서구 화정동,경상사고,0,0,2,0,차대차 - 측면충돌,안전운전불이행,건조,맑음,단일로 - 기타,승용,여,37세,경상,승용,여,46세,경상
2021123000100439,2021년 12월 30일 18시,목요일,광주광역시 북구 임동,경상사고,0,0,1,0,차량단독 - 공작물충돌,안전운전불이행,건조,맑음,교차로 - 교차로부근,승용,남,71세,상해없음,,,,
2021123000100440,2021년 12월 30일 18시,목요일,광주광역시 광산구 우산동,경상사고,0,0,1,0,차대차 - 추돌,안전운전불이행,건조,맑음,단일로 - 기타,승용,남,83세,기타불명,화물,남,65세,경상
2021123000100533,2021년 12월 30일 20시,목요일,광주광역시 서구 매월동,중상사고,0,1,0,0,차량단독 - 기타,안전운전불이행,서리/결빙,눈,단일로 - 기타,승용,남,34세,중상,,,,
2021123000100534,2021년 12월 30일 20시,목요일,광주광역시 광산구 신가동,경상사고,0,0,1,0,차대사람 - 횡단중,보행자보호의무위반,건조,맑음,단일로 - 기타,이륜,남,19세,상해없음,보행자,남,55세,경상
2021123000100535,2021년 12월 30일 20시,목요일,광주광역시 광산구 운남동,중상사고,0,1,0,0,차대사람 - 횡단중,안전운전불이행,서리/결빙,눈,단일로 - 기타,승용,여,35세,상해없음,보행자,남,32세,중상
2021123000100536,2021년 12월 30일 20시,목요일,광주광역시 광산구 우산동,부상신고사고,0,0,0,1,차대차 - 측면충돌,교차로운행방법위반,적설,눈,교차로 - 교차로안,승용,남,59세,부상신고,승용,남,42세,상해없음
2021123000100584,2021년 12월 30일 21시,목요일,광주광역시 동구 소태동,중상사고,0,1,1,0,차대차 - 추돌,안전운전불이행,젖음/습기,눈,단일로 - 기타,승용,남,49세,상해없음,승용,여,53세,중상
2021123000100585,2021년 12월 30일 21시,목요일,광주광역시 동구 소태동,중상사고,0,1,0,0,차대사람 - 기타,안전운전불이행,젖음/습기,눈,단일로 - 기타,승용,남,51세,상해없음,보행자,여,53세,중상
2021123000100586,2021년 12월 30일 21시,목요일,광주광역시 서구 화정동,경상사고,0,0,1,0,차대사람 - 차도통행중,안전운전불이행,건조,맑음,교차로 - 교차로안,화물,남,50세,상해없음,보행자,남,30세,경상
2021123000100587,2021년 12월 30일 21시,목요일,광주광역시 서구 금호동,중상사고,0,1,0,0,차대차 - 기타,신호위반,건조,맑음,단일로 - 기타,승용,남,74세,상해없음,자전거,남,13세,중상
2021123000100588,2021년 12월 30일 21시,목요일,광주광역시 서구 금호동,경상사고,0,0,1,0,차대차 - 기타,불법유턴,젖음/습기,흐림,단일로 - 기타,승용,남,74세,상해없음,승용,남,24세,경상
2021123000100606,2021년 12월 30일 22시,목요일,광주광역시 광산구 쌍암동,경상사고,0,0,1,0,차대차 - 기타,교차로운행방법위반,건조,맑음,교차로 - 교차로안,승용,남,40세,상해없음,승용,여,30세,경상
2021123100100006,2021년 12월 31일 00시,금요일,광주광역시 광산구 장덕동,경상사고,0,0,2,0,차대차 - 추돌,안전운전불이행,젖음/습기,눈,교차로 - 교차로부근,승용,남,26세,상해없음,승용,남,30세,경상
2021123100100050,2021년 12월 31일 07시,금요일,광주광역시 서구 농성동,경상사고,0,0,1,0,차대차 - 기타,신호위반,건조,맑음,교차로 - 교차로안,승용,여,19세,상해없음,승합,남,66세,경상
2021123100100089,2021년 12월 31일 09시,금요일,광주광역시 서구 화정동,경상사고,0,0,3,0,차대차 - 추돌,안전운전불이행,건조,맑음,단일로 - 기타,승용,남,65세,상해없음,승용,남,41세,경상
2021123100100090,2021년 12월 31일 09시,금요일,광주광역시 북구 임동,경상사고,0,0,2,0,차대차 - 측면충돌,차로위반,건조,맑음,교차로 - 교차로부근,승용,남,63세,기타불명,승용,남,28세,경상
2021123100100179,2021년 12월 31일 12시,금요일,광주광역시 서구 풍암동,경상사고,0,0,1,0,차대사람 - 횡단중,보행자보호의무위반,건조,맑음,교차로 - 교차로횡단보도내,승용,남,59세,상해없음,보행자,여,3세,경상
2021123100100180,2021년 12월 31일 12시,금요일,광주광역시 서구 풍암동,경상사고,0,0,2,1,차대차 - 측면충돌,교차로운행방법위반,건조,맑음,단일로 - 기타,승용,여,63세,부상신고,승용,여,49세,경상
2021123100100310,2021년 12월 31일 15시,금요일,광주광역시 광산구 송정동,중상사고,0,1,0,0,차대차 - 측면충돌,직진우회전진행방해,건조,맑음,교차로 - 교차로안,이륜,남,23세,중상,화물,남,64세,상해없음
2021123100100350,2021년 12월 31일 16시,금요일,광주광역시 남구 봉선동,경상사고,0,0,1,0,차대사람 - 기타,보행자보호의무위반,건조,맑음,교차로 - 교차로횡단보도내,승용,남,67세,상해없음,보행자,여,58세,경상
2021123100100465,2021년 12월 31일 18시,금요일,광주광역시 서구 서창동,경상사고,0,0,1,0,차대차 - 추돌,안전운전불이행,건조,맑음,교차로 - 교차로부근,승용,남,30세,상해없음,승용,남,41세,경상
2021123100100466,2021년 12월 31일 18시,금요일,광주광역시 북구 운암동,경상사고,0,0,1,0,차대차 - 측면충돌,안전운전불이행,건조,맑음,단일로 - 기타,승용,여,49세,상해없음,승용,여,34세,경상
2021123100100467,2021년 12월 31일 18시,금요일,광주광역시 북구 우산동,경상사고,0,0,1,0,차대차 - 기타,신호위반,건조,맑음,교차로 - 교차로안,승용,남,43세,상해없음,이륜,남,20세,경상
2021123100100468,2021년 12월 31일 18시,금요일,광주광역시 광산구 월계동,중상사고,0,1,1,0,차대차 - 측면충돌,안전운전불이행,건조,맑음,교차로 - 교차로안,이륜,남,35세,중상,화물,남,69세,경상
2021123100100523,2021년 12월 31일 19시,금요일,광주광역시 서구 금호동,경상사고,0,0,3,0,차대차 - 기타,안전운전불이행,건조,맑음,교차로 - 교차로부근,승합,남,53세,상해없음,승용,남,46세,경상
2021123100100524,2021년 12월 31일 19시,금요일,광주광역시 광산구 우산동,경상사고,0,0,1,0,차대차 - 측면충돌,안전운전불이행,건조,맑음,교차로 - 교차로부근,승용,여,42세,상해없음,이륜,남,49세,경상
2021123100100525,2021년 12월 31일 19시,금요일,광주광역시 광산구 장덕동,경상사고,0,0,1,0,차대차 - 추돌,안전운전불이행,건조,맑음,교차로 - 교차로부근,승용,남,50세,상해없음,승용,남,34세,경상
2021123100100590,2021년 12월 31일 21시,금요일,광주광역시 북구 신용동,경상사고,0,0,1,0,차대차 - 기타,안전운전불이행,건조,맑음,단일로 - 기타,승용,여,55세,상해없음,이륜,남,41세,경상
2021123100100591,2021년 12월 31일 21시,금요일,광주광역시 북구 신용동,경상사고,0,0,1,0,차대차 - 기타,안전거리미확보,건조,맑음,교차로 - 교차로부근,승용,여,52세,상해없음,승용,남,63세,상해없음
2021123100100592,2021년 12월 31일 21시,금요일,광주광역시 북구 연제동,경상사고,0,0,1,0,차대차 - 측면충돌,안전운전불이행,건조,맑음,단일로 - 기타,승용,여,51세,상해없음,승용,남,56세,경상
2021123100100639,2021년 12월 31일 23시,금요일,광주광역시 서구 치평동,경상사고,0,0,1,0,차대차 - 기타,안전운전불이행,건조,맑음,교차로 - 교차로부근,승용,남,29세,상해없음,승용,남,46세,경상